This is XeTeX, Version 3.141592653-2.6-0.999997 (TeX Live 2025/Debian) (preloaded format=xelatex 2026.9.6)  8 SEP 2026 15:49
entering extended mode
 restricted \write18 enabled.
 %&-line parsing enabled.
**main.tex
(./main.tex
LaTeX2e <2025-11-01>
L3 programming layer <2026-01-19>
(./sagej.cls
Document Class: sagej 2017/01/17 v1.20\ sagej.cls
(/usr/share/texlive/texmf-dist/tex/latex/base/article.cls
Document Class: article 2025/01/22 v1.4n Standard LaTeX document class
(/usr/share/texlive/texmf-dist/tex/latex/base/size10.clo
File: size10.clo 2025/01/22 v1.4n Standard LaTeX file (size option)
)
\c@part=\count271
\c@section=\count272
\c@subsection=\count273
\c@subsubsection=\count274
\c@paragraph=\count275
\c@subparagraph=\count276
\c@figure=\count277
\c@table=\count278
\abovecaptionskip=\skip49
\belowcaptionskip=\skip50
\bibindent=\dimen148
)
(/usr/share/texlive/texmf-dist/tex/latex/psnfss/times.sty
Package: times 2020/03/25 PSNFSS-v9.3 (SPQR) 
)
(/usr/share/texlive/texmf-dist/tex/latex/psnfss/helvet.sty
Package: helvet 2020/03/25 PSNFSS-v9.3 (WaS) 

(/usr/share/texlive/texmf-dist/tex/latex/graphics/keyval.sty
Package: keyval 2022/05/29 v1.15 key=value parser (DPC)
\KV@toks@=\toks17
))
(/usr/share/texlive/texmf-dist/tex/latex/graphics/graphicx.sty
Package: graphicx 2024/12/31 v1.2e Enhanced LaTeX Graphics (DPC,SPQR)

(/usr/share/texlive/texmf-dist/tex/latex/graphics/graphics.sty
Package: graphics 2024/08/06 v1.4g Standard LaTeX Graphics (DPC,SPQR)

(/usr/share/texlive/texmf-dist/tex/latex/graphics/trig.sty
Package: trig 2023/12/02 v1.11 sin cos tan (DPC)
)
(/usr/share/texlive/texmf-dist/tex/latex/graphics-cfg/graphics.cfg
File: graphics.cfg 2016/06/04 v1.11 sample graphics configuration
)
Package graphics Info: Driver file: xetex.def on input line 106.

(/usr/share/texlive/texmf-dist/tex/latex/graphics-def/xetex.def
File: xetex.def 2025/11/01 v5.0p Graphics/color driver for xetex
))
\Gin@req@height=\dimen149
\Gin@req@width=\dimen150
)
(/usr/share/texlive/texmf-dist/tex/latex/base/latexsym.sty
Package: latexsym 1998/08/17 v2.2e Standard LaTeX package (lasy symbols)
\symlasy=\mathgroup4
LaTeX Font Info:    Overwriting symbol font `lasy' in version `bold'
(Font)                  U/lasy/m/n --> U/lasy/b/n on input line 52.
)
(/usr/share/texlive/texmf-dist/tex/latex/base/ifthen.sty
Package: ifthen 2024/03/16 v1.1e Standard LaTeX ifthen package (DPC)
)
(/usr/share/texlive/texmf-dist/tex/latex/graphics/rotating.sty
Package: rotating 2025/01/14 v2.16e rotated objects in LaTeX
\c@r@tfl@t=\count279
\rotFPtop=\skip51
\rotFPbot=\skip52
\rot@float@box=\box53
\rot@mess@toks=\toks18
)
(/usr/share/texlive/texmf-dist/tex/latex/tools/calc.sty
Package: calc 2025/03/01 v4.3b Infix arithmetic (KKT,FJ)
\calc@Acount=\count280
\calc@Bcount=\count281
\calc@Adimen=\dimen151
\calc@Bdimen=\dimen152
\calc@Askip=\skip53
\calc@Bskip=\skip54
LaTeX Info: Redefining \setlength on input line 86.
LaTeX Info: Redefining \addtolength on input line 87.
\calc@Ccount=\count282
\calc@Cskip=\skip55
)
(/usr/share/texlive/texmf-dist/tex/latex/textcase/textcase.sty
Package: textcase 2025/02/16 v1.05 Text only upper/lower case changing (DPC)
Package textcase Info: Defining Legacy names on input line 20.
)
(/usr/share/texlive/texmf-dist/tex/latex/booktabs/booktabs.sty
Package: booktabs 2020/01/12 v1.61803398 Publication quality tables
\heavyrulewidth=\dimen153
\lightrulewidth=\dimen154
\cmidrulewidth=\dimen155
\belowrulesep=\dimen156
\belowbottomsep=\dimen157
\aboverulesep=\dimen158
\abovetopsep=\dimen159
\cmidrulesep=\dimen160
\cmidrulekern=\dimen161
\defaultaddspace=\dimen162
\@cmidla=\count283
\@cmidlb=\count284
\@aboverulesep=\dimen163
\@belowrulesep=\dimen164
\@thisruleclass=\count285
\@lastruleclass=\count286
\@thisrulewidth=\dimen165
)
(/usr/share/texlive/texmf-dist/tex/latex/graphics/color.sty
Package: color 2025/01/14 v1.3e Standard LaTeX Color (DPC)

(/usr/share/texlive/texmf-dist/tex/latex/graphics-cfg/color.cfg
File: color.cfg 2016/01/02 v1.6 sample color configuration
)
Package color Info: Driver file: xetex.def on input line 149.

(/usr/share/texlive/texmf-dist/tex/latex/graphics/mathcolor.ltx))
(/usr/share/texlive/texmf-dist/tex/latex/endnotes/endnotes.sty
Invalid UTF-8 byte or sequence at line 118 replaced by U+FFFD.
Invalid UTF-8 byte or sequence at line 118 replaced by U+FFFD.
Invalid UTF-8 byte or sequence at line 121 replaced by U+FFFD.
Invalid UTF-8 byte or sequence at line 121 replaced by U+FFFD.
Package: endnotes 2020-01-02 endnotes package
\c@endnote=\count287
\endnotesep=\dimen166
\@enotes=\write3
)
(/usr/share/texlive/texmf-dist/tex/latex/amsfonts/amsfonts.sty
Package: amsfonts 2013/01/14 v3.01 Basic AMSFonts support
\@emptytoks=\toks19
\symAMSa=\mathgroup5
\symAMSb=\mathgroup6
LaTeX Font Info:    Redeclaring math symbol \hbar on input line 98.
LaTeX Font Info:    Overwriting math alphabet `\mathfrak' in version `bold'
(Font)                  U/euf/m/n --> U/euf/b/n on input line 106.
)
(/usr/share/texlive/texmf-dist/tex/latex/amsfonts/amssymb.sty
Package: amssymb 2013/01/14 v3.01 AMS font symbols
)
(/usr/share/texlive/texmf-dist/tex/latex/amsmath/amsbsy.sty
Package: amsbsy 1999/11/29 v1.2d Bold Symbols

(/usr/share/texlive/texmf-dist/tex/latex/amsmath/amsgen.sty
File: amsgen.sty 1999/11/30 v2.0 generic functions
\@emptytoks=\toks20
\ex@=\dimen167
)
\pmbraise@=\dimen168
)
(/usr/share/texlive/texmf-dist/tex/latex/amsmath/amsmath.sty
Package: amsmath 2025/07/09 v2.17z AMS math features
\@mathmargin=\skip56

For additional information on amsmath, use the `?' option.
(/usr/share/texlive/texmf-dist/tex/latex/amsmath/amstext.sty
Package: amstext 2024/11/17 v2.01 AMS text
)
(/usr/share/texlive/texmf-dist/tex/latex/amsmath/amsopn.sty
Package: amsopn 2022/04/08 v2.04 operator names
)
\inf@bad=\count288
LaTeX Info: Redefining \frac on input line 233.
\uproot@=\count289
\leftroot@=\count290
LaTeX Info: Redefining \overline on input line 398.
LaTeX Info: Redefining \colon on input line 409.
\classnum@=\count291
\DOTSCASE@=\count292
LaTeX Info: Redefining \ldots on input line 495.
LaTeX Info: Redefining \dots on input line 498.
LaTeX Info: Redefining \cdots on input line 619.
\Mathstrutbox@=\box54
\strutbox@=\box55
LaTeX Info: Redefining \big on input line 721.
LaTeX Info: Redefining \Big on input line 722.
LaTeX Info: Redefining \bigg on input line 723.
LaTeX Info: Redefining \Bigg on input line 724.
\big@size=\dimen169
LaTeX Font Info:    Redeclaring font encoding OML on input line 742.
LaTeX Font Info:    Redeclaring font encoding OMS on input line 743.
\macc@depth=\count293
LaTeX Info: Redefining \bmod on input line 904.
LaTeX Info: Redefining \pmod on input line 909.
LaTeX Info: Redefining \smash on input line 939.
LaTeX Info: Redefining \relbar on input line 969.
LaTeX Info: Redefining \Relbar on input line 970.
\c@MaxMatrixCols=\count294
\dotsspace@=\muskip17
\c@parentequation=\count295
\dspbrk@lvl=\count296
\tag@help=\toks21
\row@=\count297
\column@=\count298
\maxfields@=\count299
\andhelp@=\toks22
\eqnshift@=\dimen170
\alignsep@=\dimen171
\tagshift@=\dimen172
\tagwidth@=\dimen173
\totwidth@=\dimen174
\lineht@=\dimen175
\@envbody=\toks23
\multlinegap=\skip57
\multlinetaggap=\skip58
\mathdisplay@stack=\toks24
LaTeX Info: Redefining \[ on input line 2950.
LaTeX Info: Redefining \] on input line 2951.
)
(/usr/share/texlive/texmf-dist/tex/latex/amscls/amsthm.sty
Package: amsthm 2020/05/29 v2.20.6
\thm@style=\toks25
\thm@bodyfont=\toks26
\thm@headfont=\toks27
\thm@notefont=\toks28
\thm@headpunct=\toks29
\thm@preskip=\skip59
\thm@postskip=\skip60
\thm@headsep=\skip61
\dth@everypar=\toks30
)
(/usr/share/texlive/texmf-dist/tex/latex/base/tracefnt.sty
Package: tracefnt 2020/12/22 v3.0n Standard LaTeX package (font tracing)
\tracingfonts=\count300
LaTeX Info: Redefining \selectfont on input line 107.
Applying: [2021/06/01] Add hook to \selectfont  on input line 142.
Already applied: [0000/00/00] Add hook to \selectfont  on input line 145.
)
(/usr/share/texlive/texmf-dist/tex/latex/geometry/geometry.sty
Package: geometry 2020/01/02 v5.9 Page Geometry

(/usr/share/texlive/texmf-dist/tex/generic/iftex/ifvtex.sty
Package: ifvtex 2019/10/25 v1.7 ifvtex legacy package. Use iftex instead.

(/usr/share/texlive/texmf-dist/tex/generic/iftex/iftex.sty
Package: iftex 2024/12/12 v1.0g TeX engine tests
))
\Gm@cnth=\count301
\Gm@cntv=\count302
\c@Gm@tempcnt=\count303
\Gm@bindingoffset=\dimen176
\Gm@wd@mp=\dimen177
\Gm@odd@mp=\dimen178
\Gm@even@mp=\dimen179
\Gm@layoutwidth=\dimen180
\Gm@layoutheight=\dimen181
\Gm@layouthoffset=\dimen182
\Gm@layoutvoffset=\dimen183
\Gm@dimlist=\toks31
)
(/usr/share/texlive/texmf-dist/tex/latex/tools/ftnright.sty
Package: ftnright 2023/07/08 v1.1f footnote layout package (FMi)
\rcol@footinsskip=\skip62
\ftn@amount=\dimen184
)
\absbox=\box56
\@bls=\dimen185

(/usr/share/texlive/texmf-dist/tex/latex/caption/caption.sty
Package: caption 2023/08/05 v3.6o Customizing captions (AR)

(/usr/share/texlive/texmf-dist/tex/latex/caption/caption3.sty
Package: caption3 2023/07/31 v2.4d caption3 kernel (AR)
\caption@tempdima=\dimen186
\captionmargin=\dimen187
\caption@leftmargin=\dimen188
\caption@rightmargin=\dimen189
\caption@width=\dimen190
\caption@indent=\dimen191
\caption@parindent=\dimen192
\caption@hangindent=\dimen193
Package caption Info: Standard document class detected.
)
\c@caption@flags=\count304
\c@continuedfloat=\count305
Package caption Info: rotating package is loaded.
)
(/usr/share/texlive/texmf-dist/tex/latex/natbib/natbib.sty
Package: natbib 2010/09/13 8.31b (PWD, AO)
\bibhang=\skip63
\bibsep=\skip64
LaTeX Info: Redefining \cite on input line 694.
\c@NAT@ctr=\count306
))
(/usr/share/texlive/texmf-dist/tex/latex/moreverb/moreverb.sty
Package: moreverb 2008/06/03 v2.3a `more' verbatim facilities

(/usr/share/texlive/texmf-dist/tex/latex/tools/verbatim.sty
Package: verbatim 2024-01-22 v1.5x LaTeX2e package for verbatim enhancements
\every@verbatim=\toks32
\verbatim@line=\toks33
\verbatim@in@stream=\read2
)
\tab@position=\count307
\tab@size=\count308
\listing@line=\count309
)
(/usr/share/texlive/texmf-dist/tex/latex/url/url.sty
\Urlmuskip=\muskip18
Package: url 2013/09/16  ver 3.4  Verb mode for urls, etc.
)
(/usr/share/texlive/texmf-dist/tex/latex/enumitem/enumitem.sty
Package: enumitem 2025/02/06 v3.11 Customized lists
\labelindent=\skip65
\enit@outerparindent=\dimen194
\enit@toks=\toks34
\enit@inbox=\box57
\enit@count@id=\count310
\enitdp@description=\count311
)
(/usr/share/texlive/texmf-dist/tex/latex/psnfss/pifont.sty
Package: pifont 2020/03/25 PSNFSS-v9.3 Pi font support (SPQR) 
LaTeX Font Info:    Trying to load font information for U+pzd on input line 63.


(/usr/share/texlive/texmf-dist/tex/latex/psnfss/upzd.fd
File: upzd.fd 2001/06/04 font definitions for U/pzd.
)
LaTeX Font Info:    Trying to load font information for U+psy on input line 64.


(/usr/share/texlive/texmf-dist/tex/latex/psnfss/upsy.fd
File: upsy.fd 2001/06/04 font definitions for U/psy.
))
(/usr/share/texlive/texmf-dist/tex/latex/makecell/makecell.sty
Package: makecell 2009/08/03 V0.1e Managing of Tab Column Heads and Cells

(/usr/share/texlive/texmf-dist/tex/latex/tools/array.sty
Package: array 2025/09/25 v2.6n Tabular extension package (FMi)
\col@sep=\dimen195
\ar@mcellbox=\box58
\extrarowheight=\dimen196
\NC@list=\toks35
\extratabsurround=\skip66
\backup@length=\skip67
\ar@cellbox=\box59
)
\rotheadsize=\dimen197
\c@nlinenum=\count312
\TeXr@lab=\toks36
)
(/usr/share/texlive/texmf-dist/tex/latex/xcolor/xcolor.sty
Package: xcolor 2024/09/29 v3.02 LaTeX color extensions (UK)

(/usr/share/texlive/texmf-dist/tex/latex/graphics-cfg/color.cfg
File: color.cfg 2016/01/02 v1.6 sample color configuration
)
Package xcolor Info: Driver file: xetex.def on input line 274.
LaTeX Info: Redefining \color on input line 762.

(/usr/share/texlive/texmf-dist/tex/latex/graphics/mathcolor.ltx)
Package xcolor Info: Model `cmy' substituted by `cmy0' on input line 1349.
Package xcolor Info: Model `RGB' extended on input line 1365.
Package xcolor Info: Model `HTML' substituted by `rgb' on input line 1367.
Package xcolor Info: Model `Hsb' substituted by `hsb' on input line 1368.
Package xcolor Info: Model `tHsb' substituted by `hsb' on input line 1369.
Package xcolor Info: Model `HSB' substituted by `hsb' on input line 1370.
Package xcolor Info: Model `Gray' substituted by `gray' on input line 1371.
Package xcolor Info: Model `wave' substituted by `hsb' on input line 1372.
)
(/usr/share/texlive/texmf-dist/tex/latex/pgf/frontendlayer/tikz.sty
(/usr/share/texlive/texmf-dist/tex/latex/pgf/basiclayer/pgf.sty
(/usr/share/texlive/texmf-dist/tex/latex/pgf/utilities/pgfrcs.sty
(/usr/share/texlive/texmf-dist/tex/generic/pgf/utilities/pgfutil-common.tex
\pgfutil@everybye=\toks37
\pgfutil@tempdima=\dimen198
\pgfutil@tempdimb=\dimen199
)
(/usr/share/texlive/texmf-dist/tex/generic/pgf/utilities/pgfutil-latex.def
\pgfutil@abb=\box60
)
(/usr/share/texlive/texmf-dist/tex/generic/pgf/utilities/pgfrcs.code.tex
(/usr/share/texlive/texmf-dist/tex/generic/pgf/pgf.revision.tex)
Package: pgfrcs 2025-08-29 v3.1.11a (3.1.11a)
))
Package: pgf 2025-08-29 v3.1.11a (3.1.11a)

(/usr/share/texlive/texmf-dist/tex/latex/pgf/basiclayer/pgfcore.sty
(/usr/share/texlive/texmf-dist/tex/latex/pgf/systemlayer/pgfsys.sty
(/usr/share/texlive/texmf-dist/tex/generic/pgf/systemlayer/pgfsys.code.tex
Package: pgfsys 2025-08-29 v3.1.11a (3.1.11a)

(/usr/share/texlive/texmf-dist/tex/generic/pgf/utilities/pgfkeys.code.tex
\pgfkeys@pathtoks=\toks38
\pgfkeys@temptoks=\toks39

(/usr/share/texlive/texmf-dist/tex/generic/pgf/utilities/pgfkeyslibraryfiltered
.code.tex
\pgfkeys@tmptoks=\toks40
))
\pgf@x=\dimen256
\pgf@y=\dimen257
\pgf@xa=\dimen258
\pgf@ya=\dimen259
\pgf@xb=\dimen260
\pgf@yb=\dimen261
\pgf@xc=\dimen262
\pgf@yc=\dimen263
\pgf@xd=\dimen264
\pgf@yd=\dimen265
\w@pgf@writea=\write4
\r@pgf@reada=\read3
\c@pgf@counta=\count313
\c@pgf@countb=\count314
\c@pgf@countc=\count315
\c@pgf@countd=\count316
\t@pgf@toka=\toks41
\t@pgf@tokb=\toks42
\t@pgf@tokc=\toks43
\pgf@sys@id@count=\count317
 (/usr/share/texlive/texmf-dist/tex/generic/pgf/systemlayer/pgf.cfg
File: pgf.cfg 2025-08-29 v3.1.11a (3.1.11a)
)
Driver file for pgf: pgfsys-xetex.def
(/usr/share/texlive/texmf-dist/tex/generic/pgf/systemlayer/pgfsys-xetex.def
File: pgfsys-xetex.def 2025-08-29 v3.1.11a (3.1.11a)

(/usr/share/texlive/texmf-dist/tex/generic/pgf/systemlayer/pgfsys-dvipdfmx.def
File: pgfsys-dvipdfmx.def 2025-08-29 v3.1.11a (3.1.11a)

(/usr/share/texlive/texmf-dist/tex/generic/pgf/systemlayer/pgfsys-common-pdf.de
f
File: pgfsys-common-pdf.def 2025-08-29 v3.1.11a (3.1.11a)
)
\pgfsys@objnum=\count318
)))
(/usr/share/texlive/texmf-dist/tex/generic/pgf/systemlayer/pgfsyssoftpath.code.
tex
File: pgfsyssoftpath.code.tex 2025-08-29 v3.1.11a (3.1.11a)
\pgfsyssoftpath@smallbuffer@items=\count319
\pgfsyssoftpath@bigbuffer@items=\count320
)
(/usr/share/texlive/texmf-dist/tex/generic/pgf/systemlayer/pgfsysprotocol.code.
tex
File: pgfsysprotocol.code.tex 2025-08-29 v3.1.11a (3.1.11a)
))
(/usr/share/texlive/texmf-dist/tex/generic/pgf/basiclayer/pgfcore.code.tex
Package: pgfcore 2025-08-29 v3.1.11a (3.1.11a)

(/usr/share/texlive/texmf-dist/tex/generic/pgf/math/pgfmath.code.tex
(/usr/share/texlive/texmf-dist/tex/generic/pgf/math/pgfmathutil.code.tex)
(/usr/share/texlive/texmf-dist/tex/generic/pgf/math/pgfmathparser.code.tex
\pgfmath@dimen=\dimen266
\pgfmath@count=\count321
\pgfmath@box=\box61
\pgfmath@toks=\toks44
\pgfmath@stack@operand=\toks45
\pgfmath@stack@operation=\toks46
)
(/usr/share/texlive/texmf-dist/tex/generic/pgf/math/pgfmathfunctions.code.tex)
(/usr/share/texlive/texmf-dist/tex/generic/pgf/math/pgfmathfunctions.basic.code
.tex)
(/usr/share/texlive/texmf-dist/tex/generic/pgf/math/pgfmathfunctions.trigonomet
ric.code.tex)
(/usr/share/texlive/texmf-dist/tex/generic/pgf/math/pgfmathfunctions.random.cod
e.tex)
(/usr/share/texlive/texmf-dist/tex/generic/pgf/math/pgfmathfunctions.comparison
.code.tex)
(/usr/share/texlive/texmf-dist/tex/generic/pgf/math/pgfmathfunctions.base.code.
tex)
(/usr/share/texlive/texmf-dist/tex/generic/pgf/math/pgfmathfunctions.round.code
.tex)
(/usr/share/texlive/texmf-dist/tex/generic/pgf/math/pgfmathfunctions.misc.code.
tex)
(/usr/share/texlive/texmf-dist/tex/generic/pgf/math/pgfmathfunctions.integerari
thmetics.code.tex)
(/usr/share/texlive/texmf-dist/tex/generic/pgf/math/pgfmathcalc.code.tex)
(/usr/share/texlive/texmf-dist/tex/generic/pgf/math/pgfmathfloat.code.tex
\c@pgfmathroundto@lastzeros=\count322
))
(/usr/share/texlive/texmf-dist/tex/generic/pgf/math/pgfint.code.tex)
(/usr/share/texlive/texmf-dist/tex/generic/pgf/basiclayer/pgfcorepoints.code.te
x
File: pgfcorepoints.code.tex 2025-08-29 v3.1.11a (3.1.11a)
\pgf@picminx=\dimen267
\pgf@picmaxx=\dimen268
\pgf@picminy=\dimen269
\pgf@picmaxy=\dimen270
\pgf@pathminx=\dimen271
\pgf@pathmaxx=\dimen272
\pgf@pathminy=\dimen273
\pgf@pathmaxy=\dimen274
\pgf@xx=\dimen275
\pgf@xy=\dimen276
\pgf@yx=\dimen277
\pgf@yy=\dimen278
\pgf@zx=\dimen279
\pgf@zy=\dimen280
)
(/usr/share/texlive/texmf-dist/tex/generic/pgf/basiclayer/pgfcorepathconstruct.
code.tex
File: pgfcorepathconstruct.code.tex 2025-08-29 v3.1.11a (3.1.11a)
\pgf@path@lastx=\dimen281
\pgf@path@lasty=\dimen282
)
(/usr/share/texlive/texmf-dist/tex/generic/pgf/basiclayer/pgfcorepathusage.code
.tex
File: pgfcorepathusage.code.tex 2025-08-29 v3.1.11a (3.1.11a)
\pgf@shorten@end@additional=\dimen283
\pgf@shorten@start@additional=\dimen284
)
(/usr/share/texlive/texmf-dist/tex/generic/pgf/basiclayer/pgfcorescopes.code.te
x
File: pgfcorescopes.code.tex 2025-08-29 v3.1.11a (3.1.11a)
\pgfpic=\box62
\pgf@hbox=\box63
\pgf@layerbox@main=\box64
\pgf@picture@serial@count=\count323
)
(/usr/share/texlive/texmf-dist/tex/generic/pgf/basiclayer/pgfcoregraphicstate.c
ode.tex
File: pgfcoregraphicstate.code.tex 2025-08-29 v3.1.11a (3.1.11a)
\pgflinewidth=\dimen285
)
(/usr/share/texlive/texmf-dist/tex/generic/pgf/basiclayer/pgfcoretransformation
s.code.tex
File: pgfcoretransformations.code.tex 2025-08-29 v3.1.11a (3.1.11a)
\pgf@pt@x=\dimen286
\pgf@pt@y=\dimen287
\pgf@pt@temp=\dimen288
)
(/usr/share/texlive/texmf-dist/tex/generic/pgf/basiclayer/pgfcorequick.code.tex
File: pgfcorequick.code.tex 2025-08-29 v3.1.11a (3.1.11a)
)
(/usr/share/texlive/texmf-dist/tex/generic/pgf/basiclayer/pgfcoreobjects.code.t
ex
File: pgfcoreobjects.code.tex 2025-08-29 v3.1.11a (3.1.11a)
)
(/usr/share/texlive/texmf-dist/tex/generic/pgf/basiclayer/pgfcorepathprocessing
.code.tex
File: pgfcorepathprocessing.code.tex 2025-08-29 v3.1.11a (3.1.11a)
)
(/usr/share/texlive/texmf-dist/tex/generic/pgf/basiclayer/pgfcorearrows.code.te
x
File: pgfcorearrows.code.tex 2025-08-29 v3.1.11a (3.1.11a)
\pgfarrowsep=\dimen289
)
(/usr/share/texlive/texmf-dist/tex/generic/pgf/basiclayer/pgfcoreshade.code.tex
File: pgfcoreshade.code.tex 2025-08-29 v3.1.11a (3.1.11a)
\pgf@max=\dimen290
\pgf@sys@shading@range@num=\count324
\pgf@shadingcount=\count325
)
(/usr/share/texlive/texmf-dist/tex/generic/pgf/basiclayer/pgfcoreimage.code.tex
File: pgfcoreimage.code.tex 2025-08-29 v3.1.11a (3.1.11a)
)
(/usr/share/texlive/texmf-dist/tex/generic/pgf/basiclayer/pgfcoreexternal.code.
tex
File: pgfcoreexternal.code.tex 2025-08-29 v3.1.11a (3.1.11a)
\pgfexternal@startupbox=\box65
)
(/usr/share/texlive/texmf-dist/tex/generic/pgf/basiclayer/pgfcorelayers.code.te
x
File: pgfcorelayers.code.tex 2025-08-29 v3.1.11a (3.1.11a)
)
(/usr/share/texlive/texmf-dist/tex/generic/pgf/basiclayer/pgfcoretransparency.c
ode.tex
File: pgfcoretransparency.code.tex 2025-08-29 v3.1.11a (3.1.11a)
)
(/usr/share/texlive/texmf-dist/tex/generic/pgf/basiclayer/pgfcorepatterns.code.
tex
File: pgfcorepatterns.code.tex 2025-08-29 v3.1.11a (3.1.11a)
)
(/usr/share/texlive/texmf-dist/tex/generic/pgf/basiclayer/pgfcorerdf.code.tex
File: pgfcorerdf.code.tex 2025-08-29 v3.1.11a (3.1.11a)
)))
(/usr/share/texlive/texmf-dist/tex/generic/pgf/modules/pgfmoduleshapes.code.tex
File: pgfmoduleshapes.code.tex 2025-08-29 v3.1.11a (3.1.11a)
\pgfnodeparttextbox=\box66
) (/usr/share/texlive/texmf-dist/tex/generic/pgf/modules/pgfmoduleplot.code.tex
File: pgfmoduleplot.code.tex 2025-08-29 v3.1.11a (3.1.11a)
)
(/usr/share/texlive/texmf-dist/tex/latex/pgf/compatibility/pgfcomp-version-0-65
.sty
Package: pgfcomp-version-0-65 2025-08-29 v3.1.11a (3.1.11a)
\pgf@nodesepstart=\dimen291
\pgf@nodesepend=\dimen292
)
(/usr/share/texlive/texmf-dist/tex/latex/pgf/compatibility/pgfcomp-version-1-18
.sty
Package: pgfcomp-version-1-18 2025-08-29 v3.1.11a (3.1.11a)
)) (/usr/share/texlive/texmf-dist/tex/latex/pgf/utilities/pgffor.sty
(/usr/share/texlive/texmf-dist/tex/latex/pgf/utilities/pgfkeys.sty
(/usr/share/texlive/texmf-dist/tex/generic/pgf/utilities/pgfkeys.code.tex))
(/usr/share/texlive/texmf-dist/tex/latex/pgf/math/pgfmath.sty
(/usr/share/texlive/texmf-dist/tex/generic/pgf/math/pgfmath.code.tex))
(/usr/share/texlive/texmf-dist/tex/generic/pgf/utilities/pgffor.code.tex
Package: pgffor 2025-08-29 v3.1.11a (3.1.11a)
\pgffor@iter=\dimen293
\pgffor@skip=\dimen294
\pgffor@stack=\toks47
\pgffor@toks=\toks48
))
(/usr/share/texlive/texmf-dist/tex/generic/pgf/frontendlayer/tikz/tikz.code.tex
Package: tikz 2025-08-29 v3.1.11a (3.1.11a)

(/usr/share/texlive/texmf-dist/tex/generic/pgf/libraries/pgflibraryplothandlers
.code.tex
File: pgflibraryplothandlers.code.tex 2025-08-29 v3.1.11a (3.1.11a)
\pgf@plot@mark@count=\count326
\pgfplotmarksize=\dimen295
)
\tikz@lastx=\dimen296
\tikz@lasty=\dimen297
\tikz@lastxsaved=\dimen298
\tikz@lastysaved=\dimen299
\tikz@lastmovetox=\dimen300
\tikz@lastmovetoy=\dimen301
\tikzleveldistance=\dimen302
\tikzsiblingdistance=\dimen303
\tikz@figbox=\box67
\tikz@figbox@bg=\box68
\tikz@tempbox=\box69
\tikz@tempbox@bg=\box70
\tikztreelevel=\count327
\tikznumberofchildren=\count328
\tikznumberofcurrentchild=\count329
\tikz@fig@count=\count330

(/usr/share/texlive/texmf-dist/tex/generic/pgf/modules/pgfmodulematrix.code.tex
File: pgfmodulematrix.code.tex 2025-08-29 v3.1.11a (3.1.11a)
\pgfmatrixcurrentrow=\count331
\pgfmatrixcurrentcolumn=\count332
\pgf@matrix@numberofcolumns=\count333
)
\tikz@expandcount=\count334

(/usr/share/texlive/texmf-dist/tex/generic/pgf/frontendlayer/tikz/libraries/tik
zlibrarytopaths.code.tex
File: tikzlibrarytopaths.code.tex 2025-08-29 v3.1.11a (3.1.11a)
)))
(/usr/share/texlive/texmf-dist/tex/generic/pgf/libraries/pgflibraryarrows.meta.
code.tex
File: pgflibraryarrows.meta.code.tex 2025-08-29 v3.1.11a (3.1.11a)
\pgfarrowinset=\dimen304
\pgfarrowlength=\dimen305
\pgfarrowwidth=\dimen306
\pgfarrowlinewidth=\dimen307
) (/usr/share/texlive/texmf-dist/tex/latex/tools/tabularx.sty
Package: tabularx 2023/12/11 v2.12a `tabularx' package (DPC)
\TX@col@width=\dimen308
\TX@old@table=\dimen309
\TX@old@col=\dimen310
\TX@target=\dimen311
\TX@delta=\dimen312
\TX@cols=\count335
\TX@ftn=\toks49
)
(/usr/share/texlive/texmf-dist/tex/latex/multirow/multirow.sty
Package: multirow 2024/11/12 v2.9 Span multiple rows of a table
\multirow@colwidth=\skip68
\multirow@cntb=\count336
\multirow@dima=\skip69
\bigstrutjot=\dimen313
)
(/usr/share/texlive/texmf-dist/tex/latex/hyperref/hyperref.sty
Package: hyperref 2025-07-12 v7.01o Hypertext links for LaTeX

(/usr/share/texlive/texmf-dist/tex/latex/kvsetkeys/kvsetkeys.sty
Package: kvsetkeys 2022-10-05 v1.19 Key value parser (HO)
)
(/usr/share/texlive/texmf-dist/tex/generic/kvdefinekeys/kvdefinekeys.sty
Package: kvdefinekeys 2019-12-19 v1.6 Define keys (HO)
)
(/usr/share/texlive/texmf-dist/tex/generic/pdfescape/pdfescape.sty
Package: pdfescape 2019/12/09 v1.15 Implements pdfTeX's escape features (HO)

(/usr/share/texlive/texmf-dist/tex/generic/ltxcmds/ltxcmds.sty
Package: ltxcmds 2023-12-04 v1.26 LaTeX kernel commands for general use (HO)
)
(/usr/share/texlive/texmf-dist/tex/generic/pdftexcmds/pdftexcmds.sty
Package: pdftexcmds 2020-06-27 v0.33 Utility functions of pdfTeX for LuaTeX (HO
)

(/usr/share/texlive/texmf-dist/tex/generic/infwarerr/infwarerr.sty
Package: infwarerr 2019/12/03 v1.5 Providing info/warning/error messages (HO)
)
Package pdftexcmds Info: \pdf@primitive is available.
Package pdftexcmds Info: \pdf@ifprimitive is available.
Package pdftexcmds Info: \pdfdraftmode not found.
))
(/usr/share/texlive/texmf-dist/tex/latex/hycolor/hycolor.sty
Package: hycolor 2020-01-27 v1.10 Color options for hyperref/bookmark (HO)
)
(/usr/share/texlive/texmf-dist/tex/latex/hyperref/nameref.sty
Package: nameref 2025-06-21 v2.57 Cross-referencing by name of section

(/usr/share/texlive/texmf-dist/tex/latex/refcount/refcount.sty
Package: refcount 2019/12/15 v3.6 Data extraction from label references (HO)
)
(/usr/share/texlive/texmf-dist/tex/generic/gettitlestring/gettitlestring.sty
Package: gettitlestring 2019/12/15 v1.6 Cleanup title references (HO)

(/usr/share/texlive/texmf-dist/tex/latex/kvoptions/kvoptions.sty
Package: kvoptions 2022-06-15 v3.15 Key value format for package options (HO)
))
\c@section@level=\count337
)
(/usr/share/texlive/texmf-dist/tex/latex/etoolbox/etoolbox.sty
Package: etoolbox 2025/10/02 v2.5m e-TeX tools for LaTeX (JAW)
\etb@tempcnta=\count338
)
(/usr/share/texlive/texmf-dist/tex/generic/stringenc/stringenc.sty
Package: stringenc 2019/11/29 v1.12 Convert strings between diff. encodings (HO
)
)
\@linkdim=\dimen314
\Hy@linkcounter=\count339
\Hy@pagecounter=\count340

(/usr/share/texlive/texmf-dist/tex/latex/hyperref/pd1enc.def
File: pd1enc.def 2025-07-12 v7.01o Hyperref: PDFDocEncoding definition (HO)
)
(/usr/share/texlive/texmf-dist/tex/generic/intcalc/intcalc.sty
Package: intcalc 2019/12/15 v1.3 Expandable calculations with integers (HO)
)
\Hy@SavedSpaceFactor=\count341

(/usr/share/texlive/texmf-dist/tex/latex/hyperref/puenc.def
File: puenc.def 2025-07-12 v7.01o Hyperref: PDF Unicode definition (HO)
)
Package hyperref Info: Option `colorlinks' set `true' on input line 4066.
Package hyperref Info: Option `bookmarksopen' set `true' on input line 4066.
Package hyperref Info: Option `bookmarksnumbered' set `true' on input line 4066
.
Package hyperref Info: Hyper figures OFF on input line 4195.
Package hyperref Info: Link nesting OFF on input line 4200.
Package hyperref Info: Hyper index ON on input line 4203.
Package hyperref Info: Plain pages OFF on input line 4210.
Package hyperref Info: Backreferencing OFF on input line 4215.
Package hyperref Info: Implicit mode ON; LaTeX internals redefined.
Package hyperref Info: Bookmarks ON on input line 4462.
\c@Hy@tempcnt=\count342
LaTeX Info: Redefining \url on input line 4801.
\XeTeXLinkMargin=\dimen315

(/usr/share/texlive/texmf-dist/tex/generic/bitset/bitset.sty
Package: bitset 2019/12/09 v1.3 Handle bit-vector datatype (HO)

(/usr/share/texlive/texmf-dist/tex/generic/bigintcalc/bigintcalc.sty
Package: bigintcalc 2019/12/15 v1.5 Expandable calculations on big integers (HO
)
))
\Fld@menulength=\count343
\Field@Width=\dimen316
\Fld@charsize=\dimen317
Package hyperref Info: Hyper figures OFF on input line 6078.
Package hyperref Info: Link nesting OFF on input line 6083.
Package hyperref Info: Hyper index ON on input line 6086.
Package hyperref Info: backreferencing OFF on input line 6093.
Package hyperref Info: Link coloring ON on input line 6096.
Package hyperref Info: Link coloring with OCG OFF on input line 6103.
Package hyperref Info: PDF/A mode OFF on input line 6108.
\Hy@abspage=\count344
\c@Item=\count345
\c@Hfootnote=\count346
)
Package hyperref Info: Driver (autodetected): hxetex.

(/usr/share/texlive/texmf-dist/tex/latex/hyperref/hxetex.def
File: hxetex.def 2025-07-12 v7.01o Hyperref driver for XeTeX
\pdfm@box=\box71
\c@Hy@AnnotLevel=\count347
\HyField@AnnotCount=\count348
\Fld@listcount=\count349
\c@bookmark@seq@number=\count350

(/usr/share/texlive/texmf-dist/tex/latex/rerunfilecheck/rerunfilecheck.sty
Package: rerunfilecheck 2025-06-21 v1.11 Rerun checks for auxiliary files (HO)

(/usr/share/texlive/texmf-dist/tex/generic/uniquecounter/uniquecounter.sty
Package: uniquecounter 2019/12/15 v1.4 Provide unlimited unique counter (HO)
)
Package uniquecounter Info: New unique counter `rerunfilecheck' on input line 2
84.
)
\Hy@SectionHShift=\skip70
)
(/usr/share/texlive/texmf-dist/tex/latex/colortbl/colortbl.sty
Package: colortbl 2024/10/29 v1.0k Color table columns (DPC)
\everycr=\toks50
\minrowclearance=\skip71
\rownum=\count351
)
LaTeX Font Info:    Trying to load font information for TU+ptm on input line 39
.
LaTeX Font Info:    No file TUptm.fd. on input line 39.
LaTeX Font Warning: Font shape `TU/ptm/m/n' undefined
(Font)              using `TU/lmr/m/n' instead on input line 39.

(/usr/share/texlive/texmf-dist/tex/latex/l3backend/l3backend-xetex.def
File: l3backend-xetex.def 2025-10-09 L3 backend support: XeTeX
\g__graphics_track_int=\count352
\g__pdfannot_backend_int=\count353
\g__pdfannot_backend_link_int=\count354
)
No file main.aux.
\openout1 = `main.aux'.

LaTeX Font Info:    Checking defaults for OML/cmm/m/it on input line 39.
LaTeX Font Info:    ... okay on input line 39.
LaTeX Font Info:    Checking defaults for OMS/cmsy/m/n on input line 39.
LaTeX Font Info:    ... okay on input line 39.
LaTeX Font Info:    Checking defaults for OT1/cmr/m/n on input line 39.
LaTeX Font Info:    ... okay on input line 39.
LaTeX Font Info:    Checking defaults for T1/cmr/m/n on input line 39.
LaTeX Font Info:    ... okay on input line 39.
LaTeX Font Info:    Checking defaults for TS1/cmr/m/n on input line 39.
LaTeX Font Info:    ... okay on input line 39.
LaTeX Font Info:    Checking defaults for TU/lmr/m/n on input line 39.
LaTeX Font Info:    ... okay on input line 39.
LaTeX Font Info:    Checking defaults for OMX/cmex/m/n on input line 39.
LaTeX Font Info:    ... okay on input line 39.
LaTeX Font Info:    Checking defaults for U/cmr/m/n on input line 39.
LaTeX Font Info:    ... okay on input line 39.
LaTeX Font Info:    Checking defaults for PD1/pdf/m/n on input line 39.
LaTeX Font Info:    ... okay on input line 39.
LaTeX Font Info:    Checking defaults for PU/pdf/m/n on input line 39.
LaTeX Font Info:    ... okay on input line 39.
*geometry* driver: auto-detecting
*geometry* detected driver: xetex
*geometry* verbose mode - [ preamble ] result:
* driver: xetex
* paper: custom
* layout: <same size as paper>
* layoutoffset:(h,v)=(0.0pt,0.0pt)
* hratio: 1:1
* vratio: 1:1
* modes: twoside asymmetric 
* h-part:(L,W,R)=(51.21497pt, 495.07794pt, 51.21497pt)
* v-part:(T,H,B)=(55.48286pt, 734.0811pt, 55.48288pt)
* \paperwidth=597.50787pt
* \paperheight=845.04684pt
* \textwidth=495.07794pt
* \textheight=734.0811pt
* \oddsidemargin=-21.05502pt
* \evensidemargin=-21.05502pt
* \topmargin=-49.78712pt
* \headheight=12.0pt
* \headsep=21.0pt
* \topskip=10.0pt
* \footskip=30.0pt
* \marginparwidth=65.0pt
* \marginparsep=11.0pt
* \columnsep=12.0pt
* \skip\footins=20.0pt plus 8.0pt
* \hoffset=0.0pt
* \voffset=0.0pt
* \mag=1000
* \@twocolumntrue
* \@twosidetrue
* \@mparswitchfalse
* \@reversemarginfalse
* (1in=72.27pt=25.4mm, 1cm=28.453pt)

Package caption Info: Begin \AtBeginDocument code.
Package caption Info: hyperref package is loaded.
Package caption Info: End \AtBeginDocument code.
Package hyperref Info: Link coloring ON on input line 39.
\@outlinefile=\write5
\openout5 = `main.out'.


Package hyperref Warning: Rerun to get /PageLabels entry.

LaTeX Font Info:    Trying to load font information for TU+phv on input line 56
.
LaTeX Font Info:    No file TUphv.fd. on input line 56.
LaTeX Font Warning: Font shape `TU/phv/m/n' undefined
(Font)              using `TU/lmr/m/n' instead on input line 56.
LaTeX Font Warning: Font shape `TU/phv/b/n' undefined
(Font)              using `TU/phv/m/n' instead on input line 56.
Missing character: There is no 具 (U+5177) in font [lmroman10-regular]:mapping=t
ex-text;!
Missing character: There is no 身 (U+8EAB) in font [lmroman10-regular]:mapping=t
ex-text;!
Missing character: There is no 智 (U+667A) in font [lmroman10-regular]:mapping=t
ex-text;!
Missing character: There is no 能 (U+80FD) in font [lmroman10-regular]:mapping=t
ex-text;!
Missing character: There is no 与 (U+4E0E) in font [lmroman10-regular]:mapping=t
ex-text;!
Missing character: There is no 机 (U+673A) in font [lmroman10-regular]:mapping=t
ex-text;!
Missing character: There is no 器 (U+5668) in font [lmroman10-regular]:mapping=t
ex-text;!
Missing character: There is no 人 (U+4EBA) in font [lmroman10-regular]:mapping=t
ex-text;!
Missing character: There is no 技 (U+6280) in font [lmroman10-regular]:mapping=t
ex-text;!
Missing character: There is no 术 (U+672F) in font [lmroman10-regular]:mapping=t
ex-text;!
Missing character: There is no 进 (U+8FDB) in font [lmroman10-regular]:mapping=t
ex-text;!
Missing character: There is no 一 (U+4E00) in font [lmroman10-regular]:mapping=t
ex-text;!
Missing character: There is no 步 (U+6B65) in font [lmroman10-regular]:mapping=t
ex-text;!
Missing character: There is no 发 (U+53D1) in font [lmroman10-regular]:mapping=t
ex-text;!
Missing character: There is no 展 (U+5C55) in font [lmroman10-regular]:mapping=t
ex-text;!
Missing character: There is no 的 (U+7684) in font [lmroman10-regular]:mapping=t
ex-text;!
Missing character: There is no 关 (U+5173) in font [lmroman10-regular]:mapping=t
ex-text;!
Missing character: There is no 键 (U+952E) in font [lmroman10-regular]:mapping=t
ex-text;!
Missing character: There is no 瓶 (U+74F6) in font [lmroman10-regular]:mapping=t
ex-text;!
Missing character: There is no 颈 (U+9888) in font [lmroman10-regular]:mapping=t
ex-text;!
Missing character: There is no 之 (U+4E4B) in font [lmroman10-regular]:mapping=t
ex-text;!
Missing character: There is no 一 (U+4E00) in font [lmroman10-regular]:mapping=t
ex-text;!
Missing character: There is no ， (U+FF0C) in font [lmroman10-regular]:mapping=t
ex-text;!
Missing character: There is no 是 (U+662F) in font [lmroman10-regular]:mapping=t
ex-text;!
Missing character: There is no 机 (U+673A) in font [lmroman10-regular]:mapping=t
ex-text;!
Missing character: There is no 器 (U+5668) in font [lmroman10-regular]:mapping=t
ex-text;!
Missing character: There is no 人 (U+4EBA) in font [lmroman10-regular]:mapping=t
ex-text;!
Missing character: There is no 数 (U+6570) in font [lmroman10-regular]:mapping=t
ex-text;!
Missing character: There is no 据 (U+636E) in font [lmroman10-regular]:mapping=t
ex-text;!
Missing character: There is no 规 (U+89C4) in font [lmroman10-regular]:mapping=t
ex-text;!
Missing character: There is no 模 (U+6A21) in font [lmroman10-regular]:mapping=t
ex-text;!
Missing character: There is no 化 (U+5316) in font [lmroman10-regular]:mapping=t
ex-text;!
Missing character: There is no 的 (U+7684) in font [lmroman10-regular]:mapping=t
ex-text;!
Missing character: There is no 挑 (U+6311) in font [lmroman10-regular]:mapping=t
ex-text;!
Missing character: There is no 战 (U+6218) in font [lmroman10-regular]:mapping=t
ex-text;!
Missing character: There is no 。 (U+3002) in font [lmroman10-regular]:mapping=t
ex-text;!
Missing character: There is no 近 (U+8FD1) in font [lmroman10-regular]:mapping=t
ex-text;!
Missing character: There is no 年 (U+5E74) in font [lmroman10-regular]:mapping=t
ex-text;!
Missing character: There is no 来 (U+6765) in font [lmroman10-regular]:mapping=t
ex-text;!
Missing character: There is no ， (U+FF0C) in font [lmroman10-regular]:mapping=t
ex-text;!
Missing character: There is no 受 (U+53D7) in font [lmroman10-regular]:mapping=t
ex-text;!
Missing character: There is no 益 (U+76CA) in font [lmroman10-regular]:mapping=t
ex-text;!
Missing character: There is no 于 (U+4E8E) in font [lmroman10-regular]:mapping=t
ex-text;!
Missing character: There is no 丰 (U+4E30) in font [lmroman10-regular]:mapping=t
ex-text;!
Missing character: There is no 富 (U+5BCC) in font [lmroman10-regular]:mapping=t
ex-text;!
Missing character: There is no 的 (U+7684) in font [lmroman10-regular]:mapping=t
ex-text;!
Missing character: There is no 人 (U+4EBA) in font [lmroman10-regular]:mapping=t
ex-text;!
Missing character: There is no 类 (U+7C7B) in font [lmroman10-regular]:mapping=t
ex-text;!
Missing character: There is no 活 (U+6D3B) in font [lmroman10-regular]:mapping=t
ex-text;!
Missing character: There is no 动 (U+52A8) in font [lmroman10-regular]:mapping=t
ex-text;!
Missing character: There is no 视 (U+89C6) in font [lmroman10-regular]:mapping=t
ex-text;!
Missing character: There is no 频 (U+9891) in font [lmroman10-regular]:mapping=t
ex-text;!
Missing character: There is no 和 (U+548C) in font [lmroman10-regular]:mapping=t
ex-text;!
Missing character: There is no 计 (U+8BA1) in font [lmroman10-regular]:mapping=t
ex-text;!
Missing character: There is no 算 (U+7B97) in font [lmroman10-regular]:mapping=t
ex-text;!
Missing character: There is no 机 (U+673A) in font [lmroman10-regular]:mapping=t
ex-text;!
Missing character: There is no 视 (U+89C6) in font [lmroman10-regular]:mapping=t
ex-text;!
Missing character: There is no 觉 (U+89C9) in font [lmroman10-regular]:mapping=t
ex-text;!
Missing character: There is no 进 (U+8FDB) in font [lmroman10-regular]:mapping=t
ex-text;!
Missing character: There is no 步 (U+6B65) in font [lmroman10-regular]:mapping=t
ex-text;!
Missing character: There is no ， (U+FF0C) in font [lmroman10-regular]:mapping=t
ex-text;!
Missing character: There is no 从 (U+4ECE) in font [lmroman10-regular]:mapping=t
ex-text;!
Missing character: There is no 人 (U+4EBA) in font [lmroman10-regular]:mapping=t
ex-text;!
Missing character: There is no 类 (U+7C7B) in font [lmroman10-regular]:mapping=t
ex-text;!
Missing character: There is no 视 (U+89C6) in font [lmroman10-regular]:mapping=t
ex-text;!
Missing character: There is no 频 (U+9891) in font [lmroman10-regular]:mapping=t
ex-text;!
Missing character: There is no 数 (U+6570) in font [lmroman10-regular]:mapping=t
ex-text;!
Missing character: There is no 据 (U+636E) in font [lmroman10-regular]:mapping=t
ex-text;!
Missing character: There is no 中 (U+4E2D) in font [lmroman10-regular]:mapping=t
ex-text;!
Missing character: There is no 学 (U+5B66) in font [lmroman10-regular]:mapping=t
ex-text;!
Missing character: There is no 习 (U+4E60) in font [lmroman10-regular]:mapping=t
ex-text;!
Missing character: There is no 机 (U+673A) in font [lmroman10-regular]:mapping=t
ex-text;!
Missing character: There is no 器 (U+5668) in font [lmroman10-regular]:mapping=t
ex-text;!
Missing character: There is no 人 (U+4EBA) in font [lmroman10-regular]:mapping=t
ex-text;!
Missing character: There is no 操 (U+64CD) in font [lmroman10-regular]:mapping=t
ex-text;!
Missing character: There is no 作 (U+4F5C) in font [lmroman10-regular]:mapping=t
ex-text;!
Missing character: There is no 技 (U+6280) in font [lmroman10-regular]:mapping=t
ex-text;!
Missing character: There is no 能 (U+80FD) in font [lmroman10-regular]:mapping=t
ex-text;!
Missing character: There is no 受 (U+53D7) in font [lmroman10-regular]:mapping=t
ex-text;!
Missing character: There is no 到 (U+5230) in font [lmroman10-regular]:mapping=t
ex-text;!
Missing character: There is no 广 (U+5E7F) in font [lmroman10-regular]:mapping=t
ex-text;!
Missing character: There is no 泛 (U+6CDB) in font [lmroman10-regular]:mapping=t
ex-text;!
Missing character: There is no 关 (U+5173) in font [lmroman10-regular]:mapping=t
ex-text;!
Missing character: There is no 注 (U+6CE8) in font [lmroman10-regular]:mapping=t
ex-text;!
Missing character: There is no 。 (U+3002) in font [lmroman10-regular]:mapping=t
ex-text;!
Missing character: There is no 这 (U+8FD9) in font [lmroman10-regular]:mapping=t
ex-text;!
Missing character: There is no 一 (U+4E00) in font [lmroman10-regular]:mapping=t
ex-text;!
Missing character: There is no 方 (U+65B9) in font [lmroman10-regular]:mapping=t
ex-text;!
Missing character: There is no 向 (U+5411) in font [lmroman10-regular]:mapping=t
ex-text;!
Missing character: There is no 有 (U+6709) in font [lmroman10-regular]:mapping=t
ex-text;!
Missing character: There is no 望 (U+671B) in font [lmroman10-regular]:mapping=t
ex-text;!
Missing character: There is no 让 (U+8BA9) in font [lmroman10-regular]:mapping=t
ex-text;!
Missing character: There is no 机 (U+673A) in font [lmroman10-regular]:mapping=t
ex-text;!
Missing character: There is no 器 (U+5668) in font [lmroman10-regular]:mapping=t
ex-text;!
Missing character: There is no 人 (U+4EBA) in font [lmroman10-regular]:mapping=t
ex-text;!
Missing character: There is no 被 (U+88AB) in font [lmroman10-regular]:mapping=t
ex-text;!
Missing character: There is no 动 (U+52A8) in font [lmroman10-regular]:mapping=t
ex-text;!
Missing character: There is no 地 (U+5730) in font [lmroman10-regular]:mapping=t
ex-text;!
Missing character: There is no 从 (U+4ECE) in font [lmroman10-regular]:mapping=t
ex-text;!
Missing character: There is no 海 (U+6D77) in font [lmroman10-regular]:mapping=t
ex-text;!
Missing character: There is no 量 (U+91CF) in font [lmroman10-regular]:mapping=t
ex-text;!
Missing character: There is no 且 (U+4E14) in font [lmroman10-regular]:mapping=t
ex-text;!
Missing character: There is no 易 (U+6613) in font [lmroman10-regular]:mapping=t
ex-text;!
Missing character: There is no 获 (U+83B7) in font [lmroman10-regular]:mapping=t
ex-text;!
Missing character: There is no 取 (U+53D6) in font [lmroman10-regular]:mapping=t
ex-text;!
Missing character: There is no 的 (U+7684) in font [lmroman10-regular]:mapping=t
ex-text;!
Missing character: There is no 人 (U+4EBA) in font [lmroman10-regular]:mapping=t
ex-text;!
Missing character: There is no 类 (U+7C7B) in font [lmroman10-regular]:mapping=t
ex-text;!
Missing character: There is no 示 (U+793A) in font [lmroman10-regular]:mapping=t
ex-text;!
Missing character: There is no 范 (U+8303) in font [lmroman10-regular]:mapping=t
ex-text;!
Missing character: There is no 中 (U+4E2D) in font [lmroman10-regular]:mapping=t
ex-text;!
Missing character: There is no 学 (U+5B66) in font [lmroman10-regular]:mapping=t
ex-text;!
Missing character: There is no 习 (U+4E60) in font [lmroman10-regular]:mapping=t
ex-text;!
Missing character: There is no 技 (U+6280) in font [lmroman10-regular]:mapping=t
ex-text;!
Missing character: There is no 能 (U+80FD) in font [lmroman10-regular]:mapping=t
ex-text;!
Missing character: There is no ， (U+FF0C) in font [lmroman10-regular]:mapping=t
ex-text;!
Missing character: There is no 为 (U+4E3A) in font [lmroman10-regular]:mapping=t
ex-text;!
Missing character: There is no 通 (U+901A) in font [lmroman10-regular]:mapping=t
ex-text;!
Missing character: There is no 用 (U+7528) in font [lmroman10-regular]:mapping=t
ex-text;!
Missing character: There is no 机 (U+673A) in font [lmroman10-regular]:mapping=t
ex-text;!
Missing character: There is no 器 (U+5668) in font [lmroman10-regular]:mapping=t
ex-text;!
Missing character: There is no 人 (U+4EBA) in font [lmroman10-regular]:mapping=t
ex-text;!
Missing character: There is no 系 (U+7CFB) in font [lmroman10-regular]:mapping=t
ex-text;!
Missing character: There is no 统 (U+7EDF) in font [lmroman10-regular]:mapping=t
ex-text;!
Missing character: There is no 的 (U+7684) in font [lmroman10-regular]:mapping=t
ex-text;!
Missing character: There is no 规 (U+89C4) in font [lmroman10-regular]:mapping=t
ex-text;!
Missing character: There is no 模 (U+6A21) in font [lmroman10-regular]:mapping=t
ex-text;!
Missing character: There is no 化 (U+5316) in font [lmroman10-regular]:mapping=t
ex-text;!
Missing character: There is no 学 (U+5B66) in font [lmroman10-regular]:mapping=t
ex-text;!
Missing character: There is no 习 (U+4E60) in font [lmroman10-regular]:mapping=t
ex-text;!
Missing character: There is no 提 (U+63D0) in font [lmroman10-regular]:mapping=t
ex-text;!
Missing character: There is no 供 (U+4F9B) in font [lmroman10-regular]:mapping=t
ex-text;!
Missing character: There is no 支 (U+652F) in font [lmroman10-regular]:mapping=t
ex-text;!
Missing character: There is no 持 (U+6301) in font [lmroman10-regular]:mapping=t
ex-text;!
Missing character: There is no 。 (U+3002) in font [lmroman10-regular]:mapping=t
ex-text;!
Missing character: There is no 本 (U+672C) in font [lmroman10-regular]:mapping=t
ex-text;!
Missing character: There is no 文 (U+6587) in font [lmroman10-regular]:mapping=t
ex-text;!
Missing character: There is no 综 (U+7EFC) in font [lmroman10-regular]:mapping=t
ex-text;!
Missing character: There is no 述 (U+8FF0) in font [lmroman10-regular]:mapping=t
ex-text;!
Missing character: There is no 人 (U+4EBA) in font [lmroman10-regular]:mapping=t
ex-text;!
Missing character: There is no 类 (U+7C7B) in font [lmroman10-regular]:mapping=t
ex-text;!
Missing character: There is no 视 (U+89C6) in font [lmroman10-regular]:mapping=t
ex-text;!
Missing character: There is no 频 (U+9891) in font [lmroman10-regular]:mapping=t
ex-text;!
Missing character: There is no 驱 (U+9A71) in font [lmroman10-regular]:mapping=t
ex-text;!
Missing character: There is no 动 (U+52A8) in font [lmroman10-regular]:mapping=t
ex-text;!
Missing character: There is no 的 (U+7684) in font [lmroman10-regular]:mapping=t
ex-text;!
Missing character: There is no 机 (U+673A) in font [lmroman10-regular]:mapping=t
ex-text;!
Missing character: There is no 器 (U+5668) in font [lmroman10-regular]:mapping=t
ex-text;!
Missing character: There is no 人 (U+4EBA) in font [lmroman10-regular]:mapping=t
ex-text;!
Missing character: There is no 学 (U+5B66) in font [lmroman10-regular]:mapping=t
ex-text;!
Missing character: There is no 习 (U+4E60) in font [lmroman10-regular]:mapping=t
ex-text;!
Missing character: There is no 技 (U+6280) in font [lmroman10-regular]:mapping=t
ex-text;!
Missing character: There is no 术 (U+672F) in font [lmroman10-regular]:mapping=t
ex-text;!
Missing character: There is no ， (U+FF0C) in font [lmroman10-regular]:mapping=t
ex-text;!
Missing character: There is no 重 (U+91CD) in font [lmroman10-regular]:mapping=t
ex-text;!
Missing character: There is no 点 (U+70B9) in font [lmroman10-regular]:mapping=t
ex-text;!
Missing character: There is no 讨 (U+8BA8) in font [lmroman10-regular]:mapping=t
ex-text;!
Missing character: There is no 论 (U+8BBA) in font [lmroman10-regular]:mapping=t
ex-text;!
Missing character: There is no 人 (U+4EBA) in font [lmroman10-regular]:mapping=t
ex-text;!
Missing character: There is no 机 (U+673A) in font [lmroman10-regular]:mapping=t
ex-text;!
Missing character: There is no 技 (U+6280) in font [lmroman10-regular]:mapping=t
ex-text;!
Missing character: There is no 能 (U+80FD) in font [lmroman10-regular]:mapping=t
ex-text;!
Missing character: There is no 迁 (U+8FC1) in font [lmroman10-regular]:mapping=t
ex-text;!
Missing character: There is no 移 (U+79FB) in font [lmroman10-regular]:mapping=t
ex-text;!
Missing character: There is no 与 (U+4E0E) in font [lmroman10-regular]:mapping=t
ex-text;!
Missing character: There is no 数 (U+6570) in font [lmroman10-regular]:mapping=t
ex-text;!
Missing character: There is no 据 (U+636E) in font [lmroman10-regular]:mapping=t
ex-text;!
Missing character: There is no 基 (U+57FA) in font [lmroman10-regular]:mapping=t
ex-text;!
Missing character: There is no 础 (U+7840) in font [lmroman10-regular]:mapping=t
ex-text;!
Missing character: There is no 。 (U+3002) in font [lmroman10-regular]:mapping=t
ex-text;!
Missing character: There is no 我 (U+6211) in font [lmroman10-regular]:mapping=t
ex-text;!
Missing character: There is no 们 (U+4EEC) in font [lmroman10-regular]:mapping=t
ex-text;!
Missing character: There is no 首 (U+9996) in font [lmroman10-regular]:mapping=t
ex-text;!
Missing character: There is no 先 (U+5148) in font [lmroman10-regular]:mapping=t
ex-text;!
Missing character: There is no 回 (U+56DE) in font [lmroman10-regular]:mapping=t
ex-text;!
Missing character: There is no 顾 (U+987E) in font [lmroman10-regular]:mapping=t
ex-text;!
Missing character: There is no 机 (U+673A) in font [lmroman10-regular]:mapping=t
ex-text;!
Missing character: There is no 器 (U+5668) in font [lmroman10-regular]:mapping=t
ex-text;!
Missing character: There is no 人 (U+4EBA) in font [lmroman10-regular]:mapping=t
ex-text;!
Missing character: There is no 策 (U+7B56) in font [lmroman10-regular]:mapping=t
ex-text;!
Missing character: There is no 略 (U+7565) in font [lmroman10-regular]:mapping=t
ex-text;!
Missing character: There is no 学 (U+5B66) in font [lmroman10-regular]:mapping=t
ex-text;!
Missing character: There is no 习 (U+4E60) in font [lmroman10-regular]:mapping=t
ex-text;!
Missing character: There is no 基 (U+57FA) in font [lmroman10-regular]:mapping=t
ex-text;!
Missing character: There is no 础 (U+7840) in font [lmroman10-regular]:mapping=t
ex-text;!
Missing character: There is no ， (U+FF0C) in font [lmroman10-regular]:mapping=t
ex-text;!
Missing character: There is no 随 (U+968F) in font [lmroman10-regular]:mapping=t
ex-text;!
Missing character: There is no 后 (U+540E) in font [lmroman10-regular]:mapping=t
ex-text;!
Missing character: There is no 介 (U+4ECB) in font [lmroman10-regular]:mapping=t
ex-text;!
Missing character: There is no 绍 (U+7ECD) in font [lmroman10-regular]:mapping=t
ex-text;!
Missing character: There is no 引 (U+5F15) in font [lmroman10-regular]:mapping=t
ex-text;!
Missing character: There is no 入 (U+5165) in font [lmroman10-regular]:mapping=t
ex-text;!
Missing character: There is no 人 (U+4EBA) in font [lmroman10-regular]:mapping=t
ex-text;!
Missing character: There is no 类 (U+7C7B) in font [lmroman10-regular]:mapping=t
ex-text;!
Missing character: There is no 视 (U+89C6) in font [lmroman10-regular]:mapping=t
ex-text;!
Missing character: There is no 频 (U+9891) in font [lmroman10-regular]:mapping=t
ex-text;!
Missing character: There is no 的 (U+7684) in font [lmroman10-regular]:mapping=t
ex-text;!
Missing character: There is no 基 (U+57FA) in font [lmroman10-regular]:mapping=t
ex-text;!
Missing character: There is no 本 (U+672C) in font [lmroman10-regular]:mapping=t
ex-text;!
Missing character: There is no 接 (U+63A5) in font [lmroman10-regular]:mapping=t
ex-text;!
Missing character: There is no 口 (U+53E3) in font [lmroman10-regular]:mapping=t
ex-text;!
Missing character: There is no ； (U+FF1B) in font [lmroman10-regular]:mapping=t
ex-text;!
Missing character: There is no 接 (U+63A5) in font [lmroman10-regular]:mapping=t
ex-text;!
Missing character: There is no 着 (U+7740) in font [lmroman10-regular]:mapping=t
ex-text;!
Missing character: There is no 提 (U+63D0) in font [lmroman10-regular]:mapping=t
ex-text;!
Missing character: There is no 出 (U+51FA) in font [lmroman10-regular]:mapping=t
ex-text;!
Missing character: There is no 将 (U+5C06) in font [lmroman10-regular]:mapping=t
ex-text;!
Missing character: There is no 人 (U+4EBA) in font [lmroman10-regular]:mapping=t
ex-text;!
Missing character: There is no 类 (U+7C7B) in font [lmroman10-regular]:mapping=t
ex-text;!
Missing character: There is no 视 (U+89C6) in font [lmroman10-regular]:mapping=t
ex-text;!
Missing character: There is no 频 (U+9891) in font [lmroman10-regular]:mapping=t
ex-text;!
Missing character: There is no 迁 (U+8FC1) in font [lmroman10-regular]:mapping=t
ex-text;!
Missing character: There is no 移 (U+79FB) in font [lmroman10-regular]:mapping=t
ex-text;!
Missing character: There is no 为 (U+4E3A) in font [lmroman10-regular]:mapping=t
ex-text;!
Missing character: There is no 机 (U+673A) in font [lmroman10-regular]:mapping=t
ex-text;!
Missing character: There is no 器 (U+5668) in font [lmroman10-regular]:mapping=t
ex-text;!
Missing character: There is no 人 (U+4EBA) in font [lmroman10-regular]:mapping=t
ex-text;!
Missing character: There is no 技 (U+6280) in font [lmroman10-regular]:mapping=t
ex-text;!
Missing character: There is no 能 (U+80FD) in font [lmroman10-regular]:mapping=t
ex-text;!
Missing character: There is no 的 (U+7684) in font [lmroman10-regular]:mapping=t
ex-text;!
Missing character: There is no 层 (U+5C42) in font [lmroman10-regular]:mapping=t
ex-text;!
Missing character: There is no 次 (U+6B21) in font [lmroman10-regular]:mapping=t
ex-text;!
Missing character: There is no 化 (U+5316) in font [lmroman10-regular]:mapping=t
ex-text;!
Missing character: There is no 分 (U+5206) in font [lmroman10-regular]:mapping=t
ex-text;!
Missing character: There is no 类 (U+7C7B) in font [lmroman10-regular]:mapping=t
ex-text;!
Missing character: There is no ， (U+FF0C) in font [lmroman10-regular]:mapping=t
ex-text;!
Missing character: There is no 涵 (U+6DB5) in font [lmroman10-regular]:mapping=t
ex-text;!
Missing character: There is no 盖 (U+76D6) in font [lmroman10-regular]:mapping=t
ex-text;!
Missing character: There is no 任 (U+4EFB) in font [lmroman10-regular]:mapping=t
ex-text;!
Missing character: There is no 务 (U+52A1) in font [lmroman10-regular]:mapping=t
ex-text;!
Missing character: There is no 、 (U+3001) in font [lmroman10-regular]:mapping=t
ex-text;!
Missing character: There is no 观 (U+89C2) in font [lmroman10-regular]:mapping=t
ex-text;!
Missing character: There is no 测 (U+6D4B) in font [lmroman10-regular]:mapping=t
ex-text;!
Missing character: There is no 和 (U+548C) in font [lmroman10-regular]:mapping=t
ex-text;!
Missing character: There is no 动 (U+52A8) in font [lmroman10-regular]:mapping=t
ex-text;!
Missing character: There is no 作 (U+4F5C) in font [lmroman10-regular]:mapping=t
ex-text;!
Missing character: There is no 导 (U+5BFC) in font [lmroman10-regular]:mapping=t
ex-text;!
Missing character: There is no 向 (U+5411) in font [lmroman10-regular]:mapping=t
ex-text;!
Missing character: There is no 路 (U+8DEF) in font [lmroman10-regular]:mapping=t
ex-text;!
Missing character: There is no 径 (U+5F84) in font [lmroman10-regular]:mapping=t
ex-text;!
Missing character: There is no ， (U+FF0C) in font [lmroman10-regular]:mapping=t
ex-text;!
Missing character: There is no 并 (U+5E76) in font [lmroman10-regular]:mapping=t
ex-text;!
Missing character: There is no 分 (U+5206) in font [lmroman10-regular]:mapping=t
ex-text;!
Missing character: There is no 析 (U+6790) in font [lmroman10-regular]:mapping=t
ex-text;!
Missing character: There is no 不 (U+4E0D) in font [lmroman10-regular]:mapping=t
ex-text;!
Missing character: There is no 同 (U+540C) in font [lmroman10-regular]:mapping=t
ex-text;!
Missing character: There is no 数 (U+6570) in font [lmroman10-regular]:mapping=t
ex-text;!
Missing character: There is no 据 (U+636E) in font [lmroman10-regular]:mapping=t
ex-text;!
Missing character: There is no 配 (U+914D) in font [lmroman10-regular]:mapping=t
ex-text;!
Missing character: There is no 置 (U+7F6E) in font [lmroman10-regular]:mapping=t
ex-text;!
Missing character: There is no 与 (U+4E0E) in font [lmroman10-regular]:mapping=t
ex-text;!
Missing character: There is no 学 (U+5B66) in font [lmroman10-regular]:mapping=t
ex-text;!
Missing character: There is no 习 (U+4E60) in font [lmroman10-regular]:mapping=t
ex-text;!
Missing character: There is no 范 (U+8303) in font [lmroman10-regular]:mapping=t
ex-text;!
Missing character: There is no 式 (U+5F0F) in font [lmroman10-regular]:mapping=t
ex-text;!
Missing character: There is no 之 (U+4E4B) in font [lmroman10-regular]:mapping=t
ex-text;!
Missing character: There is no 间 (U+95F4) in font [lmroman10-regular]:mapping=t
ex-text;!
Missing character: There is no 的 (U+7684) in font [lmroman10-regular]:mapping=t
ex-text;!
Missing character: There is no 耦 (U+8026) in font [lmroman10-regular]:mapping=t
ex-text;!
Missing character: There is no 合 (U+5408) in font [lmroman10-regular]:mapping=t
ex-text;!
Missing character: There is no 关 (U+5173) in font [lmroman10-regular]:mapping=t
ex-text;!
Missing character: There is no 系 (U+7CFB) in font [lmroman10-regular]:mapping=t
ex-text;!
Missing character: There is no 。 (U+3002) in font [lmroman10-regular]:mapping=t
ex-text;!
Missing character: There is no 此 (U+6B64) in font [lmroman10-regular]:mapping=t
ex-text;!
Missing character: There is no 外 (U+5916) in font [lmroman10-regular]:mapping=t
ex-text;!
Missing character: There is no ， (U+FF0C) in font [lmroman10-regular]:mapping=t
ex-text;!
Missing character: There is no 我 (U+6211) in font [lmroman10-regular]:mapping=t
ex-text;!
Missing character: There is no 们 (U+4EEC) in font [lmroman10-regular]:mapping=t
ex-text;!
Missing character: There is no 调 (U+8C03) in font [lmroman10-regular]:mapping=t
ex-text;!
Missing character: There is no 研 (U+7814) in font [lmroman10-regular]:mapping=t
ex-text;!
Missing character: There is no 常 (U+5E38) in font [lmroman10-regular]:mapping=t
ex-text;!
Missing character: There is no 用 (U+7528) in font [lmroman10-regular]:mapping=t
ex-text;!
Missing character: There is no 人 (U+4EBA) in font [lmroman10-regular]:mapping=t
ex-text;!
Missing character: There is no 类 (U+7C7B) in font [lmroman10-regular]:mapping=t
ex-text;!
Missing character: There is no 视 (U+89C6) in font [lmroman10-regular]:mapping=t
ex-text;!
Missing character: There is no 频 (U+9891) in font [lmroman10-regular]:mapping=t
ex-text;!
Missing character: There is no 数 (U+6570) in font [lmroman10-regular]:mapping=t
ex-text;!
Missing character: There is no 据 (U+636E) in font [lmroman10-regular]:mapping=t
ex-text;!
Missing character: There is no 集 (U+96C6) in font [lmroman10-regular]:mapping=t
ex-text;!
Missing character: There is no 与 (U+4E0E) in font [lmroman10-regular]:mapping=t
ex-text;!
Missing character: There is no 视 (U+89C6) in font [lmroman10-regular]:mapping=t
ex-text;!
Missing character: There is no 频 (U+9891) in font [lmroman10-regular]:mapping=t
ex-text;!
Missing character: There is no 生 (U+751F) in font [lmroman10-regular]:mapping=t
ex-text;!
Missing character: There is no 成 (U+6210) in font [lmroman10-regular]:mapping=t
ex-text;!
Missing character: There is no 方 (U+65B9) in font [lmroman10-regular]:mapping=t
ex-text;!
Missing character: There is no 案 (U+6848) in font [lmroman10-regular]:mapping=t
ex-text;!
Missing character: There is no ， (U+FF0C) in font [lmroman10-regular]:mapping=t
ex-text;!
Missing character: There is no 给 (U+7ED9) in font [lmroman10-regular]:mapping=t
ex-text;!
Missing character: There is no 出 (U+51FA) in font [lmroman10-regular]:mapping=t
ex-text;!
Missing character: There is no 数 (U+6570) in font [lmroman10-regular]:mapping=t
ex-text;!
Missing character: There is no 据 (U+636E) in font [lmroman10-regular]:mapping=t
ex-text;!
Missing character: There is no 集 (U+96C6) in font [lmroman10-regular]:mapping=t
ex-text;!
Missing character: There is no 发 (U+53D1) in font [lmroman10-regular]:mapping=t
ex-text;!
Missing character: There is no 展 (U+5C55) in font [lmroman10-regular]:mapping=t
ex-text;!
Missing character: There is no 和 (U+548C) in font [lmroman10-regular]:mapping=t
ex-text;!
Missing character: There is no 使 (U+4F7F) in font [lmroman10-regular]:mapping=t
ex-text;!
Missing character: There is no 用 (U+7528) in font [lmroman10-regular]:mapping=t
ex-text;!
Missing character: There is no 的 (U+7684) in font [lmroman10-regular]:mapping=t
ex-text;!
Missing character: There is no 大 (U+5927) in font [lmroman10-regular]:mapping=t
ex-text;!
Missing character: There is no 规 (U+89C4) in font [lmroman10-regular]:mapping=t
ex-text;!
Missing character: There is no 模 (U+6A21) in font [lmroman10-regular]:mapping=t
ex-text;!
Missing character: There is no 统 (U+7EDF) in font [lmroman10-regular]:mapping=t
ex-text;!
Missing character: There is no 计 (U+8BA1) in font [lmroman10-regular]:mapping=t
ex-text;!
Missing character: There is no 趋 (U+8D8B) in font [lmroman10-regular]:mapping=t
ex-text;!
Missing character: There is no 势 (U+52BF) in font [lmroman10-regular]:mapping=t
ex-text;!
Missing character: There is no 。 (U+3002) in font [lmroman10-regular]:mapping=t
ex-text;!
Missing character: There is no 最 (U+6700) in font [lmroman10-regular]:mapping=t
ex-text;!
Missing character: There is no 后 (U+540E) in font [lmroman10-regular]:mapping=t
ex-text;!
Missing character: There is no 总 (U+603B) in font [lmroman10-regular]:mapping=t
ex-text;!
Missing character: There is no 结 (U+7ED3) in font [lmroman10-regular]:mapping=t
ex-text;!
Missing character: There is no 该 (U+8BE5) in font [lmroman10-regular]:mapping=t
ex-text;!
Missing character: There is no 领 (U+9886) in font [lmroman10-regular]:mapping=t
ex-text;!
Missing character: There is no 域 (U+57DF) in font [lmroman10-regular]:mapping=t
ex-text;!
Missing character: There is no 的 (U+7684) in font [lmroman10-regular]:mapping=t
ex-text;!
Missing character: There is no 挑 (U+6311) in font [lmroman10-regular]:mapping=t
ex-text;!
Missing character: There is no 战 (U+6218) in font [lmroman10-regular]:mapping=t
ex-text;!
Missing character: There is no 与 (U+4E0E) in font [lmroman10-regular]:mapping=t
ex-text;!
Missing character: There is no 局 (U+5C40) in font [lmroman10-regular]:mapping=t
ex-text;!
Missing character: There is no 限 (U+9650) in font [lmroman10-regular]:mapping=t
ex-text;!
Missing character: There is no ， (U+FF0C) in font [lmroman10-regular]:mapping=t
ex-text;!
Missing character: There is no 并 (U+5E76) in font [lmroman10-regular]:mapping=t
ex-text;!
Missing character: There is no 展 (U+5C55) in font [lmroman10-regular]:mapping=t
ex-text;!
Missing character: There is no 望 (U+671B) in font [lmroman10-regular]:mapping=t
ex-text;!
Missing character: There is no 未 (U+672A) in font [lmroman10-regular]:mapping=t
ex-text;!
Missing character: There is no 来 (U+6765) in font [lmroman10-regular]:mapping=t
ex-text;!
Missing character: There is no 研 (U+7814) in font [lmroman10-regular]:mapping=t
ex-text;!
Missing character: There is no 究 (U+7A76) in font [lmroman10-regular]:mapping=t
ex-text;!
Missing character: There is no 方 (U+65B9) in font [lmroman10-regular]:mapping=t
ex-text;!
Missing character: There is no 向 (U+5411) in font [lmroman10-regular]:mapping=t
ex-text;!
Missing character: There is no 。 (U+3002) in font [lmroman10-regular]:mapping=t
ex-text;!
Missing character: There is no 论 (U+8BBA) in font [lmroman10-regular]:mapping=t
ex-text;!
Missing character: There is no 文 (U+6587) in font [lmroman10-regular]:mapping=t
ex-text;!
Missing character: There is no 列 (U+5217) in font [lmroman10-regular]:mapping=t
ex-text;!
Missing character: There is no 表 (U+8868) in font [lmroman10-regular]:mapping=t
ex-text;!
Missing character: There is no 见 (U+89C1) in font [lmroman10-regular]:mapping=t
ex-text;!
LaTeX Font Info:    Trying to load font information for TU+pcr on input line 57
.
LaTeX Font Info:    No file TUpcr.fd. on input line 57.
LaTeX Font Warning: Font shape `TU/pcr/m/n' undefined
(Font)              using `TU/lmr/m/n' instead on input line 57.
LaTeX Font Info:    Trying to load font information for U+lasy on input line 57
.
(/usr/share/texlive/texmf-dist/tex/latex/base/ulasy.fd
File: ulasy.fd 1998/08/17 v2.2e LaTeX symbol font definitions
)
LaTeX Font Info:    Trying to load font information for U+msa on input line 57.


(/usr/share/texlive/texmf-dist/tex/latex/amsfonts/umsa.fd
File: umsa.fd 2013/01/14 v3.01 AMS symbols A
)
LaTeX Font Info:    Trying to load font information for U+msb on input line 57.


(/usr/share/texlive/texmf-dist/tex/latex/amsfonts/umsb.fd
File: umsb.fd 2013/01/14 v3.01 AMS symbols B
)
Missing character: There is no 。 (U+3002) in font [lmroman10-regular]:mapping=t
ex-text;!

Overfull \hbox (442.92206pt too wide) in paragraph at lines 57--58
\TU/phv/b/n/10 具身智能与机器人技术进一步发展的关键瓶颈之一，是机器人数据规模化的挑战。近年来，受益于丰富的人类活动视频和计算机视觉进步，从人类
视频数据中学习机器人操作技能受到广泛关注。这一方向有望让机器人被动地从海量且易获取的人类示范中学习技能，为通用机器人系统的规模化学习提供支持。本文综述人类视频
驱动的机器人学习技术，重点讨论人机技能迁移与数据基础。我们首先回顾机器人策略学习基础，随后介绍引入人类视频的基本接口；接着提出将人类视频迁移为机器人技能的层次
化分类，涵盖任务、观测和动作导向路径，并分析不同数据配置与学习范式之间的耦合关系。此外，我们调研常用人类视频数据集与视频生成方案，给出数据集发展和使用的大规模
统计趋势。最后总结该领域的挑战与局限，并展望未来研究方向。论文列表见
 []

Missing character: There is no 从 (U+4ECE) in font [lmroman17-regular]:mapping=t
ex-text;!
Missing character: There is no 人 (U+4EBA) in font [lmroman17-regular]:mapping=t
ex-text;!
Missing character: There is no 类 (U+7C7B) in font [lmroman17-regular]:mapping=t
ex-text;!
Missing character: There is no 视 (U+89C6) in font [lmroman17-regular]:mapping=t
ex-text;!
Missing character: There is no 频 (U+9891) in font [lmroman17-regular]:mapping=t
ex-text;!
Missing character: There is no 中 (U+4E2D) in font [lmroman17-regular]:mapping=t
ex-text;!
Missing character: There is no 学 (U+5B66) in font [lmroman17-regular]:mapping=t
ex-text;!
Missing character: There is no 习 (U+4E60) in font [lmroman17-regular]:mapping=t
ex-text;!
Missing character: There is no 机 (U+673A) in font [lmroman17-regular]:mapping=t
ex-text;!
Missing character: There is no 器 (U+5668) in font [lmroman17-regular]:mapping=t
ex-text;!
Missing character: There is no 人 (U+4EBA) in font [lmroman17-regular]:mapping=t
ex-text;!
Missing character: There is no ： (U+FF1A) in font [lmroman17-regular]:mapping=t
ex-text;!
Missing character: There is no 综 (U+7EFC) in font [lmroman17-regular]:mapping=t
ex-text;!
Missing character: There is no 述 (U+8FF0) in font [lmroman17-regular]:mapping=t
ex-text;!
LaTeX Font Warning: Font shape `TU/ptm/b/n' undefined
(Font)              using `TU/ptm/m/n' instead on input line 63.

LaTeX Warning: Reference `FirstPage' on page 1 undefined on input line 63.


LaTeX Warning: Reference `LastPage' on page 1 undefined on input line 63.


Overfull \hbox (14.64613pt too wide) in paragraph at lines 63--63
[]\TU/ptm/b/n/7 sagepub.co.uk/journalsPermissions.nav 
 []

Missing character: There is no 介 (U+4ECB) in font [lmroman12-regular]:mapping=t
ex-text;!
Missing character: There is no 绍 (U+7ECD) in font [lmroman12-regular]:mapping=t
ex-text;!
File: figs/teaser.pdf Graphic file (type pdf)
<use figs/teaser.pdf>
File: figs/taxonomy.pdf Graphic file (type pdf)
<use figs/taxonomy.pdf>

Package natbib Warning: Citation `brohan2022rt' on page 1 undefined on input li
ne 87.


Package natbib Warning: Citation `zhao2023learning' on page 1 undefined on inpu
t line 87.


Package natbib Warning: Citation `fu2024mobile' on page 1 undefined on input li
ne 87.


Package natbib Warning: Citation `ze20243d' on page 1 undefined on input line 8
7.


Package natbib Warning: Citation `chi2025diffusion' on page 1 undefined on inpu
t line 87.


Package natbib Warning: Citation `schulman2017proximal' on page 1 undefined on 
input line 87.


Package natbib Warning: Citation `fujimoto2018addressing' on page 1 undefined o
n input line 87.


Package natbib Warning: Citation `haarnoja2018soft' on page 1 undefined on inpu
t line 87.


Package natbib Warning: Citation `hafner2019dream' on page 1 undefined on input
 line 87.


Package natbib Warning: Citation `janner2019trust' on page 1 undefined on input
 line 87.


Package natbib Warning: Citation `chen2024expanding' on page 1 undefined on inp
ut line 87.


Package natbib Warning: Citation `grattafiori2024llama' on page 1 undefined on 
input line 87.


Package natbib Warning: Citation `yang2025qwen3' on page 1 undefined on input l
ine 87.


Package natbib Warning: Citation `mccarthy2025towards' on page 1 undefined on i
nput line 90.


Package natbib Warning: Citation `eze2025learning' on page 1 undefined on input
 line 90.


Package natbib Warning: Citation `feng2026human' on page 1 undefined on input l
ine 90.


Package natbib Warning: Citation `zheng2026video' on page 1 undefined on input 
line 90.

LaTeX Font Warning: Font shape `TU/ptm/m/it' undefined
(Font)              using `TU/ptm/m/n' instead on input line 91.
LaTeX Font Warning: Font shape `TU/phv/m/it' undefined
(Font)              using `TU/phv/m/n' instead on input line 91.
[1



]

Package natbib Warning: Citation `jang2022bc' on page 2 undefined on input line
 114.


Package natbib Warning: Citation `kareer2025egomimic' on page 2 undefined on in
put line 114.


Package natbib Warning: Citation `dan2025x' on page 2 undefined on input line 1
14.


Package natbib Warning: Citation `zhou2025you' on page 2 undefined on input lin
e 114.


Package natbib Warning: Citation `freeman2026warped' on page 2 undefined on inp
ut line 114.


LaTeX Warning: Reference `fig:teaser' on page 2 undefined on input line 119.


LaTeX Warning: Reference `fig:taxonomy' on page 2 undefined on input line 119.


Package natbib Warning: Citation `mao2024learning' on page 2 undefined on input
 line 129.


Package natbib Warning: Citation `allshire2025visual' on page 2 undefined on in
put line 129.


Package natbib Warning: Citation `li2025robomirror' on page 2 undefined on inpu
t line 129.


Package natbib Warning: Citation `yang2026zerowbc' on page 2 undefined on input
 line 129.


LaTeX Warning: Reference `sec:background' on page 2 undefined on input line 129
.


LaTeX Warning: Reference `sec:hr_skill_transfer' on page 2 undefined on input l
ine 129.


LaTeX Warning: Reference `sec:data_foundations' on page 2 undefined on input li
ne 129.


LaTeX Warning: Reference `sec:discussion' on page 2 undefined on input line 129
.


LaTeX Warning: Reference `sec:conclusion' on page 2 undefined on input line 129
.

File: figs/bridging_overview_new.pdf Graphic file (type pdf)
<use figs/bridging_overview_new.pdf>
Missing character: There is no 背 (U+80CC) in font [lmroman12-regular]:mapping=t
ex-text;!
Missing character: There is no 景 (U+666F) in font [lmroman12-regular]:mapping=t
ex-text;!
[2]

LaTeX Warning: Reference `tab:human_video_efficiency' on page 3 undefined on in
put line 159.


LaTeX Warning: Reference `eq:il_eq' on page 3 undefined on input line 159.

[3]
Missing character: There is no 人 (U+4EBA) in font [lmroman12-regular]:mapping=t
ex-text;!
Missing character: There is no 机 (U+673A) in font [lmroman12-regular]:mapping=t
ex-text;!
Missing character: There is no 技 (U+6280) in font [lmroman12-regular]:mapping=t
ex-text;!
Missing character: There is no 能 (U+80FD) in font [lmroman12-regular]:mapping=t
ex-text;!
Missing character: There is no 迁 (U+8FC1) in font [lmroman12-regular]:mapping=t
ex-text;!
Missing character: There is no 移 (U+79FB) in font [lmroman12-regular]:mapping=t
ex-text;!

LaTeX Warning: Reference `sec:unified_formulation' on page 4 undefined on input
 line 198.


LaTeX Warning: Reference `fig:bridging_overview' on page 4 undefined on input l
ine 198.

File: figs/task_structure_transfer.pdf Graphic file (type pdf)
<use figs/task_structure_transfer.pdf>

Package natbib Warning: Citation `yang2015robot' on page 4 undefined on input l
ine 303.


Package natbib Warning: Citation `yang2015robot' on page 4 undefined on input l
ine 303.


Package natbib Warning: Citation `aksoy2017unsupervised' on page 4 undefined on
 input line 303.


Package natbib Warning: Citation `aksoy2017unsupervised' on page 4 undefined on
 input line 303.


Package natbib Warning: Citation `nguyen2018translating' on page 4 undefined on
 input line 303.


Package natbib Warning: Citation `nguyen2018translating' on page 4 undefined on
 input line 303.


Package natbib Warning: Citation `yang2019learning' on page 4 undefined on inpu
t line 303.


Package natbib Warning: Citation `yang2019learning' on page 4 undefined on inpu
t line 303.


Package natbib Warning: Citation `yang2022learning' on page 4 undefined on inpu
t line 303.


Package natbib Warning: Citation `yang2022learning' on page 4 undefined on inpu
t line 303.


Package natbib Warning: Citation `pertsch2022cross' on page 4 undefined on inpu
t line 303.


Package natbib Warning: Citation `pertsch2022cross' on page 4 undefined on inpu
t line 303.


Package natbib Warning: Citation `yang2022explicit' on page 4 undefined on inpu
t line 303.


Package natbib Warning: Citation `yang2022explicit' on page 4 undefined on inpu
t line 303.


Package natbib Warning: Citation `guo2023learning' on page 4 undefined on input
 line 303.


Package natbib Warning: Citation `guo2023learning' on page 4 undefined on input
 line 303.


Package natbib Warning: Citation `yang2023watch' on page 4 undefined on input l
ine 303.


Package natbib Warning: Citation `yang2023watch' on page 4 undefined on input l
ine 303.


Package natbib Warning: Citation `wake2024gpt' on page 4 undefined on input lin
e 303.


Package natbib Warning: Citation `wake2024gpt' on page 4 undefined on input lin
e 303.


Package natbib Warning: Citation `ding2024knowledge' on page 4 undefined on inp
ut line 303.


Package natbib Warning: Citation `ding2024knowledge' on page 4 undefined on inp
ut line 303.


Package natbib Warning: Citation `wang2024vlm' on page 4 undefined on input lin
e 303.


Package natbib Warning: Citation `wang2024vlm' on page 4 undefined on input lin
e 303.


Package natbib Warning: Citation `chen2024vlmimic' on page 4 undefined on input
 line 303.


Package natbib Warning: Citation `chen2024vlmimic' on page 4 undefined on input
 line 303.


Package natbib Warning: Citation `clark2025action' on page 4 undefined on input
 line 303.


Package natbib Warning: Citation `clark2025action' on page 4 undefined on input
 line 303.


Package natbib Warning: Citation `hori2025interactive' on page 4 undefined on i
nput line 303.


Package natbib Warning: Citation `hori2025interactive' on page 4 undefined on i
nput line 303.


Package natbib Warning: Citation `wang2025chain' on page 4 undefined on input l
ine 303.


Package natbib Warning: Citation `wang2025chain' on page 4 undefined on input l
ine 303.


Package natbib Warning: Citation `ma2025egoloc' on page 4 undefined on input li
ne 303.


Package natbib Warning: Citation `ma2025egoloc' on page 4 undefined on input li
ne 303.


Package natbib Warning: Citation `ye2025watch' on page 4 undefined on input lin
e 303.


Package natbib Warning: Citation `ye2025watch' on page 4 undefined on input lin
e 303.


Package natbib Warning: Citation `chen2025fmimic' on page 4 undefined on input 
line 303.


Package natbib Warning: Citation `chen2025fmimic' on page 4 undefined on input 
line 303.


Package natbib Warning: Citation `hori2025robot' on page 4 undefined on input l
ine 303.


Package natbib Warning: Citation `hori2025robot' on page 4 undefined on input l
ine 303.


Package natbib Warning: Citation `lin2025physbrain' on page 4 undefined on inpu
t line 303.


Package natbib Warning: Citation `lin2025physbrain' on page 4 undefined on inpu
t line 303.


LaTeX Warning: Reference `sec:task_structures' on page 4 undefined on input lin
e 304.


LaTeX Warning: Reference `fig:task_structure_transfer' on page 4 undefined on i
nput line 312.


LaTeX Warning: Reference `fig:task_structure_timeline' on page 4 undefined on i
nput line 312.

[4]

Package natbib Warning: Citation `yang2015robot' on page 5 undefined on input l
ine 314.


Package natbib Warning: Citation `aksoy2017unsupervised' on page 5 undefined on
 input line 314.


Package natbib Warning: Citation `nguyen2018translating' on page 5 undefined on
 input line 314.


Package natbib Warning: Citation `yang2019learning' on page 5 undefined on inpu
t line 314.


Package natbib Warning: Citation `yang2022explicit' on page 5 undefined on inpu
t line 314.


Package natbib Warning: Citation `yang2023watch' on page 5 undefined on input l
ine 314.


Package natbib Warning: Citation `pertsch2022cross' on page 5 undefined on inpu
t line 314.


Package natbib Warning: Citation `yang2022learning' on page 5 undefined on inpu
t line 314.


Package natbib Warning: Citation `guo2023learning' on page 5 undefined on input
 line 314.


Package natbib Warning: Citation `wake2024gpt' on page 5 undefined on input lin
e 316.


Package natbib Warning: Citation `achiam2023gpt' on page 5 undefined on input l
ine 316.


Package natbib Warning: Citation `clark2025action' on page 5 undefined on input
 line 317.


Package natbib Warning: Citation `wang2024vlm' on page 5 undefined on input lin
e 317.


Package natbib Warning: Citation `ye2025watch' on page 5 undefined on input lin
e 317.


Package natbib Warning: Citation `lin2025physbrain' on page 5 undefined on inpu
t line 318.


Package natbib Warning: Citation `wang2024vlm' on page 5 undefined on input lin
e 318.


Package natbib Warning: Citation `ye2025watch' on page 5 undefined on input lin
e 318.


Package natbib Warning: Citation `lin2025physbrain' on page 5 undefined on inpu
t line 318.


Package natbib Warning: Citation `hori2025robot' on page 5 undefined on input l
ine 318.


Package natbib Warning: Citation `hori2025interactive' on page 5 undefined on i
nput line 318.


Package natbib Warning: Citation `ma2025egoloc' on page 5 undefined on input li
ne 318.


Package natbib Warning: Citation `ding2024knowledge' on page 5 undefined on inp
ut line 322.


Package natbib Warning: Citation `chen2024vlmimic' on page 5 undefined on input
 line 322.


Package natbib Warning: Citation `chen2025fmimic' on page 5 undefined on input 
line 322.


Package natbib Warning: Citation `wang2025chain' on page 5 undefined on input l
ine 322.

[5]
File: figs/task_intent_transfer.pdf Graphic file (type pdf)
<use figs/task_intent_transfer.pdf>


Package natbib Warning: Citation `yu2018one' on page 6 undefined on input line 
381.


Package natbib Warning: Citation `yu2018one' on page 6 undefined on input line 
381.


Package natbib Warning: Citation `jang2022bc' on page 6 undefined on input line
 381.


Package natbib Warning: Citation `jang2022bc' on page 6 undefined on input line
 381.


Package natbib Warning: Citation `jain2024vid2robot' on page 6 undefined on inp
ut line 381.


Package natbib Warning: Citation `jain2024vid2robot' on page 6 undefined on inp
ut line 381.


Package natbib Warning: Citation `sermanet2016unsupervised' on page 6 undefined
 on input line 381.


Package natbib Warning: Citation `sermanet2016unsupervised' on page 6 undefined
 on input line 381.


Package natbib Warning: Citation `yu2018one_hil' on page 6 undefined on input l
ine 381.


Package natbib Warning: Citation `yu2018one_hil' on page 6 undefined on input l
ine 381.


Package natbib Warning: Citation `sharma2019third' on page 6 undefined on input
 line 381.


Package natbib Warning: Citation `sharma2019third' on page 6 undefined on input
 line 381.


Package natbib Warning: Citation `xu2023xskill' on page 6 undefined on input li
ne 381.


Package natbib Warning: Citation `xu2023xskill' on page 6 undefined on input li
ne 381.


Package natbib Warning: Citation `li2026act' on page 6 undefined on input line 
381.


Package natbib Warning: Citation `li2026act' on page 6 undefined on input line 
381.


LaTeX Warning: Reference `sec:task_intents' on page 6 undefined on input line 3
82.


LaTeX Warning: Reference `fig:task_intent_transfer' on page 6 undefined on inpu
t line 390.


LaTeX Warning: Reference `fig:task_intent_timeline' on page 6 undefined on inpu
t line 390.


Package natbib Warning: Citation `yu2018one' on page 6 undefined on input line 
392.


Package natbib Warning: Citation `jang2022bc' on page 6 undefined on input line
 392.


Package natbib Warning: Citation `jain2024vid2robot' on page 6 undefined on inp
ut line 392.


Package natbib Warning: Citation `vaswani2017attention' on page 6 undefined on 
input line 392.


Package natbib Warning: Citation `perez2018film' on page 6 undefined on input l
ine 392.


Package natbib Warning: Citation `jang2022bc' on page 6 undefined on input line
 392.


Package natbib Warning: Citation `sermanet2016unsupervised' on page 6 undefined
 on input line 395.


Package natbib Warning: Citation `yu2018one_hil' on page 6 undefined on input l
ine 395.


Package natbib Warning: Citation `xu2023xskill' on page 6 undefined on input li
ne 395.


Package natbib Warning: Citation `sharma2019third' on page 6 undefined on input
 line 395.


Package natbib Warning: Citation `li2026act' on page 6 undefined on input line 
395.


Underfull \vbox (badness 10000) has occurred while \output is active []

 [6]

Package natbib Warning: Citation `zhou2021manipulator' on page 7 undefined on i
nput line 484.


Package natbib Warning: Citation `zhou2021manipulator' on page 7 undefined on i
nput line 484.


Package natbib Warning: Citation `bahl2022human' on page 7 undefined on input l
ine 484.


Package natbib Warning: Citation `bahl2022human' on page 7 undefined on input l
ine 484.


Package natbib Warning: Citation `chang2023look' on page 7 undefined on input l
ine 484.


Package natbib Warning: Citation `chang2023look' on page 7 undefined on input l
ine 484.


Package natbib Warning: Citation `li2024ag2manip' on page 7 undefined on input 
line 484.


Package natbib Warning: Citation `li2024ag2manip' on page 7 undefined on input 
line 484.


Package natbib Warning: Citation `xiong2025ag2x2' on page 7 undefined on input 
line 484.


Package natbib Warning: Citation `xiong2025ag2x2' on page 7 undefined on input 
line 484.


Package natbib Warning: Citation `smith2020avid' on page 7 undefined on input l
ine 484.


Package natbib Warning: Citation `smith2020avid' on page 7 undefined on input l
ine 484.


Package natbib Warning: Citation `xiong2021learning' on page 7 undefined on inp
ut line 484.


Package natbib Warning: Citation `xiong2021learning' on page 7 undefined on inp
ut line 484.


Package natbib Warning: Citation `sun2022learning' on page 7 undefined on input
 line 484.


Package natbib Warning: Citation `sun2022learning' on page 7 undefined on input
 line 484.


Package natbib Warning: Citation `duan2023ar2' on page 7 undefined on input lin
e 484.


Package natbib Warning: Citation `duan2023ar2' on page 7 undefined on input lin
e 484.


Package natbib Warning: Citation `lepert2025phantom' on page 7 undefined on inp
ut line 484.


Package natbib Warning: Citation `lepert2025phantom' on page 7 undefined on inp
ut line 484.


Package natbib Warning: Citation `li2025h2r' on page 7 undefined on input line 
484.


Package natbib Warning: Citation `li2025h2r' on page 7 undefined on input line 
484.


Package natbib Warning: Citation `lepert2025masquerade' on page 7 undefined on 
input line 484.


Package natbib Warning: Citation `lepert2025masquerade' on page 7 undefined on 
input line 484.


Package natbib Warning: Citation `li2025mimicdreamer' on page 7 undefined on in
put line 484.


Package natbib Warning: Citation `li2025mimicdreamer' on page 7 undefined on in
put line 484.


Package natbib Warning: Citation `ci2025h2r' on page 7 undefined on input line 
484.


Package natbib Warning: Citation `ci2025h2r' on page 7 undefined on input line 
484.


Package natbib Warning: Citation `tang2025trajectory' on page 7 undefined on in
put line 484.


Package natbib Warning: Citation `tang2025trajectory' on page 7 undefined on in
put line 484.


Package natbib Warning: Citation `song2025mitty' on page 7 undefined on input l
ine 484.


Package natbib Warning: Citation `song2025mitty' on page 7 undefined on input l
ine 484.


Package natbib Warning: Citation `freeman2026warped' on page 7 undefined on inp
ut line 484.


Package natbib Warning: Citation `freeman2026warped' on page 7 undefined on inp
ut line 484.


LaTeX Warning: Reference `sec:transformed_videos' on page 7 undefined on input 
line 485.

File: figs/transformed_videos_transfer.pdf Graphic file (type pdf)
<use figs/transformed_videos_transfer.pdf>

Package natbib Warning: Citation `li2024ag2manip' on page 7 undefined on input 
line 498.


Package natbib Warning: Citation `lepert2025phantom' on page 7 undefined on inp
ut line 498.


LaTeX Warning: Reference `fig:transformed_videos_timeline' on page 7 undefined 
on input line 503.


LaTeX Warning: Reference `fig:transformed_videos_transfer' on page 7 undefined 
on input line 505.


Package natbib Warning: Citation `zhou2021manipulator' on page 7 undefined on i
nput line 505.


Package natbib Warning: Citation `bahl2022human' on page 7 undefined on input l
ine 505.


Package natbib Warning: Citation `lee2019copy' on page 7 undefined on input lin
e 505.


Package natbib Warning: Citation `chang2023look' on page 7 undefined on input l
ine 505.


Package natbib Warning: Citation `rombach2022high' on page 7 undefined on input
 line 505.


Package natbib Warning: Citation `bahl2022human' on page 7 undefined on input l
ine 505.


Package natbib Warning: Citation `li2024ag2manip' on page 7 undefined on input 
line 507.


Package natbib Warning: Citation `xiong2025ag2x2' on page 7 undefined on input 
line 507.


Package natbib Warning: Citation `li2024ag2manip' on page 7 undefined on input 
line 507.


Package natbib Warning: Citation `li2022towards' on page 7 undefined on input l
ine 507.


Package natbib Warning: Citation `xiong2025ag2x2' on page 7 undefined on input 
line 507.


LaTeX Warning: Reference `fig:transformed_videos_transfer' on page 7 undefined 
on input line 510.


Package natbib Warning: Citation `smith2020avid' on page 7 undefined on input l
ine 510.


Package natbib Warning: Citation `zhu2017unpaired' on page 7 undefined on input
 line 510.


Package natbib Warning: Citation `ho2020denoising' on page 7 undefined on input
 line 510.


Package natbib Warning: Citation `rombach2022high' on page 7 undefined on input
 line 510.


Package natbib Warning: Citation `xiong2021learning' on page 7 undefined on inp
ut line 510.


Package natbib Warning: Citation `smith2020avid' on page 7 undefined on input l
ine 510.


Package natbib Warning: Citation `huang2018multimodal' on page 7 undefined on i
nput line 510.


Package natbib Warning: Citation `sun2022learning' on page 7 undefined on input
 line 510.

[7]

Package natbib Warning: Citation `lepert2025phantom' on page 8 undefined on inp
ut line 512.


Package natbib Warning: Citation `li2022towards' on page 8 undefined on input l
ine 512.


Package natbib Warning: Citation `li2024ag2manip' on page 8 undefined on input 
line 512.


Package natbib Warning: Citation `lepert2025masquerade' on page 8 undefined on 
input line 513.


Package natbib Warning: Citation `lepert2025masquerade' on page 8 undefined on 
input line 514.


Package natbib Warning: Citation `lepert2025phantom' on page 8 undefined on inp
ut line 514.


Package natbib Warning: Citation `li2025h2r' on page 8 undefined on input line 
514.


Package natbib Warning: Citation `li2025mimicdreamer' on page 8 undefined on in
put line 514.


Package natbib Warning: Citation `black2024pi_0' on page 8 undefined on input l
ine 514.


Package natbib Warning: Citation `freeman2026warped' on page 8 undefined on inp
ut line 514.


Package natbib Warning: Citation `ci2025h2r' on page 8 undefined on input line 
514.


Package natbib Warning: Citation `lepert2025masquerade' on page 8 undefined on 
input line 514.


Package natbib Warning: Citation `li2025h2r' on page 8 undefined on input line 
514.


Package natbib Warning: Citation `duan2023ar2' on page 8 undefined on input lin
e 515.


Package natbib Warning: Citation `shridhar2023perceiver' on page 8 undefined on
 input line 515.


Underfull \vbox (badness 10000) has occurred while \output is active []

 [8]

Package natbib Warning: Citation `song2025mitty' on page 9 undefined on input l
ine 518.


Package natbib Warning: Citation `song2025mitty' on page 9 undefined on input l
ine 518.


Package natbib Warning: Citation `tang2025trajectory' on page 9 undefined on in
put line 518.


Package natbib Warning: Citation `sermanet2017time' on page 9 undefined on inpu
t line 694.


Package natbib Warning: Citation `sermanet2017time' on page 9 undefined on inpu
t line 694.


Package natbib Warning: Citation `rothfuss2018deep' on page 9 undefined on inpu
t line 694.


Package natbib Warning: Citation `rothfuss2018deep' on page 9 undefined on inpu
t line 694.


Package natbib Warning: Citation `liu2018imitation' on page 9 undefined on inpu
t line 694.


Package natbib Warning: Citation `liu2018imitation' on page 9 undefined on inpu
t line 694.


Package natbib Warning: Citation `schmeckpeper2020reinforcement' on page 9 unde
fined on input line 694.


Package natbib Warning: Citation `schmeckpeper2020reinforcement' on page 9 unde
fined on input line 694.


Package natbib Warning: Citation `smith2020avid' on page 9 undefined on input l
ine 694.


Package natbib Warning: Citation `smith2020avid' on page 9 undefined on input l
ine 694.


Package natbib Warning: Citation `chen2021learning' on page 9 undefined on inpu
t line 694.


Package natbib Warning: Citation `chen2021learning' on page 9 undefined on inpu
t line 694.


Package natbib Warning: Citation `nair2022r3m' on page 9 undefined on input lin
e 694.


Package natbib Warning: Citation `nair2022r3m' on page 9 undefined on input lin
e 694.


Package natbib Warning: Citation `xiao2022masked' on page 9 undefined on input 
line 694.


Package natbib Warning: Citation `xiao2022masked' on page 9 undefined on input 
line 694.


Package natbib Warning: Citation `ma2022vip' on page 9 undefined on input line 
694.


Package natbib Warning: Citation `ma2022vip' on page 9 undefined on input line 
694.


Package natbib Warning: Citation `zakka2022xirl' on page 9 undefined on input l
ine 694.


Package natbib Warning: Citation `zakka2022xirl' on page 9 undefined on input l
ine 694.


Package natbib Warning: Citation `xiong2022robotube' on page 9 undefined on inp
ut line 694.


Package natbib Warning: Citation `xiong2022robotube' on page 9 undefined on inp
ut line 694.


Package natbib Warning: Citation `ma2023liv' on page 9 undefined on input line 
694.


Package natbib Warning: Citation `ma2023liv' on page 9 undefined on input line 
694.


Package natbib Warning: Citation `bhateja2023robotic' on page 9 undefined on in
put line 694.


Package natbib Warning: Citation `bhateja2023robotic' on page 9 undefined on in
put line 694.


Package natbib Warning: Citation `radosavovic2023real' on page 9 undefined on i
nput line 694.


Package natbib Warning: Citation `radosavovic2023real' on page 9 undefined on i
nput line 694.


Package natbib Warning: Citation `karamcheti2023language' on page 9 undefined o
n input line 694.


Package natbib Warning: Citation `karamcheti2023language' on page 9 undefined o
n input line 694.


Package natbib Warning: Citation `dasari2023unbiased' on page 9 undefined on in
put line 694.


Package natbib Warning: Citation `dasari2023unbiased' on page 9 undefined on in
put line 694.


Package natbib Warning: Citation `majumdar2023we' on page 9 undefined on input 
line 694.


Package natbib Warning: Citation `majumdar2023we' on page 9 undefined on input 
line 694.


Package natbib Warning: Citation `burns2023makes' on page 9 undefined on input 
line 694.


Package natbib Warning: Citation `burns2023makes' on page 9 undefined on input 
line 694.


Package natbib Warning: Citation `wu2023unleashing' on page 9 undefined on inpu
t line 694.


Package natbib Warning: Citation `wu2023unleashing' on page 9 undefined on inpu
t line 694.


Package natbib Warning: Citation `mendonca2023structured' on page 9 undefined o
n input line 694.


Package natbib Warning: Citation `mendonca2023structured' on page 9 undefined o
n input line 694.


Package natbib Warning: Citation `chane2023learning' on page 9 undefined on inp
ut line 694.


Package natbib Warning: Citation `chane2023learning' on page 9 undefined on inp
ut line 694.


Package natbib Warning: Citation `huo2023efficient' on page 9 undefined on inpu
t line 694.


Package natbib Warning: Citation `huo2023efficient' on page 9 undefined on inpu
t line 694.


Package natbib Warning: Citation `jain2024vid2robot' on page 9 undefined on inp
ut line 694.


Package natbib Warning: Citation `jain2024vid2robot' on page 9 undefined on inp
ut line 694.


Package natbib Warning: Citation `qian2024contrast' on page 9 undefined on inpu
t line 694.


Package natbib Warning: Citation `qian2024contrast' on page 9 undefined on inpu
t line 694.


Package natbib Warning: Citation `li2024ag2manip' on page 9 undefined on input 
line 694.


Package natbib Warning: Citation `li2024ag2manip' on page 9 undefined on input 
line 694.


Package natbib Warning: Citation `liu2024masked' on page 9 undefined on input l
ine 694.


Package natbib Warning: Citation `liu2024masked' on page 9 undefined on input l
ine 694.


Package natbib Warning: Citation `zeng2024learning' on page 9 undefined on inpu
t line 694.


Package natbib Warning: Citation `zeng2024learning' on page 9 undefined on inpu
t line 694.


Package natbib Warning: Citation `cheang2024gr' on page 9 undefined on input li
ne 694.


Package natbib Warning: Citation `cheang2024gr' on page 9 undefined on input li
ne 694.


Package natbib Warning: Citation `sun2025vtao' on page 9 undefined on input lin
e 694.


Package natbib Warning: Citation `sun2025vtao' on page 9 undefined on input lin
e 694.


Package natbib Warning: Citation `shah2025mimicdroid' on page 9 undefined on in
put line 694.


Package natbib Warning: Citation `shah2025mimicdroid' on page 9 undefined on in
put line 694.


Package natbib Warning: Citation `zhang2025generative' on page 9 undefined on i
nput line 694.


Package natbib Warning: Citation `zhang2025generative' on page 9 undefined on i
nput line 694.


Package natbib Warning: Citation `jiang2025rynnvla' on page 9 undefined on inpu
t line 694.


Package natbib Warning: Citation `jiang2025rynnvla' on page 9 undefined on inpu
t line 694.


Package natbib Warning: Citation `pai2025mimic' on page 9 undefined on input li
ne 694.


Package natbib Warning: Citation `pai2025mimic' on page 9 undefined on input li
ne 694.


Package natbib Warning: Citation `xiong2025ag2x2' on page 9 undefined on input 
line 694.


Package natbib Warning: Citation `xiong2025ag2x2' on page 9 undefined on input 
line 694.


Package natbib Warning: Citation `zhou2025mitigating' on page 9 undefined on in
put line 694.


Package natbib Warning: Citation `zhou2025mitigating' on page 9 undefined on in
put line 694.


Package natbib Warning: Citation `kedia2025one' on page 9 undefined on input li
ne 694.


Package natbib Warning: Citation `kedia2025one' on page 9 undefined on input li
ne 694.


Package natbib Warning: Citation `punamiya2025egobridge' on page 9 undefined on
 input line 694.


Package natbib Warning: Citation `punamiya2025egobridge' on page 9 undefined on
 input line 694.


Package natbib Warning: Citation `liu2025immimic' on page 9 undefined on input 
line 694.


Package natbib Warning: Citation `liu2025immimic' on page 9 undefined on input 
line 694.


Package natbib Warning: Citation `zhu2025learning' on page 9 undefined on input
 line 694.


Package natbib Warning: Citation `zhu2025learning' on page 9 undefined on input
 line 694.


Package natbib Warning: Citation `goswami2025world' on page 9 undefined on inpu
t line 694.


Package natbib Warning: Citation `goswami2025world' on page 9 undefined on inpu
t line 694.


Package natbib Warning: Citation `ye2026visual' on page 9 undefined on input li
ne 694.


Package natbib Warning: Citation `ye2026visual' on page 9 undefined on input li
ne 694.


LaTeX Warning: Reference `sec:visual_embeddings' on page 9 undefined on input l
ine 695.

File: figs/visual_embeddings_transfer.pdf Graphic file (type pdf)
<use figs/visual_embeddings_transfer.pdf>

Package natbib Warning: Citation `nair2022r3m' on page 9 undefined on input lin
e 706.


Package natbib Warning: Citation `xiao2022masked' on page 9 undefined on input 
line 706.


Package natbib Warning: Citation `zhu2025learning' on page 9 undefined on input
 line 706.


Package natbib Warning: Citation `punamiya2025egobridge' on page 9 undefined on
 input line 706.


Package natbib Warning: Citation `chen2021learning' on page 9 undefined on inpu
t line 706.


LaTeX Warning: Reference `fig:visual_embeddings_timeline' on page 9 undefined o
n input line 711.


Package natbib Warning: Citation `sermanet2017time' on page 9 undefined on inpu
t line 713.


Package natbib Warning: Citation `nair2022r3m' on page 9 undefined on input lin
e 713.


Package natbib Warning: Citation `ma2022vip' on page 9 undefined on input line 
713.


Package natbib Warning: Citation `ma2023liv' on page 9 undefined on input line 
713.


LaTeX Warning: Reference `fig:visual_embeddings_transfer' on page 9 undefined o
n input line 713.


Package natbib Warning: Citation `nair2022r3m' on page 9 undefined on input lin
e 713.


Package natbib Warning: Citation `grauman2022ego4d' on page 9 undefined on inpu
t line 713.


Package natbib Warning: Citation `shaw2023videodex' on page 9 undefined on inpu
t line 713.


Package natbib Warning: Citation `mendonca2023structured' on page 9 undefined o
n input line 713.


Package natbib Warning: Citation `li2024ag2manip' on page 9 undefined on input 
line 713.


Package natbib Warning: Citation `xiong2025ag2x2' on page 9 undefined on input 
line 713.


Package natbib Warning: Citation `ma2022vip' on page 9 undefined on input line 
713.


Package natbib Warning: Citation `ma2023liv' on page 9 undefined on input line 
713.


Package natbib Warning: Citation `ma2022vip' on page 9 undefined on input line 
713.


Package natbib Warning: Citation `bhateja2023robotic' on page 9 undefined on in
put line 714.


Package natbib Warning: Citation `ma2022vip' on page 9 undefined on input line 
714.


Package natbib Warning: Citation `li2024ag2manip' on page 9 undefined on input 
line 714.


Package natbib Warning: Citation `xiong2025ag2x2' on page 9 undefined on input 
line 714.


LaTeX Warning: Reference `fig:visual_embeddings_transfer' on page 9 undefined o
n input line 716.


Package natbib Warning: Citation `he2022masked' on page 9 undefined on input li
ne 716.


Package natbib Warning: Citation `xiao2022masked' on page 9 undefined on input 
line 716.


Package natbib Warning: Citation `radosavovic2023real' on page 9 undefined on i
nput line 716.


Package natbib Warning: Citation `xiao2022masked' on page 9 undefined on input 
line 716.


Package natbib Warning: Citation `xiao2022masked' on page 9 undefined on input 
line 716.


Package natbib Warning: Citation `nair2022r3m' on page 9 undefined on input lin
e 716.


Package natbib Warning: Citation `karamcheti2023language' on page 9 undefined o
n input line 716.


Package natbib Warning: Citation `karamcheti2023language' on page 9 undefined o
n input line 716.


Package natbib Warning: Citation `liu2024masked' on page 9 undefined on input l
ine 716.


Package natbib Warning: Citation `liu2024masked' on page 9 undefined on input l
ine 716.


Package natbib Warning: Citation `sun2025vtao' on page 9 undefined on input lin
e 716.


Package natbib Warning: Citation `ye2026visual' on page 9 undefined on input li
ne 716.


Package natbib Warning: Citation `vaswani2017attention' on page 9 undefined on 
input line 716.


Package natbib Warning: Citation `shah2025mimicdroid' on page 9 undefined on in
put line 717.

[9]

Package natbib Warning: Citation `majumdar2023we' on page 10 undefined on input
 line 719.


Package natbib Warning: Citation `dosovitskiy2020image' on page 10 undefined on
 input line 719.


Package natbib Warning: Citation `dasari2023unbiased' on page 10 undefined on i
nput line 719.


Package natbib Warning: Citation `deng2009imagenet' on page 10 undefined on inp
ut line 719.


Package natbib Warning: Citation `smaira2020short' on page 10 undefined on inpu
t line 719.


Package natbib Warning: Citation `shan2020understanding' on page 10 undefined o
n input line 719.


Package natbib Warning: Citation `dasari2023unbiased' on page 10 undefined on i
nput line 720.


Package natbib Warning: Citation `majumdar2023we' on page 10 undefined on input
 line 720.


Package natbib Warning: Citation `burns2023makes' on page 10 undefined on input
 line 720.


LaTeX Warning: Reference `fig:visual_embeddings_transfer' on page 10 undefined 
on input line 723.


Package natbib Warning: Citation `liao2025genie' on page 10 undefined on input 
line 724.


Package natbib Warning: Citation `ye2026world' on page 10 undefined on input li
ne 724.


Package natbib Warning: Citation `rothfuss2018deep' on page 10 undefined on inp
ut line 725.


Package natbib Warning: Citation `zeng2024learning' on page 10 undefined on inp
ut line 725.


Package natbib Warning: Citation `nair2022r3m' on page 10 undefined on input li
ne 725.


Package natbib Warning: Citation `xiao2022masked' on page 10 undefined on input
 line 725.


Package natbib Warning: Citation `karamcheti2023language' on page 10 undefined 
on input line 725.


Package natbib Warning: Citation `zhang2025generative' on page 10 undefined on 
input line 725.


Package natbib Warning: Citation `liu2022flow' on page 10 undefined on input li
ne 725.


Package natbib Warning: Citation `zhang2025generative' on page 10 undefined on 
input line 726.


Package natbib Warning: Citation `zhu2025learning' on page 10 undefined on inpu
t line 726.


Package natbib Warning: Citation `wu2023unleashing' on page 10 undefined on inp
ut line 726.


Package natbib Warning: Citation `cheang2024gr' on page 10 undefined on input l
ine 726.


Package natbib Warning: Citation `wu2023unleashing' on page 10 undefined on inp
ut line 726.


Package natbib Warning: Citation `jiang2025rynnvla' on page 10 undefined on inp
ut line 726.


Package natbib Warning: Citation `pai2025mimic' on page 10 undefined on input l
ine 726.


Package natbib Warning: Citation `agarwal2025cosmos' on page 10 undefined on in
put line 726.


Package natbib Warning: Citation `ali2025world' on page 10 undefined on input l
ine 726.

[10]

Package natbib Warning: Citation `mower2026robot' on page 11 undefined on input
 line 729.


LaTeX Warning: Reference `fig:visual_embeddings_transfer' on page 11 undefined 
on input line 729.


Package natbib Warning: Citation `schmeckpeper2020reinforcement' on page 11 und
efined on input line 729.


Package natbib Warning: Citation `jain2024vid2robot' on page 11 undefined on in
put line 729.


Package natbib Warning: Citation `kedia2025one' on page 11 undefined on input l
ine 729.


Package natbib Warning: Citation `punamiya2025egobridge' on page 11 undefined o
n input line 729.


Package natbib Warning: Citation `sakoe1978dynamic' on page 11 undefined on inp
ut line 729.


Package natbib Warning: Citation `punamiya2025egobridge' on page 11 undefined o
n input line 729.


Package natbib Warning: Citation `liu2025immimic' on page 11 undefined on input
 line 729.


Package natbib Warning: Citation `zhang2017mixup' on page 11 undefined on input
 line 730.


Package natbib Warning: Citation `zhou2025mitigating' on page 11 undefined on i
nput line 730.


LaTeX Warning: Reference `fig:visual_embeddings_transfer' on page 11 undefined 
on input line 732.


Package natbib Warning: Citation `liu2018imitation' on page 11 undefined on inp
ut line 732.


Package natbib Warning: Citation `zakka2022xirl' on page 11 undefined on input 
line 732.


Package natbib Warning: Citation `huo2023efficient' on page 11 undefined on inp
ut line 732.


Package natbib Warning: Citation `xiong2022robotube' on page 11 undefined on in
put line 732.


Package natbib Warning: Citation `qian2024contrast' on page 11 undefined on inp
ut line 732.


Package natbib Warning: Citation `mendonca2023structured' on page 11 undefined 
on input line 732.


Package natbib Warning: Citation `goswami2025world' on page 11 undefined on inp
ut line 732.

[11]

Package natbib Warning: Citation `smith2020avid' on page 12 undefined on input 
line 734.


Package natbib Warning: Citation `smith2020avid' on page 12 undefined on input 
line 734.


Package natbib Warning: Citation `chen2021learning' on page 12 undefined on inp
ut line 734.


Package natbib Warning: Citation `smith2020avid' on page 12 undefined on input 
line 734.


Package natbib Warning: Citation `chane2023learning' on page 12 undefined on in
put line 734.


Package natbib Warning: Citation `chen2021learning' on page 12 undefined on inp
ut line 734.

File: figs/hoi_affordances.pdf Graphic file (type pdf)
<use figs/hoi_affordances.pdf>

Package natbib Warning: Citation `zhang2020mediapipe' on page 12 undefined on i
nput line 755.


Package natbib Warning: Citation `labbe2022megapose' on page 12 undefined on in
put line 755.


Package natbib Warning: Citation `sivakumar2022robotic' on page 12 undefined on
 input line 755.


Package natbib Warning: Citation `qin2022dexmv' on page 12 undefined on input l
ine 755.


Package natbib Warning: Citation `cheng2023towards' on page 12 undefined on inp
ut line 755.


Package natbib Warning: Citation `wen2023bundlesdf' on page 12 undefined on inp
ut line 755.


Package natbib Warning: Citation `wang2023mimicplay' on page 12 undefined on in
put line 755.


Package natbib Warning: Citation `kumar2023graph' on page 12 undefined on input
 line 755.


Package natbib Warning: Citation `bahl2023affordances' on page 12 undefined on 
input line 755.


Package natbib Warning: Citation `wen2023any' on page 12 undefined on input lin
e 755.


Package natbib Warning: Citation `karaev2024cotracker' on page 12 undefined on 
input line 755.


Package natbib Warning: Citation `bahety2024screwmimic' on page 12 undefined on
 input line 755.


Package natbib Warning: Citation `kerr2024robot' on page 12 undefined on input 
line 755.


Package natbib Warning: Citation `zhang2025hawor' on page 12 undefined on input
 line 755.


Package natbib Warning: Citation `xiao2025spatialtrackerv2' on page 12 undefine
d on input line 755.


Package natbib Warning: Citation `chen2025visa' on page 12 undefined on input l
ine 755.


Package natbib Warning: Citation `hsieh2025dexman' on page 12 undefined on inpu
t line 755.


Package natbib Warning: Citation `hsu2025spot' on page 12 undefined on input li
ne 755.


Package natbib Warning: Citation `chen2025web2grasp' on page 12 undefined on in
put line 755.


Package natbib Warning: Citation `zhou2025you' on page 12 undefined on input li
ne 755.


Package natbib Warning: Citation `cong2025dytact' on page 12 undefined on input
 line 755.


Package natbib Warning: Citation `wang2026paws' on page 12 undefined on input l
ine 755.


Package natbib Warning: Citation `bahl2023affordances' on page 12 undefined on 
input line 760.


Package natbib Warning: Citation `kannan2023deft' on page 12 undefined on input
 line 760.

[12]

LaTeX Warning: Reference `fig:hoi_affordances' on page 13 undefined on input li
ne 766.


Package natbib Warning: Citation `shan2020understanding' on page 13 undefined o
n input line 766.


Package natbib Warning: Citation `bahl2022human' on page 13 undefined on input 
line 766.


Package natbib Warning: Citation `bahl2023affordances' on page 13 undefined on 
input line 766.


Package natbib Warning: Citation `wang2023mimicplay' on page 13 undefined on in
put line 766.


Package natbib Warning: Citation `kumar2023graph' on page 13 undefined on input
 line 766.


Package natbib Warning: Citation `mendonca2023structured' on page 13 undefined 
on input line 766.


Package natbib Warning: Citation `srirama2024hrp' on page 13 undefined on input
 line 766.


Package natbib Warning: Citation `ju2024robo' on page 13 undefined on input lin
e 766.


Package natbib Warning: Citation `jonnavittula2025view' on page 13 undefined on
 input line 766.


Package natbib Warning: Citation `lu2025visual' on page 13 undefined on input l
ine 766.


Package natbib Warning: Citation `goyal2022human' on page 13 undefined on input
 line 766.


Package natbib Warning: Citation `heidinger20252handedafforder' on page 13 unde
fined on input line 766.


Package natbib Warning: Citation `cheng2023towards' on page 13 undefined on inp
ut line 766.


Package natbib Warning: Citation `heppert2024ditto' on page 13 undefined on inp
ut line 766.


Package natbib Warning: Citation `shan2025slot' on page 13 undefined on input l
ine 766.


Package natbib Warning: Citation `wang2026paws' on page 13 undefined on input l
ine 766.


Package natbib Warning: Citation `li2022grounded' on page 13 undefined on input
 line 766.


Package natbib Warning: Citation `liu2024grounding' on page 13 undefined on inp
ut line 766.


Package natbib Warning: Citation `Ultralytics2023' on page 13 undefined on inpu
t line 766.


Package natbib Warning: Citation `khanam2024yolov5' on page 13 undefined on inp
ut line 766.


Package natbib Warning: Citation `sohan2024review' on page 13 undefined on inpu
t line 766.


Package natbib Warning: Citation `cheng2024yolo' on page 13 undefined on input 
line 766.


Package natbib Warning: Citation `kirillov2023segment' on page 13 undefined on 
input line 766.


Package natbib Warning: Citation `zhang2023faster' on page 13 undefined on inpu
t line 766.


Package natbib Warning: Citation `ren2024grounded' on page 13 undefined on inpu
t line 766.


Package natbib Warning: Citation `ravi2024sam' on page 13 undefined on input li
ne 766.


Package natbib Warning: Citation `carion2025sam' on page 13 undefined on input 
line 766.


Package natbib Warning: Citation `xu2024flow' on page 13 undefined on input lin
e 766.


Package natbib Warning: Citation `wang2024vlm' on page 13 undefined on input li
ne 766.


Package natbib Warning: Citation `ma2025madiff' on page 13 undefined on input l
ine 766.


Package natbib Warning: Citation `yoshida2025developing' on page 13 undefined o
n input line 766.


Package natbib Warning: Citation `ma2025uni' on page 13 undefined on input line
 766.


Package natbib Warning: Citation `ma2025egoloc' on page 13 undefined on input l
ine 766.


Package natbib Warning: Citation `li2025h2r' on page 13 undefined on input line
 766.


Package natbib Warning: Citation `chen2025visa' on page 13 undefined on input l
ine 766.


Package natbib Warning: Citation `hsu2025spot' on page 13 undefined on input li
ne 766.


Package natbib Warning: Citation `xiong2025ag2x2' on page 13 undefined on input
 line 766.


Package natbib Warning: Citation `karaev2024cotracker' on page 13 undefined on 
input line 768.


Package natbib Warning: Citation `karaev2025cotracker3' on page 13 undefined on
 input line 768.


Package natbib Warning: Citation `bharadhwaj2024track2act' on page 13 undefined
 on input line 768.


Package natbib Warning: Citation `li2024okami' on page 13 undefined on input li
ne 768.


Package natbib Warning: Citation `yuan2024general' on page 13 undefined on inpu
t line 768.


Package natbib Warning: Citation `werby2025articulated' on page 13 undefined on
 input line 768.


Package natbib Warning: Citation `chen2025visa' on page 13 undefined on input l
ine 768.


Package natbib Warning: Citation `hsu2025spot' on page 13 undefined on input li
ne 768.


Package natbib Warning: Citation `guzey2025bridging' on page 13 undefined on in
put line 768.


Package natbib Warning: Citation `chen2025graphmimic' on page 13 undefined on i
nput line 768.


Package natbib Warning: Citation `haldar2025point' on page 13 undefined on inpu
t line 768.


Package natbib Warning: Citation `liu2025egozero' on page 13 undefined on input
 line 768.


Package natbib Warning: Citation `ci2025h2r' on page 13 undefined on input line
 768.


Package natbib Warning: Citation `tang2025functo' on page 13 undefined on input
 line 768.


Package natbib Warning: Citation `guzey2025dexterity' on page 13 undefined on i
nput line 768.


Package natbib Warning: Citation `shi2026care' on page 13 undefined on input li
ne 768.


Package natbib Warning: Citation `doersch2023tapir' on page 13 undefined on inp
ut line 768.


Package natbib Warning: Citation `doersch2024bootstap' on page 13 undefined on 
input line 768.


Package natbib Warning: Citation `xu2024flow' on page 13 undefined on input lin
e 768.


Package natbib Warning: Citation `papagiannis2025r' on page 13 undefined on inp
ut line 768.


Package natbib Warning: Citation `chen2025graphmimic' on page 13 undefined on i
nput line 768.


Package natbib Warning: Citation `spiridonov2025generalist' on page 13 undefine
d on input line 768.


Package natbib Warning: Citation `cho2024local' on page 13 undefined on input l
ine 768.


Package natbib Warning: Citation `hu2025learning' on page 13 undefined on input
 line 768.


Underfull \vbox (badness 10000) has occurred while \output is active []

 [13]

LaTeX Warning: Reference `fig:hoi_affordances' on page 14 undefined on input li
ne 771.


Package natbib Warning: Citation `zhang2020mediapipe' on page 14 undefined on i
nput line 772.


Package natbib Warning: Citation `arunachalam2022dexterous' on page 14 undefine
d on input line 772.


Package natbib Warning: Citation `qin2022one' on page 14 undefined on input lin
e 772.


Package natbib Warning: Citation `gao2023k' on page 14 undefined on input line 
772.


Package natbib Warning: Citation `gu2023rt' on page 14 undefined on input line 
772.


Package natbib Warning: Citation `zhou2025human' on page 14 undefined on input 
line 772.


Package natbib Warning: Citation `lu2025visual' on page 14 undefined on input l
ine 772.


Package natbib Warning: Citation `haldar2025point' on page 14 undefined on inpu
t line 772.


Package natbib Warning: Citation `rong2020frankmocap' on page 14 undefined on i
nput line 772.


Package natbib Warning: Citation `patel2022learning' on page 14 undefined on in
put line 772.


Package natbib Warning: Citation `mandikal2022dexvip' on page 14 undefined on i
nput line 772.


Package natbib Warning: Citation `sivakumar2022robotic' on page 14 undefined on
 input line 772.


Package natbib Warning: Citation `kannan2023deft' on page 14 undefined on input
 line 772.


Package natbib Warning: Citation `srirama2024hrp' on page 14 undefined on input
 line 772.


Package natbib Warning: Citation `bahety2024screwmimic' on page 14 undefined on
 input line 772.


Package natbib Warning: Citation `chen2024vlmimic' on page 14 undefined on inpu
t line 772.


Package natbib Warning: Citation `chen2025fmimic' on page 14 undefined on input
 line 772.


Package natbib Warning: Citation `pavlakos2024reconstructing' on page 14 undefi
ned on input line 772.


Package natbib Warning: Citation `li2024okami' on page 14 undefined on input li
ne 772.


Package natbib Warning: Citation `shi2025zeromimic' on page 14 undefined on inp
ut line 772.


Package natbib Warning: Citation `papagiannis2025r' on page 14 undefined on inp
ut line 772.


Package natbib Warning: Citation `lum2025crossing' on page 14 undefined on inpu
t line 772.


Package natbib Warning: Citation `liu2025egozero' on page 14 undefined on input
 line 772.


Package natbib Warning: Citation `hsieh2025dexman' on page 14 undefined on inpu
t line 772.


Package natbib Warning: Citation `luo2025being' on page 14 undefined on input l
ine 772.


Package natbib Warning: Citation `guzey2025dexterity' on page 14 undefined on i
nput line 772.


Package natbib Warning: Citation `chen2026dexterous' on page 14 undefined on in
put line 772.


Package natbib Warning: Citation `potamias2025wilor' on page 14 undefined on in
put line 772.


Package natbib Warning: Citation `zhou2025you' on page 14 undefined on input li
ne 772.


Package natbib Warning: Citation `yuan2025hermes' on page 14 undefined on input
 line 772.


Package natbib Warning: Citation `zhu2025learning' on page 14 undefined on inpu
t line 772.


Package natbib Warning: Citation `shah2025mimicdroid' on page 14 undefined on i
nput line 772.


Package natbib Warning: Citation `zhang2025hawor' on page 14 undefined on input
 line 772.


Package natbib Warning: Citation `li2025scalable' on page 14 undefined on input
 line 772.


Package natbib Warning: Citation `luo2026being' on page 14 undefined on input l
ine 772.


Package natbib Warning: Citation `luo2026joint' on page 14 undefined on input l
ine 772.


Package natbib Warning: Citation `feng2025spatial' on page 14 undefined on inpu
t line 772.


Package natbib Warning: Citation `yang2026aoe' on page 14 undefined on input li
ne 772.


Package natbib Warning: Citation `xie2026egohandicl' on page 14 undefined on in
put line 772.


Package natbib Warning: Citation `yang2026sam' on page 14 undefined on input li
ne 772.


Package natbib Warning: Citation `ma2025uni' on page 14 undefined on input line
 772.


LaTeX Warning: Reference `fig:hoi_affordances' on page 14 undefined on input li
ne 774.


Package natbib Warning: Citation `wen2023bundlesdf' on page 14 undefined on inp
ut line 774.


Package natbib Warning: Citation `chen2024vlmimic' on page 14 undefined on inpu
t line 774.


Package natbib Warning: Citation `patel2025robotic' on page 14 undefined on inp
ut line 774.


Package natbib Warning: Citation `hsu2025spot' on page 14 undefined on input li
ne 774.


Package natbib Warning: Citation `xu2024instantmesh' on page 14 undefined on in
put line 774.


Package natbib Warning: Citation `meshyai' on page 14 undefined on input line 7
74.


Package natbib Warning: Citation `xiang2025structured' on page 14 undefined on 
input line 774.


Package natbib Warning: Citation `chen2025web2grasp' on page 14 undefined on in
put line 774.


Package natbib Warning: Citation `ye2025video2policy' on page 14 undefined on i
nput line 774.


Package natbib Warning: Citation `hsieh2025dexman' on page 14 undefined on inpu
t line 774.


Package natbib Warning: Citation `soraki2026objectforesight' on page 14 undefin
ed on input line 774.


Package natbib Warning: Citation `chen2026dexterous' on page 14 undefined on in
put line 774.


Package natbib Warning: Citation `labbe2022megapose' on page 14 undefined on in
put line 776.


Package natbib Warning: Citation `liang2024dreamitate' on page 14 undefined on 
input line 776.


Package natbib Warning: Citation `patel2025robotic' on page 14 undefined on inp
ut line 776.


Package natbib Warning: Citation `wen2024foundationpose' on page 14 undefined o
n input line 776.


Package natbib Warning: Citation `chen2024vlmimic' on page 14 undefined on inpu
t line 776.


Package natbib Warning: Citation `yuan2025hermes' on page 14 undefined on input
 line 776.


Package natbib Warning: Citation `hsieh2025dexman' on page 14 undefined on inpu
t line 776.


Package natbib Warning: Citation `mao2025robot' on page 14 undefined on input l
ine 776.


Package natbib Warning: Citation `lum2025crossing' on page 14 undefined on inpu
t line 776.


Package natbib Warning: Citation `hsu2025spot' on page 14 undefined on input li
ne 776.


Package natbib Warning: Citation `patel2025robotic' on page 14 undefined on inp
ut line 776.


Package natbib Warning: Citation `soraki2026objectforesight' on page 14 undefin
ed on input line 776.


Package natbib Warning: Citation `fan2026robopaint' on page 14 undefined on inp
ut line 776.


Package natbib Warning: Citation `zou2026activeglasses' on page 14 undefined on
 input line 776.


Package natbib Warning: Citation `lee2025any6d' on page 14 undefined on input l
ine 776.


Package natbib Warning: Citation `wen2024foundationpose' on page 14 undefined o
n input line 776.


Package natbib Warning: Citation `hsieh2025dexman' on page 14 undefined on inpu
t line 776.


Package natbib Warning: Citation `bharadhwaj2024track2act' on page 14 undefined
 on input line 780.


Package natbib Warning: Citation `zhu2024vision' on page 14 undefined on input 
line 780.


Package natbib Warning: Citation `haldar2025point' on page 14 undefined on inpu
t line 780.


Package natbib Warning: Citation `liu2025egozero' on page 14 undefined on input
 line 780.


Package natbib Warning: Citation `tang2025functo' on page 14 undefined on input
 line 780.


LaTeX Warning: Reference `fig:hoi_affordances' on page 14 undefined on input li
ne 780.


Package natbib Warning: Citation `xiao2024spatialtracker' on page 14 undefined 
on input line 780.


Package natbib Warning: Citation `xiao2025spatialtrackerv2' on page 14 undefine
d on input line 780.


Package natbib Warning: Citation `hsieh2025dexman' on page 14 undefined on inpu
t line 780.


Package natbib Warning: Citation `yoshida2025generating' on page 14 undefined o
n input line 780.


Package natbib Warning: Citation `yoshida2025developing' on page 14 undefined o
n input line 780.


LaTeX Warning: Reference `fig:hoi_affordances' on page 14 undefined on input li
ne 782.


Package natbib Warning: Citation `kerr2024robot' on page 14 undefined on input 
line 782.


Package natbib Warning: Citation `wang2026paws' on page 14 undefined on input l
ine 782.


Package natbib Warning: Citation `cong2025dytact' on page 14 undefined on input
 line 782.

[14]

LaTeX Warning: Reference `fig:affordances_transfer' on page 15 undefined on inp
ut line 787.


LaTeX Warning: Reference `fig:affordances_timeline' on page 15 undefined on inp
ut line 787.

File: figs/affordances_transfer_vertical.pdf Graphic file (type pdf)
<use figs/affordances_transfer_vertical.pdf>

Package natbib Warning: Citation `lee2017learning' on page 15 undefined on inpu
t line 975.


Package natbib Warning: Citation `lee2017learning' on page 15 undefined on inpu
t line 975.


Package natbib Warning: Citation `sieb2020graph' on page 15 undefined on input 
line 975.


Package natbib Warning: Citation `sieb2020graph' on page 15 undefined on input 
line 975.


Package natbib Warning: Citation `das2021model' on page 15 undefined on input l
ine 975.


Package natbib Warning: Citation `das2021model' on page 15 undefined on input l
ine 975.


Package natbib Warning: Citation `patel2022learning' on page 15 undefined on in
put line 975.


Package natbib Warning: Citation `patel2022learning' on page 15 undefined on in
put line 975.


Package natbib Warning: Citation `mandikal2022dexvip' on page 15 undefined on i
nput line 975.


Package natbib Warning: Citation `mandikal2022dexvip' on page 15 undefined on i
nput line 975.


Package natbib Warning: Citation `sivakumar2022robotic' on page 15 undefined on
 input line 975.


Package natbib Warning: Citation `sivakumar2022robotic' on page 15 undefined on
 input line 975.


Package natbib Warning: Citation `arunachalam2022dexterous' on page 15 undefine
d on input line 975.


Package natbib Warning: Citation `arunachalam2022dexterous' on page 15 undefine
d on input line 975.


Package natbib Warning: Citation `qin2022one' on page 15 undefined on input lin
e 975.


Package natbib Warning: Citation `qin2022one' on page 15 undefined on input lin
e 975.


Package natbib Warning: Citation `bahl2022human' on page 15 undefined on input 
line 975.


Package natbib Warning: Citation `bahl2022human' on page 15 undefined on input 
line 975.


Package natbib Warning: Citation `wen2022you' on page 15 undefined on input lin
e 975.


Package natbib Warning: Citation `wen2022you' on page 15 undefined on input lin
e 975.


Package natbib Warning: Citation `jiang2022ditto' on page 15 undefined on input
 line 975.


Package natbib Warning: Citation `jiang2022ditto' on page 15 undefined on input
 line 975.


Package natbib Warning: Citation `qin2022dexmv' on page 15 undefined on input l
ine 975.


Package natbib Warning: Citation `qin2022dexmv' on page 15 undefined on input l
ine 975.


Package natbib Warning: Citation `shaw2023videodex' on page 15 undefined on inp
ut line 975.


Package natbib Warning: Citation `shaw2023videodex' on page 15 undefined on inp
ut line 975.


Package natbib Warning: Citation `kumar2023graph' on page 15 undefined on input
 line 975.


Package natbib Warning: Citation `kumar2023graph' on page 15 undefined on input
 line 975.


Package natbib Warning: Citation `wang2023mimicplay' on page 15 undefined on in
put line 975.


Package natbib Warning: Citation `wang2023mimicplay' on page 15 undefined on in
put line 975.


Package natbib Warning: Citation `bharadhwaj2023towards' on page 15 undefined o
n input line 975.


Package natbib Warning: Citation `bharadhwaj2023towards' on page 15 undefined o
n input line 975.


Package natbib Warning: Citation `wen2023any' on page 15 undefined on input lin
e 975.


Package natbib Warning: Citation `wen2023any' on page 15 undefined on input lin
e 975.


Package natbib Warning: Citation `wang2023robot' on page 15 undefined on input 
line 975.


Package natbib Warning: Citation `wang2023robot' on page 15 undefined on input 
line 975.


Package natbib Warning: Citation `gu2023rt' on page 15 undefined on input line 
975.


Package natbib Warning: Citation `gu2023rt' on page 15 undefined on input line 
975.


Package natbib Warning: Citation `bharadhwaj2023zero' on page 15 undefined on i
nput line 975.


Package natbib Warning: Citation `bharadhwaj2023zero' on page 15 undefined on i
nput line 975.


Package natbib Warning: Citation `bahl2023affordances' on page 15 undefined on 
input line 975.


Package natbib Warning: Citation `bahl2023affordances' on page 15 undefined on 
input line 975.


Package natbib Warning: Citation `kannan2023deft' on page 15 undefined on input
 line 975.


Package natbib Warning: Citation `kannan2023deft' on page 15 undefined on input
 line 975.


Package natbib Warning: Citation `ko2023learning' on page 15 undefined on input
 line 975.


Package natbib Warning: Citation `ko2023learning' on page 15 undefined on input
 line 975.


Package natbib Warning: Citation `gao2023k' on page 15 undefined on input line 
975.


Package natbib Warning: Citation `gao2023k' on page 15 undefined on input line 
975.


Package natbib Warning: Citation `ye2023learning' on page 15 undefined on input
 line 975.


Package natbib Warning: Citation `ye2023learning' on page 15 undefined on input
 line 975.


Package natbib Warning: Citation `srirama2024hrp' on page 15 undefined on input
 line 975.


Package natbib Warning: Citation `srirama2024hrp' on page 15 undefined on input
 line 975.


Package natbib Warning: Citation `bharadhwaj2024track2act' on page 15 undefined
 on input line 975.


Package natbib Warning: Citation `bharadhwaj2024track2act' on page 15 undefined
 on input line 975.


Package natbib Warning: Citation `xu2024flow' on page 15 undefined on input lin
e 975.


Package natbib Warning: Citation `xu2024flow' on page 15 undefined on input lin
e 975.


Package natbib Warning: Citation `kuang2024ram' on page 15 undefined on input l
ine 975.


Package natbib Warning: Citation `kuang2024ram' on page 15 undefined on input l
ine 975.


Package natbib Warning: Citation `yuan2024general' on page 15 undefined on inpu
t line 975.


Package natbib Warning: Citation `yuan2024general' on page 15 undefined on inpu
t line 975.


Package natbib Warning: Citation `heppert2024ditto' on page 15 undefined on inp
ut line 975.


Package natbib Warning: Citation `heppert2024ditto' on page 15 undefined on inp
ut line 975.


Package natbib Warning: Citation `ju2024robo' on page 15 undefined on input lin
e 975.


Package natbib Warning: Citation `ju2024robo' on page 15 undefined on input lin
e 975.


Package natbib Warning: Citation `kerr2024robot' on page 15 undefined on input 
line 975.


Package natbib Warning: Citation `kerr2024robot' on page 15 undefined on input 
line 975.


Package natbib Warning: Citation `bahety2024screwmimic' on page 15 undefined on
 input line 975.


Package natbib Warning: Citation `bahety2024screwmimic' on page 15 undefined on
 input line 975.


Package natbib Warning: Citation `zhu2024vision' on page 15 undefined on input 
line 975.


Package natbib Warning: Citation `zhu2024vision' on page 15 undefined on input 
line 975.


Package natbib Warning: Citation `li2024okami' on page 15 undefined on input li
ne 975.


Package natbib Warning: Citation `li2024okami' on page 15 undefined on input li
ne 975.


Package natbib Warning: Citation `chen2025visa' on page 15 undefined on input l
ine 975.


Package natbib Warning: Citation `chen2025visa' on page 15 undefined on input l
ine 975.


Package natbib Warning: Citation `spiridonov2025generalist' on page 15 undefine
d on input line 975.


Package natbib Warning: Citation `spiridonov2025generalist' on page 15 undefine
d on input line 975.


Package natbib Warning: Citation `yang2025ar' on page 15 undefined on input lin
e 975.


Package natbib Warning: Citation `yang2025ar' on page 15 undefined on input lin
e 975.


Package natbib Warning: Citation `jiang2025rynnvla' on page 15 undefined on inp
ut line 975.


Package natbib Warning: Citation `jiang2025rynnvla' on page 15 undefined on inp
ut line 975.


Package natbib Warning: Citation `yoshida2025developing' on page 15 undefined o
n input line 975.


Package natbib Warning: Citation `yoshida2025developing' on page 15 undefined o
n input line 975.


Package natbib Warning: Citation `yang2025egovla' on page 15 undefined on input
 line 975.


Package natbib Warning: Citation `yang2025egovla' on page 15 undefined on input
 line 975.


Package natbib Warning: Citation `luo2025being' on page 15 undefined on input l
ine 975.


Package natbib Warning: Citation `luo2025being' on page 15 undefined on input l
ine 975.


Package natbib Warning: Citation `li2025scalable' on page 15 undefined on input
 line 975.


Package natbib Warning: Citation `li2025scalable' on page 15 undefined on input
 line 975.


Package natbib Warning: Citation `cai2025n' on page 15 undefined on input line 
975.


Package natbib Warning: Citation `cai2025n' on page 15 undefined on input line 
975.


Package natbib Warning: Citation `feng2025spatial' on page 15 undefined on inpu
t line 975.


Package natbib Warning: Citation `feng2025spatial' on page 15 undefined on inpu
t line 975.


Package natbib Warning: Citation `kareer2025egomimic' on page 15 undefined on i
nput line 975.


Package natbib Warning: Citation `kareer2025egomimic' on page 15 undefined on i
nput line 975.


Package natbib Warning: Citation `qiu2025humanoid' on page 15 undefined on inpu
t line 975.


Package natbib Warning: Citation `qiu2025humanoid' on page 15 undefined on inpu
t line 975.


Package natbib Warning: Citation `yuan2025motiontrans' on page 15 undefined on 
input line 975.


Package natbib Warning: Citation `yuan2025motiontrans' on page 15 undefined on 
input line 975.


Package natbib Warning: Citation `cheang2025gr' on page 15 undefined on input l
ine 975.


Package natbib Warning: Citation `cheang2025gr' on page 15 undefined on input l
ine 975.


Package natbib Warning: Citation `wen2025gr' on page 15 undefined on input line
 975.


Package natbib Warning: Citation `wen2025gr' on page 15 undefined on input line
 975.


Package natbib Warning: Citation `kareer2025emergence' on page 15 undefined on 
input line 975.


Package natbib Warning: Citation `kareer2025emergence' on page 15 undefined on 
input line 975.


Package natbib Warning: Citation `singh2025deep' on page 15 undefined on input 
line 975.


Package natbib Warning: Citation `singh2025deep' on page 15 undefined on input 
line 975.


Package natbib Warning: Citation `dan2025x' on page 15 undefined on input line 
975.


Package natbib Warning: Citation `dan2025x' on page 15 undefined on input line 
975.


Package natbib Warning: Citation `lum2025crossing' on page 15 undefined on inpu
t line 975.


Package natbib Warning: Citation `lum2025crossing' on page 15 undefined on inpu
t line 975.


Package natbib Warning: Citation `jonnavittula2025view' on page 15 undefined on
 input line 975.


Package natbib Warning: Citation `jonnavittula2025view' on page 15 undefined on
 input line 975.


Package natbib Warning: Citation `chen2025vividex' on page 15 undefined on inpu
t line 975.


Package natbib Warning: Citation `chen2025vividex' on page 15 undefined on inpu
t line 975.


Package natbib Warning: Citation `guzey2025bridging' on page 15 undefined on in
put line 975.


Package natbib Warning: Citation `guzey2025bridging' on page 15 undefined on in
put line 975.


Package natbib Warning: Citation `zhao2025dexh2r' on page 15 undefined on input
 line 975.


Package natbib Warning: Citation `zhao2025dexh2r' on page 15 undefined on input
 line 975.


Package natbib Warning: Citation `yuan2025hermes' on page 15 undefined on input
 line 975.


Package natbib Warning: Citation `yuan2025hermes' on page 15 undefined on input
 line 975.


Package natbib Warning: Citation `hsieh2025dexman' on page 15 undefined on inpu
t line 975.


Package natbib Warning: Citation `hsieh2025dexman' on page 15 undefined on inpu
t line 975.


Package natbib Warning: Citation `li2025maniptrans' on page 15 undefined on inp
ut line 975.


Package natbib Warning: Citation `li2025maniptrans' on page 15 undefined on inp
ut line 975.


Package natbib Warning: Citation `zhao2025towards' on page 15 undefined on inpu
t line 975.


Package natbib Warning: Citation `zhao2025towards' on page 15 undefined on inpu
t line 975.


Package natbib Warning: Citation `ye2025video2policy' on page 15 undefined on i
nput line 975.


Package natbib Warning: Citation `ye2025video2policy' on page 15 undefined on i
nput line 975.


Package natbib Warning: Citation `yang2025tra' on page 15 undefined on input li
ne 975.


Package natbib Warning: Citation `yang2025tra' on page 15 undefined on input li
ne 975.


Package natbib Warning: Citation `chen2025graphmimic' on page 15 undefined on i
nput line 975.


Package natbib Warning: Citation `chen2025graphmimic' on page 15 undefined on i
nput line 975.


Package natbib Warning: Citation `zhou2025human' on page 15 undefined on input 
line 975.


Package natbib Warning: Citation `zhou2025human' on page 15 undefined on input 
line 975.


Package natbib Warning: Citation `papagiannis2025r' on page 15 undefined on inp
ut line 975.


Package natbib Warning: Citation `papagiannis2025r' on page 15 undefined on inp
ut line 975.


Package natbib Warning: Citation `park2025demodiffusion' on page 15 undefined o
n input line 975.


Package natbib Warning: Citation `park2025demodiffusion' on page 15 undefined o
n input line 975.


Package natbib Warning: Citation `shi2025zeromimic' on page 15 undefined on inp
ut line 975.


Package natbib Warning: Citation `shi2025zeromimic' on page 15 undefined on inp
ut line 975.


Package natbib Warning: Citation `chen2025vidbot' on page 15 undefined on input
 line 975.


Package natbib Warning: Citation `chen2025vidbot' on page 15 undefined on input
 line 975.


Package natbib Warning: Citation `ma2025uni' on page 15 undefined on input line
 975.


Package natbib Warning: Citation `ma2025uni' on page 15 undefined on input line
 975.


Package natbib Warning: Citation `ren2025motion' on page 15 undefined on input 
line 975.


Package natbib Warning: Citation `ren2025motion' on page 15 undefined on input 
line 975.


Package natbib Warning: Citation `li2025novaflow' on page 15 undefined on input
 line 975.


Package natbib Warning: Citation `li2025novaflow' on page 15 undefined on input
 line 975.


Package natbib Warning: Citation `yin2025object' on page 15 undefined on input 
line 975.


Package natbib Warning: Citation `yin2025object' on page 15 undefined on input 
line 975.


Package natbib Warning: Citation `shan2025slot' on page 15 undefined on input l
ine 975.


Package natbib Warning: Citation `shan2025slot' on page 15 undefined on input l
ine 975.


Package natbib Warning: Citation `hsu2025spot' on page 15 undefined on input li
ne 975.


Package natbib Warning: Citation `hsu2025spot' on page 15 undefined on input li
ne 975.


Package natbib Warning: Citation `tang2025functo' on page 15 undefined on input
 line 975.


Package natbib Warning: Citation `tang2025functo' on page 15 undefined on input
 line 975.


Package natbib Warning: Citation `tang2025mimicfunc' on page 15 undefined on in
put line 975.


Package natbib Warning: Citation `tang2025mimicfunc' on page 15 undefined on in
put line 975.


Package natbib Warning: Citation `werby2025articulated' on page 15 undefined on
 input line 975.


Package natbib Warning: Citation `werby2025articulated' on page 15 undefined on
 input line 975.


Package natbib Warning: Citation `zhang2025actron3d' on page 15 undefined on in
put line 975.


Package natbib Warning: Citation `zhang2025actron3d' on page 15 undefined on in
put line 975.


Package natbib Warning: Citation `haldar2025point' on page 15 undefined on inpu
t line 975.


Package natbib Warning: Citation `haldar2025point' on page 15 undefined on inpu
t line 975.


Package natbib Warning: Citation `liu2025egozero' on page 15 undefined on input
 line 975.


Package natbib Warning: Citation `liu2025egozero' on page 15 undefined on input
 line 975.


Package natbib Warning: Citation `hu2025learning' on page 15 undefined on input
 line 975.


Package natbib Warning: Citation `hu2025learning' on page 15 undefined on input
 line 975.


Package natbib Warning: Citation `chen2025web2grasp' on page 15 undefined on in
put line 975.


Package natbib Warning: Citation `chen2025web2grasp' on page 15 undefined on in
put line 975.


Package natbib Warning: Citation `zhou2025you' on page 15 undefined on input li
ne 975.


Package natbib Warning: Citation `zhou2025you' on page 15 undefined on input li
ne 975.


Package natbib Warning: Citation `heidinger20252handedafforder' on page 15 unde
fined on input line 975.


Package natbib Warning: Citation `heidinger20252handedafforder' on page 15 unde
fined on input line 975.


Package natbib Warning: Citation `bi2026h' on page 15 undefined on input line 9
75.


Package natbib Warning: Citation `bi2026h' on page 15 undefined on input line 9
75.


Package natbib Warning: Citation `zheng2026egoscale' on page 15 undefined on in
put line 975.


Package natbib Warning: Citation `zheng2026egoscale' on page 15 undefined on in
put line 975.


Package natbib Warning: Citation `zhu2026emma' on page 15 undefined on input li
ne 975.


Package natbib Warning: Citation `zhu2026emma' on page 15 undefined on input li
ne 975.


Package natbib Warning: Citation `luo2026being' on page 15 undefined on input l
ine 975.


Package natbib Warning: Citation `luo2026being' on page 15 undefined on input l
ine 975.


Package natbib Warning: Citation `soraki2026objectforesight' on page 15 undefin
ed on input line 975.


Package natbib Warning: Citation `soraki2026objectforesight' on page 15 undefin
ed on input line 975.


Package natbib Warning: Citation `chen2026dexterous' on page 15 undefined on in
put line 975.


Package natbib Warning: Citation `chen2026dexterous' on page 15 undefined on in
put line 975.


Package natbib Warning: Citation `wang2026paws' on page 15 undefined on input l
ine 975.


Package natbib Warning: Citation `wang2026paws' on page 15 undefined on input l
ine 975.


Package natbib Warning: Citation `zhang2026unidex' on page 15 undefined on inpu
t line 975.


Package natbib Warning: Citation `zhang2026unidex' on page 15 undefined on inpu
t line 975.


LaTeX Warning: Reference `sec:affordances' on page 15 undefined on input line 9
76.


Package natbib Warning: Citation `shaw2023videodex' on page 15 undefined on inp
ut line 1020.


Package natbib Warning: Citation `srirama2024hrp' on page 15 undefined on input
 line 1020.


Package natbib Warning: Citation `chen2025visa' on page 15 undefined on input l
ine 1020.


Package natbib Warning: Citation `spiridonov2025generalist' on page 15 undefine
d on input line 1020.


Package natbib Warning: Citation `yang2025ar' on page 15 undefined on input lin
e 1020.


Package natbib Warning: Citation `jiang2025rynnvla' on page 15 undefined on inp
ut line 1020.


Package natbib Warning: Citation `yoshida2025developing' on page 15 undefined o
n input line 1020.


Package natbib Warning: Citation `yang2025egovla' on page 15 undefined on input
 line 1020.


Package natbib Warning: Citation `luo2025being' on page 15 undefined on input l
ine 1020.


Package natbib Warning: Citation `li2025scalable' on page 15 undefined on input
 line 1020.


Package natbib Warning: Citation `cai2025n' on page 15 undefined on input line 
1020.


Package natbib Warning: Citation `feng2025spatial' on page 15 undefined on inpu
t line 1020.


Package natbib Warning: Citation `bi2026h' on page 15 undefined on input line 1
020.


Package natbib Warning: Citation `zheng2026egoscale' on page 15 undefined on in
put line 1020.


Package natbib Warning: Citation `zhang2026unidex' on page 15 undefined on inpu
t line 1020.


Package natbib Warning: Citation `kareer2025egomimic' on page 15 undefined on i
nput line 1020.


Package natbib Warning: Citation `qiu2025humanoid' on page 15 undefined on inpu
t line 1020.


Package natbib Warning: Citation `yuan2025motiontrans' on page 15 undefined on 
input line 1020.


Package natbib Warning: Citation `cheang2025gr' on page 15 undefined on input l
ine 1020.


Package natbib Warning: Citation `wen2025gr' on page 15 undefined on input line
 1020.


Package natbib Warning: Citation `kareer2025emergence' on page 15 undefined on 
input line 1020.


Package natbib Warning: Citation `luo2026being' on page 15 undefined on input l
ine 1020.


Package natbib Warning: Citation `zhu2026emma' on page 15 undefined on input li
ne 1020.


LaTeX Warning: Reference `fig:affordances_transfer' on page 15 undefined on inp
ut line 1026.


Package natbib Warning: Citation `shaw2023videodex' on page 15 undefined on inp
ut line 1026.


Package natbib Warning: Citation `srirama2024hrp' on page 15 undefined on input
 line 1026.


Package natbib Warning: Citation `shaw2023videodex' on page 15 undefined on inp
ut line 1026.


Package natbib Warning: Citation `srirama2024hrp' on page 15 undefined on input
 line 1026.


Package natbib Warning: Citation `beyer2024paligemma' on page 15 undefined on i
nput line 1026.


Package natbib Warning: Citation `chen2024expanding' on page 15 undefined on in
put line 1026.


Package natbib Warning: Citation `liu2025nvila' on page 15 undefined on input l
ine 1026.


Package natbib Warning: Citation `chen2025visa' on page 15 undefined on input l
ine 1026.


Package natbib Warning: Citation `spiridonov2025generalist' on page 15 undefine
d on input line 1026.


Package natbib Warning: Citation `yang2025ar' on page 15 undefined on input lin
e 1026.


Package natbib Warning: Citation `jiang2025rynnvla' on page 15 undefined on inp
ut line 1026.


Package natbib Warning: Citation `yoshida2025developing' on page 15 undefined o
n input line 1026.


Package natbib Warning: Citation `yoshida2025generating' on page 15 undefined o
n input line 1026.


Package natbib Warning: Citation `black2024pi_0' on page 15 undefined on input 
line 1026.


Package natbib Warning: Citation `pavlakos2024reconstructing' on page 15 undefi
ned on input line 1026.


Package natbib Warning: Citation `potamias2025wilor' on page 15 undefined on in
put line 1026.


Package natbib Warning: Citation `zhang2025hawor' on page 15 undefined on input
 line 1026.


Package natbib Warning: Citation `yang2025egovla' on page 15 undefined on input
 line 1026.


Package natbib Warning: Citation `luo2025being' on page 15 undefined on input l
ine 1026.


Package natbib Warning: Citation `yang2025egovla' on page 15 undefined on input
 line 1026.


Package natbib Warning: Citation `luo2025being' on page 15 undefined on input l
ine 1026.


Package natbib Warning: Citation `li2025scalable' on page 15 undefined on input
 line 1026.


Package natbib Warning: Citation `luo2025being' on page 15 undefined on input l
ine 1026.


Package natbib Warning: Citation `cai2025n' on page 15 undefined on input line 
1026.


Package natbib Warning: Citation `feng2025spatial' on page 15 undefined on inpu
t line 1026.


Package natbib Warning: Citation `bi2026h' on page 15 undefined on input line 1
026.


Package natbib Warning: Citation `zhang2026joyai' on page 15 undefined on input
 line 1026.


Package natbib Warning: Citation `zheng2026egoscale' on page 15 undefined on in
put line 1026.


Package natbib Warning: Citation `zhang2026unidex' on page 15 undefined on inpu
t line 1027.

[15]
Underfull \vbox (badness 10000) has occurred while \output is active []


Underfull \vbox (badness 10000) has occurred while \output is active []

 [16]
Underfull \vbox (badness 10000) has occurred while \output is active []


Underfull \vbox (badness 10000) has occurred while \output is active []

 [17]

LaTeX Warning: Reference `fig:affordances_transfer' on page 18 undefined on inp
ut line 1032.


Package natbib Warning: Citation `kareer2025egomimic' on page 18 undefined on i
nput line 1032.


Package natbib Warning: Citation `zhao2023learning' on page 18 undefined on inp
ut line 1032.


Package natbib Warning: Citation `zhu2026emma' on page 18 undefined on input li
ne 1032.


Package natbib Warning: Citation `kareer2025egomimic' on page 18 undefined on i
nput line 1032.


Package natbib Warning: Citation `qiu2025humanoid' on page 18 undefined on inpu
t line 1032.


Package natbib Warning: Citation `kareer2025egomimic' on page 18 undefined on i
nput line 1032.


Package natbib Warning: Citation `qiu2025humanoid' on page 18 undefined on inpu
t line 1032.


Package natbib Warning: Citation `yuan2025motiontrans' on page 18 undefined on 
input line 1032.


Package natbib Warning: Citation `wei2025empirical' on page 18 undefined on inp
ut line 1032.


Package natbib Warning: Citation `black2024pi_0' on page 18 undefined on input 
line 1032.


Package natbib Warning: Citation `cheang2025gr' on page 18 undefined on input l
ine 1032.


Package natbib Warning: Citation `wu2023unleashing' on page 18 undefined on inp
ut line 1032.


Package natbib Warning: Citation `cheang2024gr' on page 18 undefined on input l
ine 1032.


Package natbib Warning: Citation `wen2025gr' on page 18 undefined on input line
 1032.


Package natbib Warning: Citation `luo2026being' on page 18 undefined on input l
ine 1032.


Package natbib Warning: Citation `luo2025being' on page 18 undefined on input l
ine 1032.


Package natbib Warning: Citation `kareer2025emergence' on page 18 undefined on 
input line 1032.


Package natbib Warning: Citation `das2021model' on page 18 undefined on input l
ine 1069.


Package natbib Warning: Citation `singh2025deep' on page 18 undefined on input 
line 1069.


Package natbib Warning: Citation `dan2025x' on page 18 undefined on input line 
1069.


Package natbib Warning: Citation `ye2025video2policy' on page 18 undefined on i
nput line 1069.


Package natbib Warning: Citation `sieb2020graph' on page 18 undefined on input 
line 1069.


Package natbib Warning: Citation `patel2022learning' on page 18 undefined on in
put line 1069.


Package natbib Warning: Citation `mandikal2022dexvip' on page 18 undefined on i
nput line 1069.


Package natbib Warning: Citation `kumar2023graph' on page 18 undefined on input
 line 1069.


Package natbib Warning: Citation `lum2025crossing' on page 18 undefined on inpu
t line 1069.


Package natbib Warning: Citation `jonnavittula2025view' on page 18 undefined on
 input line 1069.


Package natbib Warning: Citation `chen2025vividex' on page 18 undefined on inpu
t line 1069.


Package natbib Warning: Citation `guzey2025bridging' on page 18 undefined on in
put line 1069.


Package natbib Warning: Citation `zhao2025dexh2r' on page 18 undefined on input
 line 1069.


Package natbib Warning: Citation `yuan2025hermes' on page 18 undefined on input
 line 1069.


Package natbib Warning: Citation `hsieh2025dexman' on page 18 undefined on inpu
t line 1069.


Package natbib Warning: Citation `li2025maniptrans' on page 18 undefined on inp
ut line 1069.


Package natbib Warning: Citation `zhao2025towards' on page 18 undefined on inpu
t line 1069.


LaTeX Warning: Reference `fig:affordances_transfer' on page 18 undefined on inp
ut line 1078.


Package natbib Warning: Citation `das2021model' on page 18 undefined on input l
ine 1078.


Package natbib Warning: Citation `singh2025deep' on page 18 undefined on input 
line 1078.


Package natbib Warning: Citation `dan2025x' on page 18 undefined on input line 
1078.


Package natbib Warning: Citation `ye2025video2policy' on page 18 undefined on i
nput line 1078.

[18]

LaTeX Warning: Reference `fig:affordances_transfer' on page 19 undefined on inp
ut line 1082.


Package natbib Warning: Citation `patel2022learning' on page 19 undefined on in
put line 1082.


Package natbib Warning: Citation `mandikal2022dexvip' on page 19 undefined on i
nput line 1082.


Package natbib Warning: Citation `lum2025crossing' on page 19 undefined on inpu
t line 1082.


Package natbib Warning: Citation `jonnavittula2025view' on page 19 undefined on
 input line 1082.


Package natbib Warning: Citation `chen2025vividex' on page 19 undefined on inpu
t line 1082.


Package natbib Warning: Citation `guzey2025bridging' on page 19 undefined on in
put line 1082.


Package natbib Warning: Citation `zhao2025dexh2r' on page 19 undefined on input
 line 1082.


Package natbib Warning: Citation `yuan2025hermes' on page 19 undefined on input
 line 1082.


Package natbib Warning: Citation `hsieh2025dexman' on page 19 undefined on inpu
t line 1082.


Package natbib Warning: Citation `zhao2025dexh2r' on page 19 undefined on input
 line 1082.


Package natbib Warning: Citation `yuan2025hermes' on page 19 undefined on input
 line 1082.


Package natbib Warning: Citation `hsieh2025dexman' on page 19 undefined on inpu
t line 1082.


Package natbib Warning: Citation `yuan2025hermes' on page 19 undefined on input
 line 1082.


Package natbib Warning: Citation `li2025maniptrans' on page 19 undefined on inp
ut line 1082.


Package natbib Warning: Citation `zhao2025towards' on page 19 undefined on inpu
t line 1082.


Underfull \vbox (badness 10000) has occurred while \output is active []



Package natbib Warning: Citation `sieb2020graph' on page 19 undefined on input 
line 1084.


Package natbib Warning: Citation `sieb2020graph' on page 19 undefined on input 
line 1084.


Package natbib Warning: Citation `kumar2023graph' on page 19 undefined on input
 line 1084.


Underfull \vbox (badness 10000) has occurred while \output is active []

 [19]
Underfull \hbox (badness 10000) in paragraph at lines 1087--1088
[]\TU/phv/m/it/10 Unlike affordance-based backbone training,
 []


Package natbib Warning: Citation `lee2017learning' on page 20 undefined on inpu
t line 1119.


Package natbib Warning: Citation `wang2023mimicplay' on page 20 undefined on in
put line 1119.


Package natbib Warning: Citation `bharadhwaj2023towards' on page 20 undefined o
n input line 1119.


Package natbib Warning: Citation `wen2023any' on page 20 undefined on input lin
e 1119.


Package natbib Warning: Citation `bharadhwaj2024track2act' on page 20 undefined
 on input line 1119.


Package natbib Warning: Citation `yang2025tra' on page 20 undefined on input li
ne 1119.


Package natbib Warning: Citation `xu2024flow' on page 20 undefined on input lin
e 1119.


Package natbib Warning: Citation `chen2025graphmimic' on page 20 undefined on i
nput line 1119.


Package natbib Warning: Citation `zhou2025human' on page 20 undefined on input 
line 1119.


Package natbib Warning: Citation `wang2023robot' on page 20 undefined on input 
line 1119.


Package natbib Warning: Citation `gu2023rt' on page 20 undefined on input line 
1119.


Package natbib Warning: Citation `papagiannis2025r' on page 20 undefined on inp
ut line 1119.


Package natbib Warning: Citation `park2025demodiffusion' on page 20 undefined o
n input line 1119.


LaTeX Warning: Reference `fig:affordances_transfer' on page 20 undefined on inp
ut line 1126.


Package natbib Warning: Citation `lee2017learning' on page 20 undefined on inpu
t line 1126.


Package natbib Warning: Citation `wang2023mimicplay' on page 20 undefined on in
put line 1126.


Package natbib Warning: Citation `wang2023mimicplay' on page 20 undefined on in
put line 1126.


Package natbib Warning: Citation `bharadhwaj2023towards' on page 20 undefined o
n input line 1126.


Package natbib Warning: Citation `wen2023any' on page 20 undefined on input lin
e 1126.


Package natbib Warning: Citation `bharadhwaj2024track2act' on page 20 undefined
 on input line 1126.


Package natbib Warning: Citation `yang2025tra' on page 20 undefined on input li
ne 1126.


Package natbib Warning: Citation `bharadhwaj2024track2act' on page 20 undefined
 on input line 1126.


Package natbib Warning: Citation `yang2025tra' on page 20 undefined on input li
ne 1126.


Package natbib Warning: Citation `xu2024flow' on page 20 undefined on input lin
e 1126.


Package natbib Warning: Citation `chen2025graphmimic' on page 20 undefined on i
nput line 1126.


Package natbib Warning: Citation `zhou2025human' on page 20 undefined on input 
line 1126.


LaTeX Warning: Reference `fig:affordances_transfer' on page 20 undefined on inp
ut line 1128.


Package natbib Warning: Citation `wang2023robot' on page 20 undefined on input 
line 1128.


Package natbib Warning: Citation `gu2023rt' on page 20 undefined on input line 
1128.


Package natbib Warning: Citation `papagiannis2025r' on page 20 undefined on inp
ut line 1128.


Package natbib Warning: Citation `di2024keypoint' on page 20 undefined on input
 line 1128.


Package natbib Warning: Citation `park2025demodiffusion' on page 20 undefined o
n input line 1128.

[20]

Package natbib Warning: Citation `sivakumar2022robotic' on page 21 undefined on
 input line 1186.


Underfull \hbox (badness 10000) in paragraph at lines 1186--1186
[]|\TU/phv/m/it/7 Dexterous
 []


Package natbib Warning: Citation `arunachalam2022dexterous' on page 21 undefine
d on input line 1186.


Underfull \hbox (badness 10000) in paragraph at lines 1186--1186
[]|\TU/phv/m/it/7 Dexterous
 []


Package natbib Warning: Citation `qin2022one' on page 21 undefined on input lin
e 1186.


Underfull \hbox (badness 10000) in paragraph at lines 1186--1186
[]|\TU/phv/m/it/7 Dexterous
 []


Package natbib Warning: Citation `bahl2022human' on page 21 undefined on input 
line 1186.


Package natbib Warning: Citation `bharadhwaj2023zero' on page 21 undefined on i
nput line 1186.


Package natbib Warning: Citation `bahl2023affordances' on page 21 undefined on 
input line 1186.


Package natbib Warning: Citation `kannan2023deft' on page 21 undefined on input
 line 1186.


Underfull \hbox (badness 10000) in paragraph at lines 1186--1186
[]|\TU/phv/m/it/7 Dexterous
 []


Package natbib Warning: Citation `kuang2024ram' on page 21 undefined on input l
ine 1186.


Package natbib Warning: Citation `shi2025zeromimic' on page 21 undefined on inp
ut line 1186.


Package natbib Warning: Citation `ma2025uni' on page 21 undefined on input line
 1186.


Package natbib Warning: Citation `wen2022you' on page 21 undefined on input lin
e 1186.


Package natbib Warning: Citation `ko2023learning' on page 21 undefined on input
 line 1186.


Package natbib Warning: Citation `yuan2024general' on page 21 undefined on inpu
t line 1186.


Package natbib Warning: Citation `heppert2024ditto' on page 21 undefined on inp
ut line 1186.


Package natbib Warning: Citation `ju2024robo' on page 21 undefined on input lin
e 1186.


Package natbib Warning: Citation `kerr2024robot' on page 21 undefined on input 
line 1186.


Package natbib Warning: Citation `li2025novaflow' on page 21 undefined on input
 line 1186.


Package natbib Warning: Citation `yin2025object' on page 21 undefined on input 
line 1186.


Package natbib Warning: Citation `shan2025slot' on page 21 undefined on input l
ine 1186.


Package natbib Warning: Citation `hsu2025spot' on page 21 undefined on input li
ne 1186.


Package natbib Warning: Citation `tang2025functo' on page 21 undefined on input
 line 1186.


Package natbib Warning: Citation `zhang2025actron3d' on page 21 undefined on in
put line 1186.


Package natbib Warning: Citation `qin2022dexmv' on page 21 undefined on input l
ine 1186.


Underfull \hbox (badness 10000) in paragraph at lines 1186--1186
[]|\TU/phv/m/it/7 Dexterous
 []


Package natbib Warning: Citation `gao2023k' on page 21 undefined on input line 
1186.


Underfull \hbox (badness 10000) in paragraph at lines 1186--1186
[]|\TU/phv/m/it/7 Dexterous
 []


Package natbib Warning: Citation `ye2023learning' on page 21 undefined on input
 line 1186.


Underfull \hbox (badness 10000) in paragraph at lines 1186--1186
[]|\TU/phv/m/it/7 Dexterous
 []


Package natbib Warning: Citation `bahety2024screwmimic' on page 21 undefined on
 input line 1186.


Package natbib Warning: Citation `li2024okami' on page 21 undefined on input li
ne 1186.


Underfull \hbox (badness 10000) in paragraph at lines 1186--1186
[]|\TU/phv/m/it/7 Dexterous
 []


Package natbib Warning: Citation `haldar2025point' on page 21 undefined on inpu
t line 1186.


Package natbib Warning: Citation `liu2025egozero' on page 21 undefined on input
 line 1186.


Package natbib Warning: Citation `chen2025web2grasp' on page 21 undefined on in
put line 1186.


Underfull \hbox (badness 10000) in paragraph at lines 1186--1186
[]|\TU/phv/m/it/7 Dexterous
 []


Package natbib Warning: Citation `zhou2025you' on page 21 undefined on input li
ne 1186.


Package natbib Warning: Citation `heidinger20252handedafforder' on page 21 unde
fined on input line 1186.


Package natbib Warning: Citation `chen2026dexterous' on page 21 undefined on in
put line 1186.


Underfull \hbox (badness 10000) in paragraph at lines 1186--1186
[]|\TU/phv/m/it/7 Dexterous
 []


Package natbib Warning: Citation `wang2026paws' on page 21 undefined on input l
ine 1186.


LaTeX Warning: Reference `fig:affordances_transfer' on page 21 undefined on inp
ut line 1193.


Package natbib Warning: Citation `sivakumar2022robotic' on page 21 undefined on
 input line 1194.


Package natbib Warning: Citation `arunachalam2022dexterous' on page 21 undefine
d on input line 1194.


Package natbib Warning: Citation `zhang2020mediapipe' on page 21 undefined on i
nput line 1194.


Package natbib Warning: Citation `sivakumar2022robotic' on page 21 undefined on
 input line 1194.


Package natbib Warning: Citation `arunachalam2022dexterous' on page 21 undefine
d on input line 1194.


Package natbib Warning: Citation `qin2022one' on page 21 undefined on input lin
e 1194.


Package natbib Warning: Citation `singh2025hand' on page 21 undefined on input 
line 1194.


Package natbib Warning: Citation `bahl2022human' on page 21 undefined on input 
line 1194.


Package natbib Warning: Citation `bharadhwaj2023zero' on page 21 undefined on i
nput line 1194.


Package natbib Warning: Citation `bahl2023affordances' on page 21 undefined on 
input line 1194.


Package natbib Warning: Citation `kannan2023deft' on page 21 undefined on input
 line 1194.


Package natbib Warning: Citation `kuang2024ram' on page 21 undefined on input l
ine 1194.


Package natbib Warning: Citation `shi2025zeromimic' on page 21 undefined on inp
ut line 1194.


Package natbib Warning: Citation `chen2025vidbot' on page 21 undefined on input
 line 1194.


Package natbib Warning: Citation `ma2025uni' on page 21 undefined on input line
 1194.


Package natbib Warning: Citation `kannan2023deft' on page 21 undefined on input
 line 1194.


Package natbib Warning: Citation `romero2022embodied' on page 21 undefined on i
nput line 1194.


Package natbib Warning: Citation `shi2025zeromimic' on page 21 undefined on inp
ut line 1194.


Package natbib Warning: Citation `fang2023anygrasp' on page 21 undefined on inp
ut line 1194.


Package natbib Warning: Citation `kuang2024ram' on page 21 undefined on input l
ine 1194.


Package natbib Warning: Citation `chen2025vidbot' on page 21 undefined on input
 line 1194.


Package natbib Warning: Citation `kuang2024ram' on page 21 undefined on input l
ine 1194.


Package natbib Warning: Citation `fang2023anygrasp' on page 21 undefined on inp
ut line 1194.


Package natbib Warning: Citation `kuang2024ram' on page 21 undefined on input l
ine 1194.


Package natbib Warning: Citation `chen2025vidbot' on page 21 undefined on input
 line 1194.


Package natbib Warning: Citation `ren2025motion' on page 21 undefined on input 
line 1194.


Package natbib Warning: Citation `ma2025uni' on page 21 undefined on input line
 1194.


Package natbib Warning: Citation `zhang2025zero' on page 21 undefined on input 
line 1194.


Package natbib Warning: Citation `ma2025egoloc' on page 21 undefined on input l
ine 1194.


Underfull \vbox (badness 10000) has occurred while \output is active []


Underfull \vbox (badness 10000) has occurred while \output is active []

 [21]
Underfull \vbox (badness 10000) has occurred while \output is active []


Underfull \vbox (badness 10000) has occurred while \output is active []

 [22]

Package natbib Warning: Citation `bharadhwaj2024track2act' on page 23 undefined
 on input line 1196.


Package natbib Warning: Citation `yuan2024general' on page 23 undefined on inpu
t line 1196.


Package natbib Warning: Citation `bharadhwaj2024track2act' on page 23 undefined
 on input line 1196.


Package natbib Warning: Citation `yuan2024general' on page 23 undefined on inpu
t line 1196.


Package natbib Warning: Citation `ko2023learning' on page 23 undefined on input
 line 1196.


Package natbib Warning: Citation `li2025novaflow' on page 23 undefined on input
 line 1196.


Package natbib Warning: Citation `ko2023learning' on page 23 undefined on input
 line 1196.


Package natbib Warning: Citation `yin2025object' on page 23 undefined on input 
line 1196.


Package natbib Warning: Citation `bharadhwaj2024track2act' on page 23 undefined
 on input line 1196.


Package natbib Warning: Citation `yuan2024general' on page 23 undefined on inpu
t line 1196.


Package natbib Warning: Citation `heppert2024ditto' on page 23 undefined on inp
ut line 1196.


Package natbib Warning: Citation `wen2022you' on page 23 undefined on input lin
e 1196.


Package natbib Warning: Citation `heppert2024ditto' on page 23 undefined on inp
ut line 1196.


Package natbib Warning: Citation `shan2025slot' on page 23 undefined on input l
ine 1196.


Package natbib Warning: Citation `wen2024foundationpose' on page 23 undefined o
n input line 1196.


Package natbib Warning: Citation `hsu2025spot' on page 23 undefined on input li
ne 1196.


Package natbib Warning: Citation `soraki2026objectforesight' on page 23 undefin
ed on input line 1196.


Package natbib Warning: Citation `zou2026activeglasses' on page 23 undefined on
 input line 1196.


Package natbib Warning: Citation `ju2024robo' on page 23 undefined on input lin
e 1196.


Package natbib Warning: Citation `kuang2024ram' on page 23 undefined on input l
ine 1196.


Package natbib Warning: Citation `tang2025functo' on page 23 undefined on input
 line 1196.


Package natbib Warning: Citation `tang2025mimicfunc' on page 23 undefined on in
put line 1196.


Package natbib Warning: Citation `huang2024rekep' on page 23 undefined on input
 line 1196.


Package natbib Warning: Citation `jiang2022ditto' on page 23 undefined on input
 line 1196.


Package natbib Warning: Citation `kerr2024robot' on page 23 undefined on input 
line 1196.


Package natbib Warning: Citation `werby2025articulated' on page 23 undefined on
 input line 1196.


Package natbib Warning: Citation `zhang2025actron3d' on page 23 undefined on in
put line 1196.


Underfull \vbox (badness 10000) has occurred while \output is active []

 [23]

Package natbib Warning: Citation `qin2022dexmv' on page 24 undefined on input l
ine 1198.


Package natbib Warning: Citation `gao2023k' on page 24 undefined on input line 
1198.


Package natbib Warning: Citation `haldar2025point' on page 24 undefined on inpu
t line 1198.


Package natbib Warning: Citation `liu2025egozero' on page 24 undefined on input
 line 1198.


Package natbib Warning: Citation `hu2025learning' on page 24 undefined on input
 line 1198.


Package natbib Warning: Citation `haldar2025point' on page 24 undefined on inpu
t line 1198.


Package natbib Warning: Citation `liu2025egozero' on page 24 undefined on input
 line 1198.


Package natbib Warning: Citation `haldar2025point' on page 24 undefined on inpu
t line 1198.


Package natbib Warning: Citation `ye2023learning' on page 24 undefined on input
 line 1198.


Package natbib Warning: Citation `ye2023learning' on page 24 undefined on input
 line 1198.


Package natbib Warning: Citation `chen2025web2grasp' on page 24 undefined on in
put line 1198.


Package natbib Warning: Citation `zhou2025you' on page 24 undefined on input li
ne 1198.


Package natbib Warning: Citation `chen2026dexterous' on page 24 undefined on in
put line 1198.


Package natbib Warning: Citation `xue2025demogen' on page 24 undefined on input
 line 1198.


Package natbib Warning: Citation `bahety2024screwmimic' on page 24 undefined on
 input line 1198.


Package natbib Warning: Citation `wang2026paws' on page 24 undefined on input l
ine 1198.


Package natbib Warning: Citation `zhu2024vision' on page 24 undefined on input 
line 1198.


Package natbib Warning: Citation `li2024okami' on page 24 undefined on input li
ne 1198.


Package natbib Warning: Citation `zhu2024vision' on page 24 undefined on input 
line 1198.


Package natbib Warning: Citation `heidinger20252handedafforder' on page 24 unde
fined on input line 1198.


LaTeX Warning: Reference `tab:affordance_backbone' on page 24 undefined on inpu
t line 1203.


LaTeX Warning: Reference `tab:affordance_reward' on page 24 undefined on input 
line 1203.


LaTeX Warning: Reference `tab:affordance_condition' on page 24 undefined on inp
ut line 1203.


LaTeX Warning: Reference `tab:affordance_policy' on page 24 undefined on input 
line 1203.

[24]

Package natbib Warning: Citation `ye2024latent' on page 25 undefined on input l
ine 1306.


Package natbib Warning: Citation `ye2024latent' on page 25 undefined on input l
ine 1306.


Package natbib Warning: Citation `chen2024igor' on page 25 undefined on input l
ine 1306.


Package natbib Warning: Citation `chen2024igor' on page 25 undefined on input l
ine 1306.


Package natbib Warning: Citation `chen2025moto' on page 25 undefined on input l
ine 1306.


Package natbib Warning: Citation `chen2025moto' on page 25 undefined on input l
ine 1306.


Package natbib Warning: Citation `bu2025agibot' on page 25 undefined on input l
ine 1306.


Package natbib Warning: Citation `bu2025agibot' on page 25 undefined on input l
ine 1306.


Package natbib Warning: Citation `bu2025univla' on page 25 undefined on input l
ine 1306.


Package natbib Warning: Citation `bu2025univla' on page 25 undefined on input l
ine 1306.


Package natbib Warning: Citation `kim2025uniskill' on page 25 undefined on inpu
t line 1306.


Package natbib Warning: Citation `kim2025uniskill' on page 25 undefined on inpu
t line 1306.


Package natbib Warning: Citation `garrido2026learning' on page 25 undefined on 
input line 1306.


Package natbib Warning: Citation `garrido2026learning' on page 25 undefined on 
input line 1306.


Package natbib Warning: Citation `lee2026mvp' on page 25 undefined on input lin
e 1306.


Package natbib Warning: Citation `lee2026mvp' on page 25 undefined on input lin
e 1306.


Package natbib Warning: Citation `gao2026dreamdojo' on page 25 undefined on inp
ut line 1306.


Package natbib Warning: Citation `gao2026dreamdojo' on page 25 undefined on inp
ut line 1306.


Package natbib Warning: Citation `govind2026unilact' on page 25 undefined on in
put line 1306.


Package natbib Warning: Citation `govind2026unilact' on page 25 undefined on in
put line 1306.


Package natbib Warning: Citation `sun2026vla' on page 25 undefined on input lin
e 1306.


Package natbib Warning: Citation `sun2026vla' on page 25 undefined on input lin
e 1306.


Package natbib Warning: Citation `chen2025villa' on page 25 undefined on input 
line 1306.


Package natbib Warning: Citation `chen2025villa' on page 25 undefined on input 
line 1306.


Package natbib Warning: Citation `routray2025vipra' on page 25 undefined on inp
ut line 1306.


Package natbib Warning: Citation `routray2025vipra' on page 25 undefined on inp
ut line 1306.


Package natbib Warning: Citation `bi2025motus' on page 25 undefined on input li
ne 1306.


Package natbib Warning: Citation `bi2025motus' on page 25 undefined on input li
ne 1306.


Package natbib Warning: Citation `li2025latbot' on page 25 undefined on input l
ine 1306.


Package natbib Warning: Citation `li2025latbot' on page 25 undefined on input l
ine 1306.


Package natbib Warning: Citation `shi2026care' on page 25 undefined on input li
ne 1306.


Package natbib Warning: Citation `shi2026care' on page 25 undefined on input li
ne 1306.


Package natbib Warning: Citation `luo2026joint' on page 25 undefined on input l
ine 1306.


Package natbib Warning: Citation `luo2026joint' on page 25 undefined on input l
ine 1306.


Package natbib Warning: Citation `zhang2026clap' on page 25 undefined on input 
line 1306.


Package natbib Warning: Citation `zhang2026clap' on page 25 undefined on input 
line 1306.


Package natbib Warning: Citation `dai2026conla' on page 25 undefined on input l
ine 1306.


Package natbib Warning: Citation `dai2026conla' on page 25 undefined on input l
ine 1306.


LaTeX Warning: Reference `sec:latent_action_transfer' on page 25 undefined on i
nput line 1307.

File: figs/latent_action_transfer.pdf Graphic file (type pdf)
<use figs/latent_action_transfer.pdf>

Package natbib Warning: Citation `ye2024latent' on page 25 undefined on input l
ine 1318.


LaTeX Warning: Reference `fig:latent_actions_timeline' on page 25 undefined on 
input line 1326.


Package natbib Warning: Citation `ye2024latent' on page 25 undefined on input l
ine 1330.


LaTeX Warning: Reference `fig:latent_action_transfer' on page 25 undefined on i
nput line 1330.


LaTeX Warning: Reference `fig:latent_action_transfer' on page 25 undefined on i
nput line 1330.


LaTeX Warning: Reference `fig:latent_action_transfer' on page 25 undefined on i
nput line 1330.


Package natbib Warning: Citation `bjorck2025gr00t' on page 25 undefined on inpu
t line 1330.


Package natbib Warning: Citation `he2025surgworld' on page 25 undefined on inpu
t line 1330.


Package natbib Warning: Citation `chen2024igor' on page 25 undefined on input l
ine 1330.


Package natbib Warning: Citation `chen2025moto' on page 25 undefined on input l
ine 1331.


Package natbib Warning: Citation `bu2025agibot' on page 25 undefined on input l
ine 1331.


Package natbib Warning: Citation `bu2025univla' on page 25 undefined on input l
ine 1333.


Package natbib Warning: Citation `garrido2026learning' on page 25 undefined on 
input line 1333.


Package natbib Warning: Citation `lee2026mvp' on page 25 undefined on input lin
e 1333.


Package natbib Warning: Citation `kim2025uniskill' on page 25 undefined on inpu
t line 1333.


Package natbib Warning: Citation `gao2026dreamdojo' on page 25 undefined on inp
ut line 1333.


Package natbib Warning: Citation `govind2026unilact' on page 25 undefined on in
put line 1333.


Package natbib Warning: Citation `sun2026vla' on page 25 undefined on input lin
e 1333.


Package natbib Warning: Citation `assran2025v' on page 25 undefined on input li
ne 1333.

[25]
Overfull \hbox (6.76596pt too wide) in paragraph at lines 1375--1375
[]|\TU/phv/m/it/7 Disentanglement| 
 []


Package natbib Warning: Citation `ye2024latent' on page 26 undefined on input l
ine 1375.


Package natbib Warning: Citation `chen2024igor' on page 26 undefined on input l
ine 1375.


Package natbib Warning: Citation `bjorck2025gr00t' on page 26 undefined on inpu
t line 1375.


Package natbib Warning: Citation `chen2025moto' on page 26 undefined on input l
ine 1375.


Package natbib Warning: Citation `bu2025agibot' on page 26 undefined on input l
ine 1375.


Package natbib Warning: Citation `bu2025univla' on page 26 undefined on input l
ine 1375.


Package natbib Warning: Citation `kim2025uniskill' on page 26 undefined on inpu
t line 1375.


Package natbib Warning: Citation `garrido2026learning' on page 26 undefined on 
input line 1375.


Underfull \hbox (badness 10000) in paragraph at lines 1375--1375
[]|\TU/phv/m/it/7 V-JEPA2 encoder +
 []


Package natbib Warning: Citation `lyu2026lda' on page 26 undefined on input lin
e 1375.


Underfull \hbox (badness 10000) in paragraph at lines 1375--1375
[]|\TU/phv/m/it/7 Multi-modal diffusion
 []


Package natbib Warning: Citation `lee2026mvp' on page 26 undefined on input lin
e 1375.


Underfull \hbox (badness 10000) in paragraph at lines 1375--1375
[]|\TU/phv/m/it/7 DINOv2 + ST-Transformer
 []


Package natbib Warning: Citation `gao2026dreamdojo' on page 26 undefined on inp
ut line 1375.


Package natbib Warning: Citation `govind2026unilact' on page 26 undefined on in
put line 1375.


Package natbib Warning: Citation `sun2026vla' on page 26 undefined on input lin
e 1375.


Package natbib Warning: Citation `chen2025villa' on page 26 undefined on input 
line 1375.


Package natbib Warning: Citation `routray2025vipra' on page 26 undefined on inp
ut line 1375.


Underfull \hbox (badness 10000) in paragraph at lines 1375--1375
[]|\TU/phv/m/it/7 DINOv2 + ST-Transformer
 []


Package natbib Warning: Citation `bi2025motus' on page 26 undefined on input li
ne 1375.


Package natbib Warning: Citation `li2025latbot' on page 26 undefined on input l
ine 1375.


Package natbib Warning: Citation `shi2026care' on page 26 undefined on input li
ne 1375.


Package natbib Warning: Citation `luo2026joint' on page 26 undefined on input l
ine 1375.


Package natbib Warning: Citation `zhang2026clap' on page 26 undefined on input 
line 1375.


Underfull \hbox (badness 10000) in paragraph at lines 1375--1375
[]|\TU/phv/m/it/7 DINOv3 + ST-Transformer
 []


Package natbib Warning: Citation `dai2026conla' on page 26 undefined on input l
ine 1375.


Underfull \hbox (badness 10000) in paragraph at lines 1375--1375
[]|\TU/phv/m/it/7 Pixel + action
 []


Underfull \hbox (badness 10000) in paragraph at lines 1375--1375
\TU/phv/m/it/7 (contrastive) + vision
 []


LaTeX Warning: Reference `fig:latent_action_transfer' on page 26 undefined on i
nput line 1378.


Package natbib Warning: Citation `chen2025villa' on page 26 undefined on input 
line 1378.


Package natbib Warning: Citation `routray2025vipra' on page 26 undefined on inp
ut line 1378.


Package natbib Warning: Citation `bi2025motus' on page 26 undefined on input li
ne 1378.


Package natbib Warning: Citation `shi2026care' on page 26 undefined on input li
ne 1378.


Package natbib Warning: Citation `luo2026joint' on page 26 undefined on input l
ine 1378.


Underfull \hbox (badness 10000) in paragraph at lines 1378--1379
[]\TU/phv/m/it/10 (b) Latent actions from visual-action co-
 []


Underfull \hbox (badness 10000) in paragraph at lines 1378--1379
\TU/phv/m/it/10 reconstruction: Some related works reconstruct
 []


Underfull \hbox (badness 10000) in paragraph at lines 1378--1379
\TU/phv/m/it/10 self-supervised reconstruction with 10% labeled
 []

[26]

LaTeX Warning: Reference `fig:latent_action_transfer' on page 27 undefined on i
nput line 1380.


Package natbib Warning: Citation `li2025latbot' on page 27 undefined on input l
ine 1380.


Package natbib Warning: Citation `zhang2026clap' on page 27 undefined on input 
line 1380.


Package natbib Warning: Citation `dai2026conla' on page 27 undefined on input l
ine 1380.


Underfull \vbox (badness 10000) has occurred while \output is active []



LaTeX Warning: Reference `tab:latent_action' on page 27 undefined on input line
 1386.


Underfull \vbox (badness 10000) has occurred while \output is active []

 [27]

Package natbib Warning: Citation `pertsch2022cross' on page 28 undefined on inp
ut line 1467.


Package natbib Warning: Citation `lin2025physbrain' on page 28 undefined on inp
ut line 1467.


Package natbib Warning: Citation `li2026act' on page 28 undefined on input line
 1467.


Package natbib Warning: Citation `yang2015robot' on page 28 undefined on input 
line 1467.


Package natbib Warning: Citation `sermanet2016unsupervised' on page 28 undefine
d on input line 1467.


Package natbib Warning: Citation `nguyen2018translating' on page 28 undefined o
n input line 1467.


Package natbib Warning: Citation `yu2018one' on page 28 undefined on input line
 1467.


Package natbib Warning: Citation `yu2018one_hil' on page 28 undefined on input 
line 1467.


Package natbib Warning: Citation `sharma2019third' on page 28 undefined on inpu
t line 1467.


Package natbib Warning: Citation `yang2022learning' on page 28 undefined on inp
ut line 1467.


Package natbib Warning: Citation `xu2023xskill' on page 28 undefined on input l
ine 1467.


Package natbib Warning: Citation `ding2024knowledge' on page 28 undefined on in
put line 1467.


Package natbib Warning: Citation `jain2024vid2robot' on page 28 undefined on in
put line 1467.


Package natbib Warning: Citation `chen2024vlmimic' on page 28 undefined on inpu
t line 1467.


Package natbib Warning: Citation `clark2025action' on page 28 undefined on inpu
t line 1467.


Package natbib Warning: Citation `chen2025fmimic' on page 28 undefined on input
 line 1467.


Package natbib Warning: Citation `hori2025interactive' on page 28 undefined on 
input line 1467.


Package natbib Warning: Citation `hori2025robot' on page 28 undefined on input 
line 1467.


Package natbib Warning: Citation `jang2022bc' on page 28 undefined on input lin
e 1467.


Package natbib Warning: Citation `wake2024gpt' on page 28 undefined on input li
ne 1467.


Package natbib Warning: Citation `wang2024vlm' on page 28 undefined on input li
ne 1467.


Package natbib Warning: Citation `ma2025egoloc' on page 28 undefined on input l
ine 1467.


Package natbib Warning: Citation `ye2025watch' on page 28 undefined on input li
ne 1467.


Package natbib Warning: Citation `ma2022vip' on page 28 undefined on input line
 1467.


Package natbib Warning: Citation `nair2022r3m' on page 28 undefined on input li
ne 1467.


Package natbib Warning: Citation `bhateja2023robotic' on page 28 undefined on i
nput line 1467.


Package natbib Warning: Citation `chang2023look' on page 28 undefined on input 
line 1467.


Package natbib Warning: Citation `duan2023ar2' on page 28 undefined on input li
ne 1467.


Package natbib Warning: Citation `ma2023liv' on page 28 undefined on input line
 1467.


Package natbib Warning: Citation `majumdar2023we' on page 28 undefined on input
 line 1467.


Package natbib Warning: Citation `mendonca2023structured' on page 28 undefined 
on input line 1467.


Package natbib Warning: Citation `wu2023unleashing' on page 28 undefined on inp
ut line 1467.


Package natbib Warning: Citation `li2024ag2manip' on page 28 undefined on input
 line 1467.


Package natbib Warning: Citation `liu2024masked' on page 28 undefined on input 
line 1467.


Package natbib Warning: Citation `zeng2024learning' on page 28 undefined on inp
ut line 1467.


Package natbib Warning: Citation `goswami2025world' on page 28 undefined on inp
ut line 1467.


Package natbib Warning: Citation `jiang2025rynnvla' on page 28 undefined on inp
ut line 1467.


Package natbib Warning: Citation `lepert2025masquerade' on page 28 undefined on
 input line 1467.


Package natbib Warning: Citation `li2025h2r' on page 28 undefined on input line
 1467.


Package natbib Warning: Citation `li2025mimicdreamer' on page 28 undefined on i
nput line 1467.


Package natbib Warning: Citation `punamiya2025egobridge' on page 28 undefined o
n input line 1467.


Package natbib Warning: Citation `song2025mitty' on page 28 undefined on input 
line 1467.


Package natbib Warning: Citation `sun2025vtao' on page 28 undefined on input li
ne 1467.


Package natbib Warning: Citation `xiong2025ag2x2' on page 28 undefined on input
 line 1467.


Package natbib Warning: Citation `freeman2026warped' on page 28 undefined on in
put line 1467.


Package natbib Warning: Citation `ye2026visual' on page 28 undefined on input l
ine 1467.


Package natbib Warning: Citation `sermanet2017time' on page 28 undefined on inp
ut line 1467.


Package natbib Warning: Citation `liu2018imitation' on page 28 undefined on inp
ut line 1467.


Package natbib Warning: Citation `schmeckpeper2020reinforcement' on page 28 und
efined on input line 1467.


Package natbib Warning: Citation `smith2020avid' on page 28 undefined on input 
line 1467.


Package natbib Warning: Citation `xiong2021learning' on page 28 undefined on in
put line 1467.


Package natbib Warning: Citation `bahl2022human' on page 28 undefined on input 
line 1467.


Package natbib Warning: Citation `sun2022learning' on page 28 undefined on inpu
t line 1467.


Package natbib Warning: Citation `zakka2022xirl' on page 28 undefined on input 
line 1467.


Package natbib Warning: Citation `jain2024vid2robot' on page 28 undefined on in
put line 1467.


Package natbib Warning: Citation `qian2024contrast' on page 28 undefined on inp
ut line 1467.


Package natbib Warning: Citation `zhu2024vision' on page 28 undefined on input 
line 1467.


Package natbib Warning: Citation `ci2025h2r' on page 28 undefined on input line
 1467.


Package natbib Warning: Citation `kedia2025one' on page 28 undefined on input l
ine 1467.


Package natbib Warning: Citation `lepert2025phantom' on page 28 undefined on in
put line 1467.


Package natbib Warning: Citation `liu2025immimic' on page 28 undefined on input
 line 1467.


Package natbib Warning: Citation `shah2025mimicdroid' on page 28 undefined on i
nput line 1467.


Package natbib Warning: Citation `tang2025trajectory' on page 28 undefined on i
nput line 1467.


Package natbib Warning: Citation `zhang2025generative' on page 28 undefined on 
input line 1467.


Package natbib Warning: Citation `zhu2025learning' on page 28 undefined on inpu
t line 1467.


Package natbib Warning: Citation `xiao2022masked' on page 28 undefined on input
 line 1467.


Package natbib Warning: Citation `xiong2022robotube' on page 28 undefined on in
put line 1467.


Package natbib Warning: Citation `dasari2023unbiased' on page 28 undefined on i
nput line 1467.


Package natbib Warning: Citation `radosavovic2023real' on page 28 undefined on 
input line 1467.


Package natbib Warning: Citation `cheang2024gr' on page 28 undefined on input l
ine 1467.


Package natbib Warning: Citation `lee2017learning' on page 28 undefined on inpu
t line 1467.


Package natbib Warning: Citation `bahl2023affordances' on page 28 undefined on 
input line 1467.


Package natbib Warning: Citation `bharadhwaj2023towards' on page 28 undefined o
n input line 1467.


Package natbib Warning: Citation `bharadhwaj2023zero' on page 28 undefined on i
nput line 1467.


Package natbib Warning: Citation `kannan2023deft' on page 28 undefined on input
 line 1467.


Package natbib Warning: Citation `shaw2023videodex' on page 28 undefined on inp
ut line 1467.


Package natbib Warning: Citation `ju2024robo' on page 28 undefined on input lin
e 1467.


Package natbib Warning: Citation `kuang2024ram' on page 28 undefined on input l
ine 1467.


Package natbib Warning: Citation `srirama2024hrp' on page 28 undefined on input
 line 1467.


Package natbib Warning: Citation `yuan2024general' on page 28 undefined on inpu
t line 1467.


Package natbib Warning: Citation `ye2024latent' on page 28 undefined on input l
ine 1467.


Package natbib Warning: Citation `cai2025n' on page 28 undefined on input line 
1467.


Package natbib Warning: Citation `cheang2025gr' on page 28 undefined on input l
ine 1467.


Package natbib Warning: Citation `chen2025vidbot' on page 28 undefined on input
 line 1467.


Package natbib Warning: Citation `feng2025spatial' on page 28 undefined on inpu
t line 1467.


Package natbib Warning: Citation `heidinger20252handedafforder' on page 28 unde
fined on input line 1467.


Package natbib Warning: Citation `hsu2025spot' on page 28 undefined on input li
ne 1467.


Package natbib Warning: Citation `jiang2025rynnvla' on page 28 undefined on inp
ut line 1467.


Package natbib Warning: Citation `kareer2025egomimic' on page 28 undefined on i
nput line 1467.


Package natbib Warning: Citation `kareer2025emergence' on page 28 undefined on 
input line 1467.


Package natbib Warning: Citation `li2025scalable' on page 28 undefined on input
 line 1467.


Package natbib Warning: Citation `liu2025egozero' on page 28 undefined on input
 line 1467.


Package natbib Warning: Citation `luo2025being' on page 28 undefined on input l
ine 1467.


Package natbib Warning: Citation `ma2025egoloc' on page 28 undefined on input l
ine 1467.


Package natbib Warning: Citation `ma2025uni' on page 28 undefined on input line
 1467.


Package natbib Warning: Citation `papagiannis2025r' on page 28 undefined on inp
ut line 1467.


Package natbib Warning: Citation `qiu2025humanoid' on page 28 undefined on inpu
t line 1467.


Package natbib Warning: Citation `shi2025zeromimic' on page 28 undefined on inp
ut line 1467.


Package natbib Warning: Citation `wen2025gr' on page 28 undefined on input line
 1467.


Package natbib Warning: Citation `werby2025articulated' on page 28 undefined on
 input line 1467.


Package natbib Warning: Citation `yang2025ar' on page 28 undefined on input lin
e 1467.


Package natbib Warning: Citation `yang2025egovla' on page 28 undefined on input
 line 1467.


Package natbib Warning: Citation `yoshida2025developing' on page 28 undefined o
n input line 1467.


Package natbib Warning: Citation `yuan2025motiontrans' on page 28 undefined on 
input line 1467.


Package natbib Warning: Citation `zhang2025actron3d' on page 28 undefined on in
put line 1467.


Package natbib Warning: Citation `zhang2025zero' on page 28 undefined on input 
line 1467.


Package natbib Warning: Citation `bi2025motus' on page 28 undefined on input li
ne 1467.


Package natbib Warning: Citation `bu2025univla' on page 28 undefined on input l
ine 1467.


Package natbib Warning: Citation `bi2026h' on page 28 undefined on input line 1
467.


Package natbib Warning: Citation `chen2026dexterous' on page 28 undefined on in
put line 1467.


Package natbib Warning: Citation `gao2026dreamdojo' on page 28 undefined on inp
ut line 1467.


Package natbib Warning: Citation `li2025latbot' on page 28 undefined on input l
ine 1467.


Package natbib Warning: Citation `luo2026being' on page 28 undefined on input l
ine 1467.


Package natbib Warning: Citation `luo2026joint' on page 28 undefined on input l
ine 1467.


Package natbib Warning: Citation `lyu2026lda' on page 28 undefined on input lin
e 1467.


Package natbib Warning: Citation `soraki2026objectforesight' on page 28 undefin
ed on input line 1467.


Package natbib Warning: Citation `wang2026paws' on page 28 undefined on input l
ine 1467.


Package natbib Warning: Citation `zhang2026clap' on page 28 undefined on input 
line 1467.


Package natbib Warning: Citation `zhang2026unidex' on page 28 undefined on inpu
t line 1467.


Package natbib Warning: Citation `zheng2026egoscale' on page 28 undefined on in
put line 1467.


Package natbib Warning: Citation `zhu2026emma' on page 28 undefined on input li
ne 1467.


Package natbib Warning: Citation `sieb2020graph' on page 28 undefined on input 
line 1467.


Package natbib Warning: Citation `das2021model' on page 28 undefined on input l
ine 1467.


Package natbib Warning: Citation `arunachalam2022dexterous' on page 28 undefine
d on input line 1467.


Package natbib Warning: Citation `bahl2022human' on page 28 undefined on input 
line 1467.


Package natbib Warning: Citation `qin2022dexmv' on page 28 undefined on input l
ine 1467.


Package natbib Warning: Citation `qin2022one' on page 28 undefined on input lin
e 1467.


Package natbib Warning: Citation `wen2022you' on page 28 undefined on input lin
e 1467.


Package natbib Warning: Citation `gao2023k' on page 28 undefined on input line 
1467.


Package natbib Warning: Citation `gu2023rt' on page 28 undefined on input line 
1467.


Package natbib Warning: Citation `ko2023learning' on page 28 undefined on input
 line 1467.


Package natbib Warning: Citation `kumar2023graph' on page 28 undefined on input
 line 1467.


Package natbib Warning: Citation `wang2023mimicplay' on page 28 undefined on in
put line 1467.


Package natbib Warning: Citation `wang2023robot' on page 28 undefined on input 
line 1467.


Package natbib Warning: Citation `wen2023any' on page 28 undefined on input lin
e 1467.


Package natbib Warning: Citation `ye2023learning' on page 28 undefined on input
 line 1467.


Package natbib Warning: Citation `bahety2024screwmimic' on page 28 undefined on
 input line 1467.


Package natbib Warning: Citation `heppert2024ditto' on page 28 undefined on inp
ut line 1467.


Package natbib Warning: Citation `li2024okami' on page 28 undefined on input li
ne 1467.


Package natbib Warning: Citation `xu2024flow' on page 28 undefined on input lin
e 1467.


Package natbib Warning: Citation `chen2025graphmimic' on page 28 undefined on i
nput line 1467.


Package natbib Warning: Citation `chen2025vividex' on page 28 undefined on inpu
t line 1467.


Package natbib Warning: Citation `dan2025x' on page 28 undefined on input line 
1467.


Package natbib Warning: Citation `garrido2026learning' on page 28 undefined on 
input line 1467.


Package natbib Warning: Citation `haldar2025point' on page 28 undefined on inpu
t line 1467.


Package natbib Warning: Citation `hsieh2025dexman' on page 28 undefined on inpu
t line 1467.


Package natbib Warning: Citation `jonnavittula2025view' on page 28 undefined on
 input line 1467.


Package natbib Warning: Citation `li2025novaflow' on page 28 undefined on input
 line 1467.


Package natbib Warning: Citation `lum2025crossing' on page 28 undefined on inpu
t line 1467.


Package natbib Warning: Citation `park2025demodiffusion' on page 28 undefined o
n input line 1467.


Package natbib Warning: Citation `ren2025motion' on page 28 undefined on input 
line 1467.


Package natbib Warning: Citation `shan2025slot' on page 28 undefined on input l
ine 1467.


Package natbib Warning: Citation `singh2025deep' on page 28 undefined on input 
line 1467.


Package natbib Warning: Citation `singh2025hand' on page 28 undefined on input 
line 1467.


Package natbib Warning: Citation `spiridonov2025generalist' on page 28 undefine
d on input line 1467.


Package natbib Warning: Citation `tang2025functo' on page 28 undefined on input
 line 1467.


Package natbib Warning: Citation `tang2025mimicfunc' on page 28 undefined on in
put line 1467.


Package natbib Warning: Citation `yang2025tra' on page 28 undefined on input li
ne 1467.


Package natbib Warning: Citation `yin2025object' on page 28 undefined on input 
line 1467.


Package natbib Warning: Citation `zhao2025dexh2r' on page 28 undefined on input
 line 1467.


Package natbib Warning: Citation `zhou2025human' on page 28 undefined on input 
line 1467.


Package natbib Warning: Citation `zhou2025you' on page 28 undefined on input li
ne 1467.


Package natbib Warning: Citation `mandikal2022dexvip' on page 28 undefined on i
nput line 1467.


Package natbib Warning: Citation `sivakumar2022robotic' on page 28 undefined on
 input line 1467.


Package natbib Warning: Citation `bharadhwaj2024track2act' on page 28 undefined
 on input line 1467.


Package natbib Warning: Citation `bjorck2025gr00t' on page 28 undefined on inpu
t line 1467.


Package natbib Warning: Citation `chen2024igor' on page 28 undefined on input l
ine 1467.


Package natbib Warning: Citation `chen2025villa' on page 28 undefined on input 
line 1467.


Package natbib Warning: Citation `kim2025uniskill' on page 28 undefined on inpu
t line 1467.


Package natbib Warning: Citation `lee2026mvp' on page 28 undefined on input lin
e 1467.

File: figs/yearly_grouped_bar_all.pdf Graphic file (type pdf)
<use figs/yearly_grouped_bar_all.pdf>

LaTeX Warning: Reference `tab:oriented_ego_exo_breakdown' on page 28 undefined 
on input line 1491.

[28]
Underfull \vbox (badness 10000) has occurred while \output is active []

 [29]

LaTeX Warning: Reference `fig:yearly_grouped_bar_all' on page 30 undefined on i
nput line 1498.


Package natbib Warning: Citation `grauman2022ego4d' on page 30 undefined on inp
ut line 1498.


Package natbib Warning: Citation `liu2022hoi4d' on page 30 undefined on input l
ine 1498.


Package natbib Warning: Citation `wang2023holoassist' on page 30 undefined on i
nput line 1498.


Package natbib Warning: Citation `banerjee2024hot3d' on page 30 undefined on in
put line 1498.


Package natbib Warning: Citation `hoque2025egodex' on page 30 undefined on inpu
t line 1498.


Package natbib Warning: Citation `labbe2022megapose' on page 30 undefined on in
put line 1498.


Package natbib Warning: Citation `wen2023bundlesdf' on page 30 undefined on inp
ut line 1498.


Package natbib Warning: Citation `wen2024foundationpose' on page 30 undefined o
n input line 1498.


Package natbib Warning: Citation `pavlakos2024reconstructing' on page 30 undefi
ned on input line 1498.


Package natbib Warning: Citation `karaev2024cotracker' on page 30 undefined on 
input line 1498.


Package natbib Warning: Citation `karaev2025cotracker3' on page 30 undefined on
 input line 1498.


Package natbib Warning: Citation `shaw2023videodex' on page 30 undefined on inp
ut line 1498.


Package natbib Warning: Citation `wen2025gr' on page 30 undefined on input line
 1498.


Package natbib Warning: Citation `zhang2026unidex' on page 30 undefined on inpu
t line 1498.


Package natbib Warning: Citation `yuan2025motiontrans' on page 30 undefined on 
input line 1498.


Package natbib Warning: Citation `kareer2025emergence' on page 30 undefined on 
input line 1498.


Package natbib Warning: Citation `cheang2025gr' on page 30 undefined on input l
ine 1498.


Package natbib Warning: Citation `yu2018one' on page 30 undefined on input line
 1560.


Package natbib Warning: Citation `yu2018one_hil' on page 30 undefined on input 
line 1560.


Package natbib Warning: Citation `sharma2019third' on page 30 undefined on inpu
t line 1560.


Package natbib Warning: Citation `jang2022bc' on page 30 undefined on input lin
e 1560.


Package natbib Warning: Citation `xu2023xskill' on page 30 undefined on input l
ine 1560.


Package natbib Warning: Citation `jain2024vid2robot' on page 30 undefined on in
put line 1560.


Package natbib Warning: Citation `clark2025action' on page 30 undefined on inpu
t line 1560.


Package natbib Warning: Citation `lin2025physbrain' on page 30 undefined on inp
ut line 1560.


Package natbib Warning: Citation `li2026act' on page 30 undefined on input line
 1560.


Package natbib Warning: Citation `sermanet2016unsupervised' on page 30 undefine
d on input line 1560.


Package natbib Warning: Citation `yang2022learning' on page 30 undefined on inp
ut line 1560.


Package natbib Warning: Citation `yang2015robot' on page 30 undefined on input 
line 1560.


Package natbib Warning: Citation `nguyen2018translating' on page 30 undefined o
n input line 1560.


Package natbib Warning: Citation `pertsch2022cross' on page 30 undefined on inp
ut line 1560.


Package natbib Warning: Citation `chen2024vlmimic' on page 30 undefined on inpu
t line 1560.


Package natbib Warning: Citation `ding2024knowledge' on page 30 undefined on in
put line 1560.


Package natbib Warning: Citation `wake2024gpt' on page 30 undefined on input li
ne 1560.


Package natbib Warning: Citation `wang2024vlm' on page 30 undefined on input li
ne 1560.


Package natbib Warning: Citation `chen2025fmimic' on page 30 undefined on input
 line 1560.


Package natbib Warning: Citation `ma2025egoloc' on page 30 undefined on input l
ine 1560.


Package natbib Warning: Citation `ye2025watch' on page 30 undefined on input li
ne 1560.


Package natbib Warning: Citation `ma2022vip' on page 30 undefined on input line
 1560.


Package natbib Warning: Citation `nair2022r3m' on page 30 undefined on input li
ne 1560.


Package natbib Warning: Citation `bhateja2023robotic' on page 30 undefined on i
nput line 1560.


Package natbib Warning: Citation `dasari2023unbiased' on page 30 undefined on i
nput line 1560.


Package natbib Warning: Citation `duan2023ar2' on page 30 undefined on input li
ne 1560.


Package natbib Warning: Citation `ma2023liv' on page 30 undefined on input line
 1560.


Package natbib Warning: Citation `majumdar2023we' on page 30 undefined on input
 line 1560.


Package natbib Warning: Citation `radosavovic2023real' on page 30 undefined on 
input line 1560.


Package natbib Warning: Citation `wu2023unleashing' on page 30 undefined on inp
ut line 1560.


Package natbib Warning: Citation `cheang2024gr' on page 30 undefined on input l
ine 1560.


Package natbib Warning: Citation `jain2024vid2robot' on page 30 undefined on in
put line 1560.


Package natbib Warning: Citation `li2024ag2manip' on page 30 undefined on input
 line 1560.


Package natbib Warning: Citation `zeng2024learning' on page 30 undefined on inp
ut line 1560.


Package natbib Warning: Citation `ci2025h2r' on page 30 undefined on input line
 1560.


Package natbib Warning: Citation `jiang2025rynnvla' on page 30 undefined on inp
ut line 1560.


Package natbib Warning: Citation `kedia2025one' on page 30 undefined on input l
ine 1560.


Package natbib Warning: Citation `lepert2025masquerade' on page 30 undefined on
 input line 1560.


Package natbib Warning: Citation `li2025h2r' on page 30 undefined on input line
 1560.


Package natbib Warning: Citation `li2025mimicdreamer' on page 30 undefined on i
nput line 1560.


Package natbib Warning: Citation `liu2025immimic' on page 30 undefined on input
 line 1560.


Package natbib Warning: Citation `punamiya2025egobridge' on page 30 undefined o
n input line 1560.


Package natbib Warning: Citation `song2025mitty' on page 30 undefined on input 
line 1560.


Package natbib Warning: Citation `zhang2025generative' on page 30 undefined on 
input line 1560.


Package natbib Warning: Citation `zhu2025learning' on page 30 undefined on inpu
t line 1560.


Package natbib Warning: Citation `sermanet2017time' on page 30 undefined on inp
ut line 1560.


Package natbib Warning: Citation `liu2018imitation' on page 30 undefined on inp
ut line 1560.


Package natbib Warning: Citation `schmeckpeper2020reinforcement' on page 30 und
efined on input line 1560.


Package natbib Warning: Citation `smith2020avid' on page 30 undefined on input 
line 1560.


Package natbib Warning: Citation `bahl2022human' on page 30 undefined on input 
line 1560.


Package natbib Warning: Citation `chang2023look' on page 30 undefined on input 
line 1560.


Package natbib Warning: Citation `mendonca2023structured' on page 30 undefined 
on input line 1560.


Package natbib Warning: Citation `qian2024contrast' on page 30 undefined on inp
ut line 1560.


Package natbib Warning: Citation `ye2026visual' on page 30 undefined on input l
ine 1560.


Package natbib Warning: Citation `xiong2021learning' on page 30 undefined on in
put line 1560.


Package natbib Warning: Citation `sun2022learning' on page 30 undefined on inpu
t line 1560.


Package natbib Warning: Citation `xiao2022masked' on page 30 undefined on input
 line 1560.


Package natbib Warning: Citation `xiong2022robotube' on page 30 undefined on in
put line 1560.


Package natbib Warning: Citation `zakka2022xirl' on page 30 undefined on input 
line 1560.


Package natbib Warning: Citation `liu2024masked' on page 30 undefined on input 
line 1560.


Package natbib Warning: Citation `zhu2024vision' on page 30 undefined on input 
line 1560.


Package natbib Warning: Citation `goswami2025world' on page 30 undefined on inp
ut line 1560.


Package natbib Warning: Citation `lepert2025phantom' on page 30 undefined on in
put line 1560.


Package natbib Warning: Citation `shah2025mimicdroid' on page 30 undefined on i
nput line 1560.


Package natbib Warning: Citation `sun2025vtao' on page 30 undefined on input li
ne 1560.


Package natbib Warning: Citation `tang2025trajectory' on page 30 undefined on i
nput line 1560.


Package natbib Warning: Citation `xiong2025ag2x2' on page 30 undefined on input
 line 1560.


Package natbib Warning: Citation `freeman2026warped' on page 30 undefined on in
put line 1560.


Package natbib Warning: Citation `lee2017learning' on page 30 undefined on inpu
t line 1560.


Package natbib Warning: Citation `das2021model' on page 30 undefined on input l
ine 1560.


Package natbib Warning: Citation `arunachalam2022dexterous' on page 30 undefine
d on input line 1560.


Package natbib Warning: Citation `qin2022one' on page 30 undefined on input lin
e 1560.


Package natbib Warning: Citation `sivakumar2022robotic' on page 30 undefined on
 input line 1560.


Package natbib Warning: Citation `bharadhwaj2023towards' on page 30 undefined o
n input line 1560.


Package natbib Warning: Citation `gu2023rt' on page 30 undefined on input line 
1560.


Package natbib Warning: Citation `shaw2023videodex' on page 30 undefined on inp
ut line 1560.


Package natbib Warning: Citation `wang2023mimicplay' on page 30 undefined on in
put line 1560.


Package natbib Warning: Citation `wen2023any' on page 30 undefined on input lin
e 1560.


Package natbib Warning: Citation `chen2024igor' on page 30 undefined on input l
ine 1560.


Package natbib Warning: Citation `srirama2024hrp' on page 30 undefined on input
 line 1560.


Package natbib Warning: Citation `ye2024latent' on page 30 undefined on input l
ine 1560.


Package natbib Warning: Citation `bi2025motus' on page 30 undefined on input li
ne 1560.


Package natbib Warning: Citation `bjorck2025gr00t' on page 30 undefined on inpu
t line 1560.


Package natbib Warning: Citation `bu2025univla' on page 30 undefined on input l
ine 1560.


Package natbib Warning: Citation `cai2025n' on page 30 undefined on input line 
1560.


Package natbib Warning: Citation `chen2025graphmimic' on page 30 undefined on i
nput line 1560.


Package natbib Warning: Citation `chen2025villa' on page 30 undefined on input 
line 1560.


Package natbib Warning: Citation `feng2025spatial' on page 30 undefined on inpu
t line 1560.


Package natbib Warning: Citation `jiang2025rynnvla' on page 30 undefined on inp
ut line 1560.


Package natbib Warning: Citation `kareer2025egomimic' on page 30 undefined on i
nput line 1560.


Package natbib Warning: Citation `kareer2025emergence' on page 30 undefined on 
input line 1560.


Package natbib Warning: Citation `kim2025uniskill' on page 30 undefined on inpu
t line 1560.


Package natbib Warning: Citation `li2025latbot' on page 30 undefined on input l
ine 1560.


Package natbib Warning: Citation `li2025scalable' on page 30 undefined on input
 line 1560.


Package natbib Warning: Citation `luo2025being' on page 30 undefined on input l
ine 1560.


Package natbib Warning: Citation `qiu2025humanoid' on page 30 undefined on inpu
t line 1560.


Package natbib Warning: Citation `ren2025motion' on page 30 undefined on input 
line 1560.


Package natbib Warning: Citation `singh2025hand' on page 30 undefined on input 
line 1560.


Package natbib Warning: Citation `spiridonov2025generalist' on page 30 undefine
d on input line 1560.


Package natbib Warning: Citation `wen2025gr' on page 30 undefined on input line
 1560.


Package natbib Warning: Citation `yang2025ar' on page 30 undefined on input lin
e 1560.


Package natbib Warning: Citation `yang2025egovla' on page 30 undefined on input
 line 1560.


Package natbib Warning: Citation `yang2025tra' on page 30 undefined on input li
ne 1560.


Package natbib Warning: Citation `yoshida2025developing' on page 30 undefined o
n input line 1560.


Package natbib Warning: Citation `yuan2025motiontrans' on page 30 undefined on 
input line 1560.


Package natbib Warning: Citation `zhou2025human' on page 30 undefined on input 
line 1560.


Package natbib Warning: Citation `bi2026h' on page 30 undefined on input line 1
560.


Package natbib Warning: Citation `gao2026dreamdojo' on page 30 undefined on inp
ut line 1560.


Package natbib Warning: Citation `garrido2026learning' on page 30 undefined on 
input line 1560.


Package natbib Warning: Citation `lee2026mvp' on page 30 undefined on input lin
e 1560.


Package natbib Warning: Citation `luo2026being' on page 30 undefined on input l
ine 1560.


Package natbib Warning: Citation `luo2026joint' on page 30 undefined on input l
ine 1560.


Package natbib Warning: Citation `lyu2026lda' on page 30 undefined on input lin
e 1560.


Package natbib Warning: Citation `zhang2026clap' on page 30 undefined on input 
line 1560.


Package natbib Warning: Citation `zhang2026unidex' on page 30 undefined on inpu
t line 1560.


Package natbib Warning: Citation `zheng2026egoscale' on page 30 undefined on in
put line 1560.


Package natbib Warning: Citation `zhu2026emma' on page 30 undefined on input li
ne 1560.


Package natbib Warning: Citation `sieb2020graph' on page 30 undefined on input 
line 1560.


Package natbib Warning: Citation `bahl2022human' on page 30 undefined on input 
line 1560.


Package natbib Warning: Citation `kannan2023deft' on page 30 undefined on input
 line 1560.


Package natbib Warning: Citation `bahety2024screwmimic' on page 30 undefined on
 input line 1560.


Package natbib Warning: Citation `chen2025vividex' on page 30 undefined on inpu
t line 1560.


Package natbib Warning: Citation `jonnavittula2025view' on page 30 undefined on
 input line 1560.


Package natbib Warning: Citation `mandikal2022dexvip' on page 30 undefined on i
nput line 1560.


Package natbib Warning: Citation `qin2022dexmv' on page 30 undefined on input l
ine 1560.


Package natbib Warning: Citation `wen2022you' on page 30 undefined on input lin
e 1560.


Package natbib Warning: Citation `bahl2023affordances' on page 30 undefined on 
input line 1560.


Package natbib Warning: Citation `bharadhwaj2023zero' on page 30 undefined on i
nput line 1560.


Package natbib Warning: Citation `gao2023k' on page 30 undefined on input line 
1560.


Package natbib Warning: Citation `ko2023learning' on page 30 undefined on input
 line 1560.


Package natbib Warning: Citation `kumar2023graph' on page 30 undefined on input
 line 1560.


Package natbib Warning: Citation `wang2023robot' on page 30 undefined on input 
line 1560.


Package natbib Warning: Citation `ye2023learning' on page 30 undefined on input
 line 1560.


Package natbib Warning: Citation `bharadhwaj2024track2act' on page 30 undefined
 on input line 1560.


Package natbib Warning: Citation `heppert2024ditto' on page 30 undefined on inp
ut line 1560.


Package natbib Warning: Citation `ju2024robo' on page 30 undefined on input lin
e 1560.


Package natbib Warning: Citation `kuang2024ram' on page 30 undefined on input l
ine 1560.


Package natbib Warning: Citation `li2024okami' on page 30 undefined on input li
ne 1560.


Package natbib Warning: Citation `xu2024flow' on page 30 undefined on input lin
e 1560.


Package natbib Warning: Citation `yuan2024general' on page 30 undefined on inpu
t line 1560.


Package natbib Warning: Citation `chen2025vidbot' on page 30 undefined on input
 line 1560.


Package natbib Warning: Citation `dan2025x' on page 30 undefined on input line 
1560.


Package natbib Warning: Citation `haldar2025point' on page 30 undefined on inpu
t line 1560.


Package natbib Warning: Citation `heidinger20252handedafforder' on page 30 unde
fined on input line 1560.


Package natbib Warning: Citation `hsieh2025dexman' on page 30 undefined on inpu
t line 1560.


Package natbib Warning: Citation `hsu2025spot' on page 30 undefined on input li
ne 1560.


Package natbib Warning: Citation `li2025novaflow' on page 30 undefined on input
 line 1560.


Package natbib Warning: Citation `liu2025egozero' on page 30 undefined on input
 line 1560.


Package natbib Warning: Citation `lum2025crossing' on page 30 undefined on inpu
t line 1560.


Package natbib Warning: Citation `ma2025egoloc' on page 30 undefined on input l
ine 1560.


Package natbib Warning: Citation `ma2025uni' on page 30 undefined on input line
 1560.


Package natbib Warning: Citation `papagiannis2025r' on page 30 undefined on inp
ut line 1560.


Package natbib Warning: Citation `park2025demodiffusion' on page 30 undefined o
n input line 1560.


Package natbib Warning: Citation `shan2025slot' on page 30 undefined on input l
ine 1560.


Package natbib Warning: Citation `shi2025zeromimic' on page 30 undefined on inp
ut line 1560.


Package natbib Warning: Citation `singh2025deep' on page 30 undefined on input 
line 1560.


Package natbib Warning: Citation `tang2025functo' on page 30 undefined on input
 line 1560.


Package natbib Warning: Citation `tang2025mimicfunc' on page 30 undefined on in
put line 1560.


Package natbib Warning: Citation `werby2025articulated' on page 30 undefined on
 input line 1560.


Package natbib Warning: Citation `yin2025object' on page 30 undefined on input 
line 1560.


Package natbib Warning: Citation `zhang2025actron3d' on page 30 undefined on in
put line 1560.


Package natbib Warning: Citation `zhang2025zero' on page 30 undefined on input 
line 1560.


Package natbib Warning: Citation `zhao2025dexh2r' on page 30 undefined on input
 line 1560.


Package natbib Warning: Citation `zhou2025you' on page 30 undefined on input li
ne 1560.


Package natbib Warning: Citation `chen2026dexterous' on page 30 undefined on in
put line 1560.


Package natbib Warning: Citation `soraki2026objectforesight' on page 30 undefin
ed on input line 1560.


Package natbib Warning: Citation `wang2026paws' on page 30 undefined on input l
ine 1560.


LaTeX Warning: Reference `tab:oriented_robot_data_requirement' on page 30 undef
ined on input line 1570.


Package natbib Warning: Citation `ding2024knowledge' on page 30 undefined on in
put line 1570.


Package natbib Warning: Citation `chen2024vlmimic' on page 30 undefined on inpu
t line 1570.


Package natbib Warning: Citation `chen2025fmimic' on page 30 undefined on input
 line 1570.


Package natbib Warning: Citation `wake2024gpt' on page 30 undefined on input li
ne 1570.


Package natbib Warning: Citation `wang2024vlm' on page 30 undefined on input li
ne 1570.


Package natbib Warning: Citation `ye2025watch' on page 30 undefined on input li
ne 1570.


Package natbib Warning: Citation `li2024ag2manip' on page 30 undefined on input
 line 1572.


Package natbib Warning: Citation `li2025h2r' on page 30 undefined on input line
 1572.


Package natbib Warning: Citation `li2025mimicdreamer' on page 30 undefined on i
nput line 1572.


Package natbib Warning: Citation `lepert2025masquerade' on page 30 undefined on
 input line 1572.


Package natbib Warning: Citation `jiang2025rynnvla' on page 30 undefined on inp
ut line 1572.


Package natbib Warning: Citation `srirama2024hrp' on page 30 undefined on input
 line 1572.


Package natbib Warning: Citation `luo2025being' on page 30 undefined on input l
ine 1572.


Package natbib Warning: Citation `kareer2025egomimic' on page 30 undefined on i
nput line 1572.


Package natbib Warning: Citation `zhu2026emma' on page 30 undefined on input li
ne 1572.


Package natbib Warning: Citation `ye2024latent' on page 30 undefined on input l
ine 1572.


Package natbib Warning: Citation `chen2024igor' on page 30 undefined on input l
ine 1572.


Package natbib Warning: Citation `chen2025villa' on page 30 undefined on input 
line 1572.


Package natbib Warning: Citation `li2025latbot' on page 30 undefined on input l
ine 1572.


Package natbib Warning: Citation `fang2023anygrasp' on page 30 undefined on inp
ut line 1572.


Package natbib Warning: Citation `di2024keypoint' on page 30 undefined on input
 line 1572.


Package natbib Warning: Citation `bahl2023affordances' on page 30 undefined on 
input line 1572.


Package natbib Warning: Citation `bharadhwaj2024track2act' on page 30 undefined
 on input line 1572.


Package natbib Warning: Citation `kuang2024ram' on page 30 undefined on input l
ine 1572.


Package natbib Warning: Citation `papagiannis2025r' on page 30 undefined on inp
ut line 1572.


Package natbib Warning: Citation `hsu2025spot' on page 30 undefined on input li
ne 1572.


Package natbib Warning: Citation `zhang2025actron3d' on page 30 undefined on in
put line 1572.


LaTeX Warning: Reference `fig:data_pyramid' on page 30 undefined on input line 
1575.

File: figs/data_pyramid.pdf Graphic file (type pdf)
<use figs/data_pyramid.pdf>

Package natbib Warning: Citation `bjorck2025gr00t' on page 30 undefined on inpu
t line 1580.


Package natbib Warning: Citation `bi2025motus' on page 30 undefined on input li
ne 1580.


Package natbib Warning: Citation `wen2025gr' on page 30 undefined on input line
 1580.

[30]

Package natbib Warning: Citation `jang2022bc' on page 31 undefined on input lin
e 1594.


Package natbib Warning: Citation `jain2024vid2robot' on page 31 undefined on in
put line 1594.


Package natbib Warning: Citation `ding2024knowledge' on page 31 undefined on in
put line 1594.


Package natbib Warning: Citation `wake2024gpt' on page 31 undefined on input li
ne 1594.


Package natbib Warning: Citation `wang2024vlm' on page 31 undefined on input li
ne 1594.


Package natbib Warning: Citation `ye2025watch' on page 31 undefined on input li
ne 1594.


Package natbib Warning: Citation `sermanet2016unsupervised' on page 31 undefine
d on input line 1594.


Package natbib Warning: Citation `li2024ag2manip' on page 31 undefined on input
 line 1597.


Package natbib Warning: Citation `lepert2025masquerade' on page 31 undefined on
 input line 1597.


Package natbib Warning: Citation `li2025h2r' on page 31 undefined on input line
 1597.


Package natbib Warning: Citation `li2025mimicdreamer' on page 31 undefined on i
nput line 1597.


Package natbib Warning: Citation `smith2020avid' on page 31 undefined on input 
line 1597.


Package natbib Warning: Citation `zakka2022xirl' on page 31 undefined on input 
line 1597.


Package natbib Warning: Citation `chang2023look' on page 31 undefined on input 
line 1597.


Package natbib Warning: Citation `mendonca2023structured' on page 31 undefined 
on input line 1597.


Package natbib Warning: Citation `goswami2025world' on page 31 undefined on inp
ut line 1597.


Package natbib Warning: Citation `ding2024knowledge' on page 31 undefined on in
put line 1633.


Package natbib Warning: Citation `wake2024gpt' on page 31 undefined on input li
ne 1633.


Package natbib Warning: Citation `wang2024vlm' on page 31 undefined on input li
ne 1633.


Package natbib Warning: Citation `ye2025watch' on page 31 undefined on input li
ne 1633.


Package natbib Warning: Citation `nair2022r3m' on page 31 undefined on input li
ne 1633.


Package natbib Warning: Citation `li2024ag2manip' on page 31 undefined on input
 line 1633.


Package natbib Warning: Citation `lepert2025masquerade' on page 31 undefined on
 input line 1633.


Package natbib Warning: Citation `li2025h2r' on page 31 undefined on input line
 1633.


Package natbib Warning: Citation `bahl2023affordances' on page 31 undefined on 
input line 1633.


Package natbib Warning: Citation `bharadhwaj2024track2act' on page 31 undefined
 on input line 1633.


Package natbib Warning: Citation `kuang2024ram' on page 31 undefined on input l
ine 1633.


Package natbib Warning: Citation `chen2025vidbot' on page 31 undefined on input
 line 1633.


Package natbib Warning: Citation `zhang2025actron3d' on page 31 undefined on in
put line 1633.


Package natbib Warning: Citation `ye2024latent' on page 31 undefined on input l
ine 1633.


Package natbib Warning: Citation `chen2024igor' on page 31 undefined on input l
ine 1633.


Package natbib Warning: Citation `chen2025villa' on page 31 undefined on input 
line 1633.


Package natbib Warning: Citation `luo2025being' on page 31 undefined on input l
ine 1633.


Package natbib Warning: Citation `yang2025egovla' on page 31 undefined on input
 line 1633.


Underfull \hbox (badness 10000) in paragraph at lines 1633--1633
[]|\TU/phv/m/it/7 It learns compact action-related
 []


Package natbib Warning: Citation `wang2023mimicplay' on page 31 undefined on in
put line 1639.


Package natbib Warning: Citation `kareer2025egomimic' on page 31 undefined on i
nput line 1639.


Package natbib Warning: Citation `yang2025egovla' on page 31 undefined on input
 line 1639.


Package natbib Warning: Citation `luo2025being' on page 31 undefined on input l
ine 1639.


Package natbib Warning: Citation `ye2024latent' on page 31 undefined on input l
ine 1639.


Package natbib Warning: Citation `chen2024igor' on page 31 undefined on input l
ine 1639.


Package natbib Warning: Citation `chen2025villa' on page 31 undefined on input 
line 1639.


Package natbib Warning: Citation `das2021model' on page 31 undefined on input l
ine 1639.


Package natbib Warning: Citation `sieb2020graph' on page 31 undefined on input 
line 1639.


Package natbib Warning: Citation `kumar2023graph' on page 31 undefined on input
 line 1639.


Package natbib Warning: Citation `lum2025crossing' on page 31 undefined on inpu
t line 1639.


Package natbib Warning: Citation `bahl2023affordances' on page 31 undefined on 
input line 1639.


Package natbib Warning: Citation `kuang2024ram' on page 31 undefined on input l
ine 1639.


Package natbib Warning: Citation `chen2025vidbot' on page 31 undefined on input
 line 1639.


Package natbib Warning: Citation `zhang2025actron3d' on page 31 undefined on in
put line 1639.


Package natbib Warning: Citation `shi2025zeromimic' on page 31 undefined on inp
ut line 1639.


Underfull \vbox (badness 10000) has occurred while \output is active []

 [31]

LaTeX Warning: Reference `tab:route_selection_guidelines' on page 32 undefined 
on input line 1649.

[32]
Missing character: There is no 数 (U+6570) in font [lmroman12-regular]:mapping=t
ex-text;!
Missing character: There is no 据 (U+636E) in font [lmroman12-regular]:mapping=t
ex-text;!
Missing character: There is no 基 (U+57FA) in font [lmroman12-regular]:mapping=t
ex-text;!
Missing character: There is no 础 (U+7840) in font [lmroman12-regular]:mapping=t
ex-text;!

Package natbib Warning: Citation `liu2022hoi4d' on page 33 undefined on input l
ine 1675.


Package natbib Warning: Citation `grauman2022ego4d' on page 33 undefined on inp
ut line 1675.


Package natbib Warning: Citation `mccarthy2025towards' on page 33 undefined on 
input line 1675.


Package natbib Warning: Citation `eze2025learning' on page 33 undefined on inpu
t line 1675.


Package natbib Warning: Citation `hoque2025egodex' on page 33 undefined on inpu
t line 1675.


Package natbib Warning: Citation `banerjee2024hot3d' on page 33 undefined on in
put line 1675.


Package natbib Warning: Citation `feng2026human' on page 33 undefined on input 
line 1675.


Underfull \hbox (badness 10000) in paragraph at lines 1679--1680
\TU/phv/m/it/10 present a comprehensive analysis of dataset
 []


LaTeX Warning: Reference `tab:human_video_datasets' on page 33 undefined on inp
ut line 1684.

[33]

LaTeX Warning: Reference `tab:human_video_datasets' on page 34 undefined on inp
ut line 1709.


Package natbib Warning: Citation `miech2019howto100m' on page 34 undefined on i
nput line 1712.


Package natbib Warning: Citation `damen2020rescaling' on page 34 undefined on i
nput line 1712.


Package natbib Warning: Citation `chen2024panda' on page 34 undefined on input 
line 1712.


Package natbib Warning: Citation `chen2026action100m' on page 34 undefined on i
nput line 1712.


Package natbib Warning: Citation `hoque2025egodex' on page 34 undefined on inpu
t line 1713.


Package natbib Warning: Citation `zhan2024oakink2' on page 34 undefined on inpu
t line 1713.


Package natbib Warning: Citation `liu2024taco' on page 34 undefined on input li
ne 1713.


Package natbib Warning: Citation `banerjee2024hot3d' on page 34 undefined on in
put line 1713.


Package natbib Warning: Citation `luo2025being' on page 34 undefined on input l
ine 1714.


Package natbib Warning: Citation `luo2026joint' on page 34 undefined on input l
ine 1714.


Package natbib Warning: Citation `luo2026being' on page 34 undefined on input l
ine 1714.


Package natbib Warning: Citation `luo2025being' on page 34 undefined on input l
ine 1715.


Package natbib Warning: Citation `hoque2025egodex' on page 34 undefined on inpu
t line 1715.


Package natbib Warning: Citation `qiu2025humanoid' on page 34 undefined on inpu
t line 1715.


Package natbib Warning: Citation `luo2026being' on page 34 undefined on input l
ine 1715.


Package natbib Warning: Citation `hoque2025egodex' on page 34 undefined on inpu
t line 1715.


Package natbib Warning: Citation `chavan2025indego' on page 34 undefined on inp
ut line 1715.


Package natbib Warning: Citation `qiu2025humanoid' on page 34 undefined on inpu
t line 1715.


Package natbib Warning: Citation `kuehne2014language' on page 34 undefined on i
nput line 1716.


Package natbib Warning: Citation `caba2015activitynet' on page 34 undefined on 
input line 1716.


Package natbib Warning: Citation `goyal2017something' on page 34 undefined on i
nput line 1716.


Package natbib Warning: Citation `chavan2025indego' on page 34 undefined on inp
ut line 1716.


Package natbib Warning: Citation `zhao2025taste' on page 34 undefined on input 
line 1716.


Package natbib Warning: Citation `chen2026action100m' on page 34 undefined on i
nput line 1716.

[34]

Package natbib Warning: Citation `kuehne2014language' on page 35 undefined on i
nput line 1736.


Package natbib Warning: Citation `caba2015activitynet' on page 35 undefined on 
input line 1737.


Package natbib Warning: Citation `bambach2015lending' on page 35 undefined on i
nput line 1738.


Package natbib Warning: Citation `sigurdsson2016hollywood' on page 35 undefined
 on input line 1739.


Package natbib Warning: Citation `garcia2017first' on page 35 undefined on inpu
t line 1740.


Package natbib Warning: Citation `goyal2017something' on page 35 undefined on i
nput line 1741.


Package natbib Warning: Citation `zhou2017towards' on page 35 undefined on inpu
t line 1742.


Package natbib Warning: Citation `fouhey2017lifestyle' on page 35 undefined on 
input line 1743.


Package natbib Warning: Citation `damen2018scaling' on page 35 undefined on inp
ut line 1744.


Package natbib Warning: Citation `li2018eye' on page 35 undefined on input line
 1745.


Package natbib Warning: Citation `miech2019howto100m' on page 35 undefined on i
nput line 1746.


Package natbib Warning: Citation `zimmermann2019freihand' on page 35 undefined 
on input line 1747.


Package natbib Warning: Citation `shan2020understanding' on page 35 undefined o
n input line 1748.


Package natbib Warning: Citation `damen2020rescaling' on page 35 undefined on i
nput line 1749.


Package natbib Warning: Citation `smaira2020short' on page 35 undefined on inpu
t line 1750.


Package natbib Warning: Citation `cao2020reconstructing' on page 35 undefined o
n input line 1751.


Package natbib Warning: Citation `chao2021dexycb' on page 35 undefined on input
 line 1752.


Package natbib Warning: Citation `kwon2021h2o' on page 35 undefined on input li
ne 1753.


Package natbib Warning: Citation `grauman2022ego4d' on page 35 undefined on inp
ut line 1754.


Package natbib Warning: Citation `sener2022assembly101' on page 35 undefined on
 input line 1755.


Package natbib Warning: Citation `li2022egocentric' on page 35 undefined on inp
ut line 1756.


Package natbib Warning: Citation `luo2022grounded' on page 35 undefined on inpu
t line 1757.


Package natbib Warning: Citation `liu2022hoi4d' on page 35 undefined on input l
ine 1758.


Package natbib Warning: Citation `yang2022oakink' on page 35 undefined on input
 line 1759.


Package natbib Warning: Citation `zhang2022fine' on page 35 undefined on input 
line 1760.


Package natbib Warning: Citation `fan2023arctic' on page 35 undefined on input 
line 1761.


Package natbib Warning: Citation `fang2023rh20t' on page 35 undefined on input 
line 1762.


Package natbib Warning: Citation `wang2023holoassist' on page 35 undefined on i
nput line 1763.


Package natbib Warning: Citation `grauman2023ego' on page 35 undefined on input
 line 1764.


Package natbib Warning: Citation `peddi2024captaincook4d' on page 35 undefined 
on input line 1765.


Package natbib Warning: Citation `liu2024taco' on page 35 undefined on input li
ne 1766.


Package natbib Warning: Citation `chen2024panda' on page 35 undefined on input 
line 1767.


Package natbib Warning: Citation `zhan2024oakink2' on page 35 undefined on inpu
t line 1768.


Package natbib Warning: Citation `wang2024ho' on page 35 undefined on input lin
e 1769.


Package natbib Warning: Citation `banerjee2024hot3d' on page 35 undefined on in
put line 1770.


Package natbib Warning: Citation `ma2024nymeria' on page 35 undefined on input 
line 1771.


Package natbib Warning: Citation `wang2024egovid' on page 35 undefined on input
 line 1772.


Package natbib Warning: Citation `buildaiegocentric10k2025' on page 35 undefine
d on input line 1773.


Package natbib Warning: Citation `buildaiegocentric100k2025' on page 35 undefin
ed on input line 1774.


Package natbib Warning: Citation `perrett2025hd' on page 35 undefined on input 
line 1775.


Package natbib Warning: Citation `qiu2025humanoid' on page 35 undefined on inpu
t line 1776.


Package natbib Warning: Citation `zhao2025taste' on page 35 undefined on input 
line 1777.


Package natbib Warning: Citation `hoque2025egodex' on page 35 undefined on inpu
t line 1778.


Package natbib Warning: Citation `luo2025being' on page 35 undefined on input l
ine 1779.


Package natbib Warning: Citation `chavan2025indego' on page 35 undefined on inp
ut line 1780.


Package natbib Warning: Citation `chen2025large' on page 35 undefined on input 
line 1781.


Package natbib Warning: Citation `chen2026action100m' on page 35 undefined on i
nput line 1782.


Package natbib Warning: Citation `luo2026being' on page 35 undefined on input l
ine 1783.


Package natbib Warning: Citation `gao2026dreamdojo' on page 35 undefined on inp
ut line 1784.


Package natbib Warning: Citation `luo2026joint' on page 35 undefined on input l
ine 1785.


Overfull \hbox (81.14383pt too wide) in paragraph at lines 1732--1789
 [][] 
 []

[35


]

Package natbib Warning: Citation `kuehne2014language' on page 36 undefined on i
nput line 1803.


Package natbib Warning: Citation `nguyen2018translating' on page 36 undefined o
n input line 1803.


Package natbib Warning: Citation `caba2015activitynet' on page 36 undefined on 
input line 1804.


Package natbib Warning: Citation `rothfuss2018deep' on page 36 undefined on inp
ut line 1804.


Package natbib Warning: Citation `bambach2015lending' on page 36 undefined on i
nput line 1805.


Package natbib Warning: Citation `lee2017learning' on page 36 undefined on inpu
t line 1805.


Package natbib Warning: Citation `sigurdsson2016hollywood' on page 36 undefined
 on input line 1806.


Package natbib Warning: Citation `qian2024contrast' on page 36 undefined on inp
ut line 1806.


Package natbib Warning: Citation `garcia2017first' on page 36 undefined on inpu
t line 1807.


Package natbib Warning: Citation `ding2024knowledge' on page 36 undefined on in
put line 1807.


Package natbib Warning: Citation `luo2025being' on page 36 undefined on input l
ine 1807.


Package natbib Warning: Citation `feng2025spatial' on page 36 undefined on inpu
t line 1807.


Package natbib Warning: Citation `goyal2017something' on page 36 undefined on i
nput line 1808.


Package natbib Warning: Citation `rothfuss2018deep' on page 36 undefined on inp
ut line 1808.


Package natbib Warning: Citation `chen2021learning' on page 36 undefined on inp
ut line 1808.


Package natbib Warning: Citation `xiao2022masked' on page 36 undefined on input
 line 1808.


Package natbib Warning: Citation `chane2023learning' on page 36 undefined on in
put line 1808.


Package natbib Warning: Citation `majumdar2023we' on page 36 undefined on input
 line 1808.


Package natbib Warning: Citation `bharadhwaj2023visual' on page 36 undefined on
 input line 1808.


Package natbib Warning: Citation `radosavovic2023real' on page 36 undefined on 
input line 1808.


Package natbib Warning: Citation `karamcheti2023language' on page 36 undefined 
on input line 1808.


Package natbib Warning: Citation `burns2023makes' on page 36 undefined on input
 line 1808.


Package natbib Warning: Citation `bharadhwaj2023towards' on page 36 undefined o
n input line 1808.


Package natbib Warning: Citation `ye2024latent' on page 36 undefined on input l
ine 1808.


Package natbib Warning: Citation `bharadhwaj2024track2act' on page 36 undefined
 on input line 1808.


Package natbib Warning: Citation `cheang2024gr' on page 36 undefined on input l
ine 1808.


Package natbib Warning: Citation `chen2024igor' on page 36 undefined on input l
ine 1808.


Package natbib Warning: Citation `ye2025video2policy' on page 36 undefined on i
nput line 1808.


Package natbib Warning: Citation `kim2025uniskill' on page 36 undefined on inpu
t line 1808.


Package natbib Warning: Citation `li2025h2r' on page 36 undefined on input line
 1808.


Package natbib Warning: Citation `chen2025large' on page 36 undefined on input 
line 1808.


Package natbib Warning: Citation `chen2025visa' on page 36 undefined on input l
ine 1808.


Package natbib Warning: Citation `jiang2025rynnvla' on page 36 undefined on inp
ut line 1808.


Package natbib Warning: Citation `chen2025moto' on page 36 undefined on input l
ine 1808.


Package natbib Warning: Citation `chen2025villa' on page 36 undefined on input 
line 1808.


Package natbib Warning: Citation `li2025scalable' on page 36 undefined on input
 line 1808.


Package natbib Warning: Citation `routray2025vipra' on page 36 undefined on inp
ut line 1808.


Package natbib Warning: Citation `shi2026care' on page 36 undefined on input li
ne 1808.


Package natbib Warning: Citation `dai2026conla' on page 36 undefined on input l
ine 1808.


Package natbib Warning: Citation `lyu2026lda' on page 36 undefined on input lin
e 1808.


Package natbib Warning: Citation `sun2026vla' on page 36 undefined on input lin
e 1808.


Package natbib Warning: Citation `nie2026lary' on page 36 undefined on input li
ne 1808.


Package natbib Warning: Citation `zhang2026disentangled' on page 36 undefined o
n input line 1808.


Package natbib Warning: Citation `zhou2017towards' on page 36 undefined on inpu
t line 1809.


Package natbib Warning: Citation `hori2025interactive' on page 36 undefined on 
input line 1809.


Package natbib Warning: Citation `hori2025robot' on page 36 undefined on input 
line 1809.


Package natbib Warning: Citation `fouhey2017lifestyle' on page 36 undefined on 
input line 1810.


Package natbib Warning: Citation `qian2024contrast' on page 36 undefined on inp
ut line 1810.


Package natbib Warning: Citation `damen2018scaling' on page 36 undefined on inp
ut line 1811.


Package natbib Warning: Citation `xiao2022masked' on page 36 undefined on input
 line 1811.


Package natbib Warning: Citation `sivakumar2022robotic' on page 36 undefined on
 input line 1811.


Package natbib Warning: Citation `majumdar2023we' on page 36 undefined on input
 line 1811.


Package natbib Warning: Citation `kannan2023deft' on page 36 undefined on input
 line 1811.


Package natbib Warning: Citation `bharadhwaj2023zero' on page 36 undefined on i
nput line 1811.


Package natbib Warning: Citation `mendonca2023structured' on page 36 undefined 
on input line 1811.


Package natbib Warning: Citation `burns2023makes' on page 36 undefined on input
 line 1811.


Package natbib Warning: Citation `bharadhwaj2024track2act' on page 36 undefined
 on input line 1811.


Package natbib Warning: Citation `li2024ag2manip' on page 36 undefined on input
 line 1811.


Package natbib Warning: Citation `cheang2024gr' on page 36 undefined on input l
ine 1811.


Package natbib Warning: Citation `chen2024igor' on page 36 undefined on input l
ine 1811.


Package natbib Warning: Citation `xiong2025ag2x2' on page 36 undefined on input
 line 1811.


Package natbib Warning: Citation `lepert2025masquerade' on page 36 undefined on
 input line 1811.


Package natbib Warning: Citation `song2025mitty' on page 36 undefined on input 
line 1811.


Package natbib Warning: Citation `shi2025zeromimic' on page 36 undefined on inp
ut line 1811.


Package natbib Warning: Citation `li2025scalable' on page 36 undefined on input
 line 1811.


Package natbib Warning: Citation `chen2025villa' on page 36 undefined on input 
line 1811.


Package natbib Warning: Citation `bjorck2025gr00t' on page 36 undefined on inpu
t line 1811.


Package natbib Warning: Citation `jiang2025rynnvla' on page 36 undefined on inp
ut line 1811.


Package natbib Warning: Citation `luo2026being' on page 36 undefined on input l
ine 1811.


Package natbib Warning: Citation `soraki2026objectforesight' on page 36 undefin
ed on input line 1811.


Package natbib Warning: Citation `nie2026lary' on page 36 undefined on input li
ne 1811.


Package natbib Warning: Citation `li2018eye' on page 36 undefined on input line
 1812.


Package natbib Warning: Citation `chen2024igor' on page 36 undefined on input l
ine 1812.


Package natbib Warning: Citation `chen2025villa' on page 36 undefined on input 
line 1812.


Package natbib Warning: Citation `li2026gazevla' on page 36 undefined on input 
line 1812.


Package natbib Warning: Citation `miech2019howto100m' on page 36 undefined on i
nput line 1813.


Package natbib Warning: Citation `mandikal2022dexvip' on page 36 undefined on i
nput line 1813.


Package natbib Warning: Citation `cheang2024gr' on page 36 undefined on input l
ine 1813.


Package natbib Warning: Citation `jiang2025rynnvla' on page 36 undefined on inp
ut line 1813.


Package natbib Warning: Citation `zimmermann2019freihand' on page 36 undefined 
on input line 1814.


Package natbib Warning: Citation `sivakumar2022robotic' on page 36 undefined on
 input line 1814.


Package natbib Warning: Citation `shan2020understanding' on page 36 undefined o
n input line 1815.


Package natbib Warning: Citation `xiao2022masked' on page 36 undefined on input
 line 1815.


Package natbib Warning: Citation `patel2022learning' on page 36 undefined on in
put line 1815.


Package natbib Warning: Citation `sivakumar2022robotic' on page 36 undefined on
 input line 1815.


Package natbib Warning: Citation `bahl2023affordances' on page 36 undefined on 
input line 1815.


Package natbib Warning: Citation `majumdar2023we' on page 36 undefined on input
 line 1815.


Package natbib Warning: Citation `radosavovic2023real' on page 36 undefined on 
input line 1815.


Package natbib Warning: Citation `dasari2023unbiased' on page 36 undefined on i
nput line 1815.


Package natbib Warning: Citation `burns2023makes' on page 36 undefined on input
 line 1815.


Package natbib Warning: Citation `srirama2024hrp' on page 36 undefined on input
 line 1815.


Package natbib Warning: Citation `singh2025hand' on page 36 undefined on input 
line 1815.


Package natbib Warning: Citation `jonnavittula2025view' on page 36 undefined on
 input line 1815.


Package natbib Warning: Citation `damen2020rescaling' on page 36 undefined on i
nput line 1816.


Package natbib Warning: Citation `xiao2022masked' on page 36 undefined on input
 line 1816.


Package natbib Warning: Citation `pertsch2022cross' on page 36 undefined on inp
ut line 1816.


Package natbib Warning: Citation `bahl2023affordances' on page 36 undefined on 
input line 1816.


Package natbib Warning: Citation `ma2023liv' on page 36 undefined on input line
 1816.


Package natbib Warning: Citation `chang2023look' on page 36 undefined on input 
line 1816.


Package natbib Warning: Citation `radosavovic2023real' on page 36 undefined on 
input line 1816.


Package natbib Warning: Citation `bharadhwaj2023towards' on page 36 undefined o
n input line 1816.


Package natbib Warning: Citation `ju2024robo' on page 36 undefined on input lin
e 1816.


Package natbib Warning: Citation `chen2025large' on page 36 undefined on input 
line 1816.


Package natbib Warning: Citation `chen2025vidbot' on page 36 undefined on input
 line 1816.


Package natbib Warning: Citation `heidinger20252handedafforder' on page 36 unde
fined on input line 1816.


Package natbib Warning: Citation `jiang2025rynnvla' on page 36 undefined on inp
ut line 1816.


Package natbib Warning: Citation `lyu2026lda' on page 36 undefined on input lin
e 1816.


Package natbib Warning: Citation `smaira2020short' on page 36 undefined on inpu
t line 1817.


Package natbib Warning: Citation `dasari2023unbiased' on page 36 undefined on i
nput line 1817.


Package natbib Warning: Citation `cheang2024gr' on page 36 undefined on input l
ine 1817.


Package natbib Warning: Citation `zhou2025mitigating' on page 36 undefined on i
nput line 1817.


Package natbib Warning: Citation `cao2020reconstructing' on page 36 undefined o
n input line 1818.


Package natbib Warning: Citation `patel2022learning' on page 36 undefined on in
put line 1818.


Package natbib Warning: Citation `chao2021dexycb' on page 36 undefined on input
 line 1819.


Package natbib Warning: Citation `sivakumar2022robotic' on page 36 undefined on
 input line 1819.


Package natbib Warning: Citation `qin2022dexmv' on page 36 undefined on input l
ine 1819.


Package natbib Warning: Citation `ye2023learning' on page 36 undefined on input
 line 1819.


Package natbib Warning: Citation `qian2024contrast' on page 36 undefined on inp
ut line 1819.


Package natbib Warning: Citation `ci2025h2r' on page 36 undefined on input line
 1819.


Package natbib Warning: Citation `singh2025deep' on page 36 undefined on input 
line 1819.


Package natbib Warning: Citation `luo2025being' on page 36 undefined on input l
ine 1819.


Package natbib Warning: Citation `feng2025spatial' on page 36 undefined on inpu
t line 1819.


Package natbib Warning: Citation `singh2025hand' on page 36 undefined on input 
line 1819.


Package natbib Warning: Citation `zhao2025dexh2r' on page 36 undefined on input
 line 1819.


Package natbib Warning: Citation `chen2025vividex' on page 36 undefined on inpu
t line 1819.


Package natbib Warning: Citation `luo2026joint' on page 36 undefined on input l
ine 1819.


Package natbib Warning: Citation `kwon2021h2o' on page 36 undefined on input li
ne 1820.


Package natbib Warning: Citation `kim2025uniskill' on page 36 undefined on inpu
t line 1820.


Package natbib Warning: Citation `ma2025uni' on page 36 undefined on input line
 1820.


Package natbib Warning: Citation `luo2025being' on page 36 undefined on input l
ine 1820.


Package natbib Warning: Citation `feng2025spatial' on page 36 undefined on inpu
t line 1820.


Package natbib Warning: Citation `luo2026joint' on page 36 undefined on input l
ine 1820.


Package natbib Warning: Citation `zhang2026unidex' on page 36 undefined on inpu
t line 1820.


Package natbib Warning: Citation `li2026gazevla' on page 36 undefined on input 
line 1820.


Package natbib Warning: Citation `grauman2022ego4d' on page 36 undefined on inp
ut line 1821.


Package natbib Warning: Citation `nair2022r3m' on page 36 undefined on input li
ne 1821.


Package natbib Warning: Citation `ma2022vip' on page 36 undefined on input line
 1821.


Package natbib Warning: Citation `majumdar2023we' on page 36 undefined on input
 line 1821.


Package natbib Warning: Citation `bhateja2023robotic' on page 36 undefined on i
nput line 1821.


Package natbib Warning: Citation `radosavovic2023real' on page 36 undefined on 
input line 1821.


Package natbib Warning: Citation `chang2023look' on page 36 undefined on input 
line 1821.


Package natbib Warning: Citation `wu2023unleashing' on page 36 undefined on inp
ut line 1821.


Package natbib Warning: Citation `kannan2023deft' on page 36 undefined on input
 line 1821.


Package natbib Warning: Citation `dasari2023unbiased' on page 36 undefined on i
nput line 1821.


Package natbib Warning: Citation `burns2023makes' on page 36 undefined on input
 line 1821.


Package natbib Warning: Citation `bharadhwaj2023towards' on page 36 undefined o
n input line 1821.


Package natbib Warning: Citation `zeng2024learning' on page 36 undefined on inp
ut line 1821.


Package natbib Warning: Citation `cheang2024gr' on page 36 undefined on input l
ine 1821.


Package natbib Warning: Citation `srirama2024hrp' on page 36 undefined on input
 line 1821.


Package natbib Warning: Citation `chen2024igor' on page 36 undefined on input l
ine 1821.


Package natbib Warning: Citation `chen2025large' on page 36 undefined on input 
line 1821.


Package natbib Warning: Citation `zhou2025mitigating' on page 36 undefined on i
nput line 1821.


Package natbib Warning: Citation `bu2025univla' on page 36 undefined on input l
ine 1821.


Package natbib Warning: Citation `jiang2025rynnvla' on page 36 undefined on inp
ut line 1821.


Package natbib Warning: Citation `bjorck2025gr00t' on page 36 undefined on inpu
t line 1821.


Package natbib Warning: Citation `li2025h2r' on page 36 undefined on input line
 1821.


Package natbib Warning: Citation `heidinger20252handedafforder' on page 36 unde
fined on input line 1821.


Package natbib Warning: Citation `yoshida2025developing' on page 36 undefined o
n input line 1821.


Package natbib Warning: Citation `lin2025physbrain' on page 36 undefined on inp
ut line 1821.


Package natbib Warning: Citation `chen2025villa' on page 36 undefined on input 
line 1821.


Package natbib Warning: Citation `yang2025ar' on page 36 undefined on input lin
e 1821.


Package natbib Warning: Citation `li2025scalable' on page 36 undefined on input
 line 1821.


Package natbib Warning: Citation `bu2025agibot' on page 36 undefined on input l
ine 1821.


Package natbib Warning: Citation `luo2026being' on page 36 undefined on input l
ine 1821.


Package natbib Warning: Citation `luo2026joint' on page 36 undefined on input l
ine 1821.


Package natbib Warning: Citation `zhang2026clap' on page 36 undefined on input 
line 1821.


Package natbib Warning: Citation `lyu2026lda' on page 36 undefined on input lin
e 1821.


Package natbib Warning: Citation `nie2026lary' on page 36 undefined on input li
ne 1821.


Package natbib Warning: Citation `zhang2026disentangled' on page 36 undefined o
n input line 1821.


Package natbib Warning: Citation `li2026gazevla' on page 36 undefined on input 
line 1821.


Package natbib Warning: Citation `sener2022assembly101' on page 36 undefined on
 input line 1822.


Package natbib Warning: Citation `bjorck2025gr00t' on page 36 undefined on inpu
t line 1822.


Package natbib Warning: Citation `li2022egocentric' on page 36 undefined on inp
ut line 1823.


Package natbib Warning: Citation `zhang2025zero' on page 36 undefined on input 
line 1823.


Package natbib Warning: Citation `ma2025egoloc' on page 36 undefined on input l
ine 1823.


Package natbib Warning: Citation `ma2025uni' on page 36 undefined on input line
 1823.


Package natbib Warning: Citation `chen2025villa' on page 36 undefined on input 
line 1823.


Package natbib Warning: Citation `luo2022grounded' on page 36 undefined on inpu
t line 1824.


Package natbib Warning: Citation `ju2024robo' on page 36 undefined on input lin
e 1824.


Package natbib Warning: Citation `liu2022hoi4d' on page 36 undefined on input l
ine 1825.


Package natbib Warning: Citation `kannan2023deft' on page 36 undefined on input
 line 1825.


Package natbib Warning: Citation `kuang2024ram' on page 36 undefined on input l
ine 1825.


Package natbib Warning: Citation `yuan2024general' on page 36 undefined on inpu
t line 1825.


Package natbib Warning: Citation `bjorck2025gr00t' on page 36 undefined on inpu
t line 1825.


Package natbib Warning: Citation `wang2025gat' on page 36 undefined on input li
ne 1825.


Package natbib Warning: Citation `zhu2025learning' on page 36 undefined on inpu
t line 1825.


Package natbib Warning: Citation `feng2025spatial' on page 36 undefined on inpu
t line 1825.


Package natbib Warning: Citation `chen2025villa' on page 36 undefined on input 
line 1825.


Package natbib Warning: Citation `zhang2025actron3d' on page 36 undefined on in
put line 1825.


Package natbib Warning: Citation `luo2025being' on page 36 undefined on input l
ine 1825.


Package natbib Warning: Citation `yang2025egovla' on page 36 undefined on input
 line 1825.


Package natbib Warning: Citation `luo2026joint' on page 36 undefined on input l
ine 1825.


Package natbib Warning: Citation `lyu2026lda' on page 36 undefined on input lin
e 1825.


Package natbib Warning: Citation `zhang2026unidex' on page 36 undefined on inpu
t line 1825.


Package natbib Warning: Citation `li2026gazevla' on page 36 undefined on input 
line 1825.


Package natbib Warning: Citation `yang2022oakink' on page 36 undefined on input
 line 1826.


Package natbib Warning: Citation `chen2025web2grasp' on page 36 undefined on in
put line 1826.


Package natbib Warning: Citation `zhang2022fine' on page 36 undefined on input 
line 1827.


Package natbib Warning: Citation `kannan2023learning' on page 36 undefined on i
nput line 1827.


Package natbib Warning: Citation `soraki2026objectforesight' on page 36 undefin
ed on input line 1827.


Package natbib Warning: Citation `fan2023arctic' on page 36 undefined on input 
line 1828.


Package natbib Warning: Citation `li2025maniptrans' on page 36 undefined on inp
ut line 1828.


Package natbib Warning: Citation `luo2025being' on page 36 undefined on input l
ine 1828.


Package natbib Warning: Citation `feng2025spatial' on page 36 undefined on inpu
t line 1828.


Package natbib Warning: Citation `luo2026joint' on page 36 undefined on input l
ine 1828.


Package natbib Warning: Citation `lyu2026lda' on page 36 undefined on input lin
e 1828.


Package natbib Warning: Citation `fang2023rh20t' on page 36 undefined on input 
line 1829.


Package natbib Warning: Citation `bjorck2025gr00t' on page 36 undefined on inpu
t line 1829.


Package natbib Warning: Citation `zhou2025mitigating' on page 36 undefined on i
nput line 1829.


Package natbib Warning: Citation `zhu2025learning' on page 36 undefined on inpu
t line 1829.


Package natbib Warning: Citation `spiridonov2025generalist' on page 36 undefine
d on input line 1829.


Package natbib Warning: Citation `chen2025villa' on page 36 undefined on input 
line 1829.


Package natbib Warning: Citation `lyu2026lda' on page 36 undefined on input lin
e 1829.


Package natbib Warning: Citation `wang2023holoassist' on page 36 undefined on i
nput line 1830.


Package natbib Warning: Citation `bjorck2025gr00t' on page 36 undefined on inpu
t line 1830.


Package natbib Warning: Citation `yang2025egovla' on page 36 undefined on input
 line 1830.


Package natbib Warning: Citation `chen2025villa' on page 36 undefined on input 
line 1830.


Package natbib Warning: Citation `lyu2026lda' on page 36 undefined on input lin
e 1830.


Package natbib Warning: Citation `nie2026lary' on page 36 undefined on input li
ne 1830.


Package natbib Warning: Citation `li2026gazevla' on page 36 undefined on input 
line 1830.


Package natbib Warning: Citation `grauman2023ego' on page 36 undefined on input
 line 1831.


Package natbib Warning: Citation `bjorck2025gr00t' on page 36 undefined on inpu
t line 1831.


Package natbib Warning: Citation `yoshida2025developing' on page 36 undefined o
n input line 1831.


Package natbib Warning: Citation `li2025scalable' on page 36 undefined on input
 line 1831.


Package natbib Warning: Citation `li2026act' on page 36 undefined on input line
 1831.


Package natbib Warning: Citation `lyu2026lda' on page 36 undefined on input lin
e 1831.


Package natbib Warning: Citation `lee2026mvp' on page 36 undefined on input lin
e 1831.


Package natbib Warning: Citation `li2026gazevla' on page 36 undefined on input 
line 1831.


Package natbib Warning: Citation `peddi2024captaincook4d' on page 36 undefined 
on input line 1832.


Package natbib Warning: Citation `li2026act' on page 36 undefined on input line
 1832.


Package natbib Warning: Citation `liu2024taco' on page 36 undefined on input li
ne 1833.


Package natbib Warning: Citation `hsieh2025dexman' on page 36 undefined on inpu
t line 1833.


Package natbib Warning: Citation `yang2025egovla' on page 36 undefined on input
 line 1833.


Package natbib Warning: Citation `luo2025being' on page 36 undefined on input l
ine 1833.


Package natbib Warning: Citation `feng2025spatial' on page 36 undefined on inpu
t line 1833.


Package natbib Warning: Citation `luo2026joint' on page 36 undefined on input l
ine 1833.


Package natbib Warning: Citation `lyu2026lda' on page 36 undefined on input lin
e 1833.


Package natbib Warning: Citation `zhang2026unidex' on page 36 undefined on inpu
t line 1833.


Package natbib Warning: Citation `nie2026lary' on page 36 undefined on input li
ne 1833.


Package natbib Warning: Citation `li2026gazevla' on page 36 undefined on input 
line 1833.


Package natbib Warning: Citation `chen2024panda' on page 36 undefined on input 
line 1834.


Package natbib Warning: Citation `chen2025large' on page 36 undefined on input 
line 1834.


Package natbib Warning: Citation `zhan2024oakink2' on page 36 undefined on inpu
t line 1835.


Package natbib Warning: Citation `yuan2025hermes' on page 36 undefined on input
 line 1835.


Package natbib Warning: Citation `li2025maniptrans' on page 36 undefined on inp
ut line 1835.


Package natbib Warning: Citation `zhao2025towards' on page 36 undefined on inpu
t line 1835.


Package natbib Warning: Citation `luo2025being' on page 36 undefined on input l
ine 1835.


Package natbib Warning: Citation `feng2025spatial' on page 36 undefined on inpu
t line 1835.


Package natbib Warning: Citation `hsieh2025dexman' on page 36 undefined on inpu
t line 1835.


Package natbib Warning: Citation `luo2026joint' on page 36 undefined on input l
ine 1835.


Package natbib Warning: Citation `lyu2026lda' on page 36 undefined on input lin
e 1835.


Package natbib Warning: Citation `li2026gazevla' on page 36 undefined on input 
line 1835.


Package natbib Warning: Citation `wang2024ho' on page 36 undefined on input lin
e 1836.


Package natbib Warning: Citation `chen2025villa' on page 36 undefined on input 
line 1836.


Package natbib Warning: Citation `banerjee2024hot3d' on page 36 undefined on in
put line 1837.


Package natbib Warning: Citation `luo2025being' on page 36 undefined on input l
ine 1837.


Package natbib Warning: Citation `ma2025uni' on page 36 undefined on input line
 1837.


Package natbib Warning: Citation `yang2025egovla' on page 36 undefined on input
 line 1837.


Package natbib Warning: Citation `soraki2026objectforesight' on page 36 undefin
ed on input line 1837.


Package natbib Warning: Citation `lyu2026lda' on page 36 undefined on input lin
e 1837.


Package natbib Warning: Citation `zhang2026unidex' on page 36 undefined on inpu
t line 1837.


Package natbib Warning: Citation `li2026gazevla' on page 36 undefined on input 
line 1837.


Package natbib Warning: Citation `ma2024nymeria' on page 36 undefined on input 
line 1838.


Package natbib Warning: Citation `yoshida2025developing' on page 36 undefined o
n input line 1838.


Package natbib Warning: Citation `gao2026dreamdojo' on page 36 undefined on inp
ut line 1838.


Package natbib Warning: Citation `li2026gazevla' on page 36 undefined on input 
line 1838.


Package natbib Warning: Citation `wang2024egovid' on page 36 undefined on input
 line 1839.


Package natbib Warning: Citation `jiang2025rynnvla' on page 36 undefined on inp
ut line 1839.


Package natbib Warning: Citation `perrett2025hd' on page 36 undefined on input 
line 1840.


Package natbib Warning: Citation `yoshida2025developing' on page 36 undefined o
n input line 1840.


Package natbib Warning: Citation `qiu2025humanoid' on page 36 undefined on inpu
t line 1841.


Package natbib Warning: Citation `cai2025n' on page 36 undefined on input line 
1841.


Package natbib Warning: Citation `zhao2025taste' on page 36 undefined on input 
line 1842.


Package natbib Warning: Citation `kim2025dexterous' on page 36 undefined on inp
ut line 1842.


Package natbib Warning: Citation `luo2025being' on page 36 undefined on input l
ine 1842.


Package natbib Warning: Citation `feng2025spatial' on page 36 undefined on inpu
t line 1842.


Package natbib Warning: Citation `lyu2026lda' on page 36 undefined on input lin
e 1842.


Package natbib Warning: Citation `hoque2025egodex' on page 36 undefined on inpu
t line 1843.


Package natbib Warning: Citation `bi2025h' on page 36 undefined on input line 1
843.


Package natbib Warning: Citation `lin2025physbrain' on page 36 undefined on inp
ut line 1843.


Package natbib Warning: Citation `goswami2025world' on page 36 undefined on inp
ut line 1843.


Package natbib Warning: Citation `li2025mimicdreamer' on page 36 undefined on i
nput line 1843.


Package natbib Warning: Citation `li2025latbot' on page 36 undefined on input l
ine 1843.


Package natbib Warning: Citation `jiang2025rynnvla' on page 36 undefined on inp
ut line 1843.


Package natbib Warning: Citation `luo2025being' on page 36 undefined on input l
ine 1843.


Package natbib Warning: Citation `feng2025spatial' on page 36 undefined on inpu
t line 1843.


Package natbib Warning: Citation `cai2025n' on page 36 undefined on input line 
1843.


Package natbib Warning: Citation `bi2025motus' on page 36 undefined on input li
ne 1843.


Package natbib Warning: Citation `luo2026joint' on page 36 undefined on input l
ine 1843.


Package natbib Warning: Citation `gao2026dreamdojo' on page 36 undefined on inp
ut line 1843.


Package natbib Warning: Citation `zheng2026egoscale' on page 36 undefined on in
put line 1843.


Package natbib Warning: Citation `lyu2026lda' on page 36 undefined on input lin
e 1843.


Package natbib Warning: Citation `nie2026lary' on page 36 undefined on input li
ne 1843.


Package natbib Warning: Citation `li2026gazevla' on page 36 undefined on input 
line 1843.


Package natbib Warning: Citation `luo2025being' on page 36 undefined on input l
ine 1844.


Package natbib Warning: Citation `luo2026joint' on page 36 undefined on input l
ine 1844.


Package natbib Warning: Citation `luo2026being' on page 36 undefined on input l
ine 1844.


Package natbib Warning: Citation `buildaiegocentric10k2025' on page 36 undefine
d on input line 1845.


Package natbib Warning: Citation `lin2025physbrain' on page 36 undefined on inp
ut line 1845.


Package natbib Warning: Citation `luo2026being' on page 36 undefined on input l
ine 1845.


Package natbib Warning: Citation `lyu2026lda' on page 36 undefined on input lin
e 1845.


Package natbib Warning: Citation `buildaiegocentric100k2025' on page 36 undefin
ed on input line 1846.


Package natbib Warning: Citation `chavan2025indego' on page 36 undefined on inp
ut line 1847.


Package natbib Warning: Citation `chen2025large' on page 36 undefined on input 
line 1848.


Package natbib Warning: Citation `chen2026action100m' on page 36 undefined on i
nput line 1849.


Package natbib Warning: Citation `luo2026being' on page 36 undefined on input l
ine 1850.


Package natbib Warning: Citation `gao2026dreamdojo' on page 36 undefined on inp
ut line 1851.


Package natbib Warning: Citation `luo2026joint' on page 36 undefined on input l
ine 1852.

[36]

LaTeX Warning: Reference `tab:human_video_datasets_usedby' on page 37 undefined
 on input line 1859.


Package natbib Warning: Citation `grauman2022ego4d' on page 37 undefined on inp
ut line 1859.


Package natbib Warning: Citation `damen2018scaling' on page 37 undefined on inp
ut line 1859.


Package natbib Warning: Citation `damen2020rescaling' on page 37 undefined on i
nput line 1859.


Package natbib Warning: Citation `nair2022r3m' on page 37 undefined on input li
ne 1859.


Package natbib Warning: Citation `xiao2022masked' on page 37 undefined on input
 line 1859.


Package natbib Warning: Citation `ci2025h2r' on page 37 undefined on input line
 1859.


Package natbib Warning: Citation `chen2025large' on page 37 undefined on input 
line 1859.


Package natbib Warning: Citation `goyal2017something' on page 37 undefined on i
nput line 1859.


Package natbib Warning: Citation `ma2025uni' on page 37 undefined on input line
 1862.


Package natbib Warning: Citation `chen2025web2grasp' on page 37 undefined on in
put line 1862.


Package natbib Warning: Citation `bi2025h' on page 37 undefined on input line 1
862.


Package natbib Warning: Citation `chao2021dexycb' on page 37 undefined on input
 line 1862.


Package natbib Warning: Citation `kwon2021h2o' on page 37 undefined on input li
ne 1862.


Package natbib Warning: Citation `zhan2024oakink2' on page 37 undefined on inpu
t line 1862.


Package natbib Warning: Citation `hoque2025egodex' on page 37 undefined on inpu
t line 1862.


Package natbib Warning: Citation `banerjee2024hot3d' on page 37 undefined on in
put line 1862.


Package natbib Warning: Citation `yang2025egovla' on page 37 undefined on input
 line 1866.


Package natbib Warning: Citation `luo2025being' on page 37 undefined on input l
ine 1866.


Package natbib Warning: Citation `bjorck2025gr00t' on page 37 undefined on inpu
t line 1866.


Package natbib Warning: Citation `lyu2026lda' on page 37 undefined on input lin
e 1866.


Package natbib Warning: Citation `luo2025being' on page 37 undefined on input l
ine 1866.


Package natbib Warning: Citation `luo2026being' on page 37 undefined on input l
ine 1866.


Package natbib Warning: Citation `luo2026joint' on page 37 undefined on input l
ine 1866.


LaTeX Warning: Reference `fig:nova_flow_teaser' on page 37 undefined on input l
ine 1870.

File: figs/nova_flow_teaser.pdf Graphic file (type pdf)
<use figs/nova_flow_teaser.pdf>

Package natbib Warning: Citation `li2025novaflow' on page 37 undefined on input
 line 1875.


Package natbib Warning: Citation `bonardi2020learning' on page 37 undefined on 
input line 1879.


Package natbib Warning: Citation `du2023learning' on page 37 undefined on input
 line 1879.


Package natbib Warning: Citation `ho2022imagen' on page 37 undefined on input l
ine 1879.


Package natbib Warning: Citation `du2023learning' on page 37 undefined on input
 line 1879.


Package natbib Warning: Citation `bharadhwaj2024gen2act' on page 37 undefined o
n input line 1879.


Package natbib Warning: Citation `kondratyuk2023videopoet' on page 37 undefined
 on input line 1879.


Package natbib Warning: Citation `liang2024dreamitate' on page 37 undefined on 
input line 1881.


Package natbib Warning: Citation `van2024generative' on page 37 undefined on in
put line 1881.


Package natbib Warning: Citation `patel2025robotic' on page 37 undefined on inp
ut line 1881.


Package natbib Warning: Citation `brooks2024video' on page 37 undefined on inpu
t line 1881.


Package natbib Warning: Citation `KlingAI2024' on page 37 undefined on input li
ne 1881.


Package natbib Warning: Citation `achiam2023gpt' on page 37 undefined on input 
line 1881.


Package natbib Warning: Citation `li2025novaflow' on page 37 undefined on input
 line 1881.


Package natbib Warning: Citation `wan2025wan' on page 37 undefined on input lin
e 1881.


Package natbib Warning: Citation `wiedemer2025video' on page 37 undefined on in
put line 1881.


Package natbib Warning: Citation `dharmarajan2025dream2flow' on page 37 undefin
ed on input line 1881.


Package natbib Warning: Citation `wan2025wan' on page 37 undefined on input lin
e 1881.

[37



]

Package natbib Warning: Citation `chen2025large' on page 38 undefined on input 
line 1883.


Package natbib Warning: Citation `kim2025dexterous' on page 38 undefined on inp
ut line 1883.


Package natbib Warning: Citation `bharadhwaj2024gen2act' on page 38 undefined o
n input line 1885.

Missing character: There is no 讨 (U+8BA8) in font [lmroman12-regular]:mapping=t
ex-text;!
Missing character: There is no 论 (U+8BBA) in font [lmroman12-regular]:mapping=t
ex-text;!

Package natbib Warning: Citation `wu2023unleashing' on page 38 undefined on inp
ut line 1893.


Package natbib Warning: Citation `mendonca2023structured' on page 38 undefined 
on input line 1893.


Package natbib Warning: Citation `cheang2024gr' on page 38 undefined on input l
ine 1893.


Package natbib Warning: Citation `zhu2025learning' on page 38 undefined on inpu
t line 1893.


Package natbib Warning: Citation `goswami2025world' on page 38 undefined on inp
ut line 1893.


Package natbib Warning: Citation `kim2025dexterous' on page 38 undefined on inp
ut line 1893.


Package natbib Warning: Citation `cheng2024egothink' on page 38 undefined on in
put line 1895.


Package natbib Warning: Citation `plizzari2025omnia' on page 38 undefined on in
put line 1895.


Package natbib Warning: Citation `vinod2025egovlm' on page 38 undefined on inpu
t line 1895.


Package natbib Warning: Citation `su2025annexe' on page 38 undefined on input l
ine 1895.


Package natbib Warning: Citation `lin2025physbrain' on page 38 undefined on inp
ut line 1895.


Package natbib Warning: Citation `tang2025functo' on page 38 undefined on input
 line 1899.


Package natbib Warning: Citation `tang2025mimicfunc' on page 38 undefined on in
put line 1899.


Package natbib Warning: Citation `jiang2022ditto' on page 38 undefined on input
 line 1899.


Package natbib Warning: Citation `kerr2024robot' on page 38 undefined on input 
line 1899.


Package natbib Warning: Citation `werby2025articulated' on page 38 undefined on
 input line 1899.


Package natbib Warning: Citation `wang2026paws' on page 38 undefined on input l
ine 1899.

[38]

Package natbib Warning: Citation `black2024pi_0' on page 39 undefined on input 
line 1906.


Package natbib Warning: Citation `bjorck2025gr00t' on page 39 undefined on inpu
t line 1906.


Package natbib Warning: Citation `luo2025being' on page 39 undefined on input l
ine 1906.


Package natbib Warning: Citation `yang2025egovla' on page 39 undefined on input
 line 1906.


Package natbib Warning: Citation `lyu2026lda' on page 39 undefined on input lin
e 1906.


Package natbib Warning: Citation `liu2023libero' on page 39 undefined on input 
line 1908.


Package natbib Warning: Citation `bahety2024screwmimic' on page 39 undefined on
 input line 1913.


Package natbib Warning: Citation `li2025maniptrans' on page 39 undefined on inp
ut line 1913.


Package natbib Warning: Citation `zhou2025you' on page 39 undefined on input li
ne 1913.


Package natbib Warning: Citation `bi2026h' on page 39 undefined on input line 1
913.

[39]

Package natbib Warning: Citation `zhu2024vision' on page 40 undefined on input 
line 1920.


Package natbib Warning: Citation `bharadhwaj2024track2act' on page 40 undefined
 on input line 1920.


Package natbib Warning: Citation `ma2025uni' on page 40 undefined on input line
 1920.


Package natbib Warning: Citation `chen2025vidbot' on page 40 undefined on input
 line 1920.


Package natbib Warning: Citation `li2025novaflow' on page 40 undefined on input
 line 1920.


Package natbib Warning: Citation `govind2026unilact' on page 40 undefined on in
put line 1920.


Package natbib Warning: Citation `seth2026egoavu' on page 40 undefined on input
 line 1922.


Package natbib Warning: Citation `zhu2026egosound' on page 40 undefined on inpu
t line 1922.


Package natbib Warning: Citation `li2026gazevla' on page 40 undefined on input 
line 1922.


LaTeX Warning: Reference `tab:human_video_datasets' on page 40 undefined on inp
ut line 1922.


Package natbib Warning: Citation `li2018eye' on page 40 undefined on input line
 1922.


Package natbib Warning: Citation `grauman2022ego4d' on page 40 undefined on inp
ut line 1922.


Package natbib Warning: Citation `wang2023holoassist' on page 40 undefined on i
nput line 1922.


Package natbib Warning: Citation `grauman2023ego' on page 40 undefined on input
 line 1922.


Package natbib Warning: Citation `ma2024nymeria' on page 40 undefined on input 
line 1922.


Package natbib Warning: Citation `perrett2025hd' on page 40 undefined on input 
line 1922.


Package natbib Warning: Citation `chavan2025indego' on page 40 undefined on inp
ut line 1922.


Package natbib Warning: Citation `zhou2026touchanything' on page 40 undefined o
n input line 1925.


Package natbib Warning: Citation `zhou2026touchanything' on page 40 undefined o
n input line 1925.


Package natbib Warning: Citation `grauman2022ego4d' on page 40 undefined on inp
ut line 1933.


Package natbib Warning: Citation `chen2024igor' on page 40 undefined on input l
ine 1933.


Package natbib Warning: Citation `cheang2024gr' on page 40 undefined on input l
ine 1933.


Package natbib Warning: Citation `cheang2025gr' on page 40 undefined on input l
ine 1933.


Package natbib Warning: Citation `zhao2025dexh2r' on page 40 undefined on input
 line 1933.


Package natbib Warning: Citation `bjorck2025gr00t' on page 40 undefined on inpu
t line 1933.


Package natbib Warning: Citation `luo2026joint' on page 40 undefined on input l
ine 1933.


Package natbib Warning: Citation `mees2022calvin' on page 40 undefined on input
 line 1943.


Package natbib Warning: Citation `liu2023libero' on page 40 undefined on input 
line 1943.


Package natbib Warning: Citation `mu2025robotwin' on page 40 undefined on input
 line 1943.


Package natbib Warning: Citation `kerbl20233d' on page 40 undefined on input li
ne 1943.


Package natbib Warning: Citation `lin2025physbrain' on page 40 undefined on inp
ut line 1943.


Package natbib Warning: Citation `zhang2025zero' on page 40 undefined on input 
line 1943.


Package natbib Warning: Citation `ma2025novel' on page 40 undefined on input li
ne 1943.


Package natbib Warning: Citation `chen2025flowing' on page 40 undefined on inpu
t line 1943.

[40]

Package natbib Warning: Citation `damen2018scaling' on page 41 undefined on inp
ut line 1947.


Package natbib Warning: Citation `damen2020rescaling' on page 41 undefined on i
nput line 1947.


Package natbib Warning: Citation `grauman2022ego4d' on page 41 undefined on inp
ut line 1947.


Package natbib Warning: Citation `hoque2025egodex' on page 41 undefined on inpu
t line 1947.


Package natbib Warning: Citation `banerjee2024hot3d' on page 41 undefined on in
put line 1947.


Package natbib Warning: Citation `li2026egolive' on page 41 undefined on input 
line 1947.


Package natbib Warning: Citation `punamiya2026egoverse' on page 41 undefined on
 input line 1947.

Missing character: There is no 结 (U+7ED3) in font [lmroman12-regular]:mapping=t
ex-text;!
Missing character: There is no 论 (U+8BBA) in font [lmroman12-regular]:mapping=t
ex-text;!
[41] (./main.bbl
Underfull \vbox (badness 10000) has occurred while \output is active []

 [42]
Underfull \vbox (badness 10000) has occurred while \output is active []


Underfull \vbox (badness 10000) has occurred while \output is active []

 [43]
Underfull \vbox (badness 10000) has occurred while \output is active []


Underfull \vbox (badness 10000) has occurred while \output is active []

 [44]
Underfull \vbox (badness 10000) has occurred while \output is active []


Underfull \vbox (badness 10000) has occurred while \output is active []

 [45]
Underfull \vbox (badness 10000) has occurred while \output is active []


Underfull \vbox (badness 10000) has occurred while \output is active []

 [46]
Underfull \vbox (badness 10000) has occurred while \output is active []


Underfull \vbox (badness 10000) has occurred while \output is active []

 [47]
Underfull \vbox (badness 10000) has occurred while \output is active []


Underfull \vbox (badness 10000) has occurred while \output is active []

 [48]
Underfull \vbox (badness 10000) has occurred while \output is active []


Underfull \vbox (badness 10000) has occurred while \output is active []

 [49]
Underfull \vbox (badness 10000) has occurred while \output is active []


Underfull \vbox (badness 10000) has occurred while \output is active []

 [50]
Underfull \vbox (badness 10000) has occurred while \output is active []


Underfull \vbox (badness 10000) has occurred while \output is active []

 [51]
Underfull \vbox (badness 10000) has occurred while \output is active []


Underfull \vbox (badness 10000) has occurred while \output is active []

 [52]
Underfull \vbox (badness 10000) has occurred while \output is active []


Underfull \vbox (badness 10000) has occurred while \output is active []

 [53]
Underfull \vbox (badness 10000) has occurred while \output is active []


Underfull \vbox (badness 10000) has occurred while \output is active []

 [54])

Package natbib Warning: There were undefined citations.

[55

] (./main.aux

Package natbib Warning: Citation(s) may have changed.
(natbib)                Rerun to get citations correct.

)
 ***********
LaTeX2e <2025-11-01>
L3 programming layer <2026-01-19>
 ***********
LaTeX Font Warning: Some font shapes were not available, defaults substituted.


LaTeX Warning: There were undefined references.


LaTeX Warning: Label(s) may have changed. Rerun to get cross-references right.


Package rerunfilecheck Warning: File `main.out' has changed.
(rerunfilecheck)                Rerun to get outlines right
(rerunfilecheck)                or use package `bookmark'.

Package rerunfilecheck Info: Checksums for `main.out':
(rerunfilecheck)             Before: <no file>
(rerunfilecheck)             After:  EEABE271A20D15C004A693CC52255D6D;7896.
 ) 
Here is how much of TeX's memory you used:
 25449 strings out of 468173
 476896 string characters out of 5435521
 1074098 words of memory out of 5000000
 53725 multiletter control sequences out of 15000+600000
 637850 words of font info for 94 fonts, out of 8000000 for 9000
 1348 hyphenation exceptions out of 8191
 88i,18n,94p,6792b,1214s stack positions out of 10000i,1000n,20000p,200000b,200000s

Output written on main.pdf (55 pages).
