This is XeTeX, Version 3.141592653-2.6-0.999997 (TeX Live 2025/Debian) (preloaded format=xelatex 2026.9.6)  9 SEP 2026 17:04
entering extended mode
 restricted \write18 enabled.
 %&-line parsing enabled.
**"Robot Learning from Human Videos_中文翻译.md"
(./Robot Learning from Human Videos_中文翻译.md
LaTeX2e <2025-11-01>
L3 programming layer <2026-01-19>
(./sagej.cls
Document Class: sagej 2026/09/09 Local compatibility class
(/usr/share/texlive/texmf-dist/tex/latex/ctex/ctexart.cls
(/usr/share/texlive/texmf-dist/tex/latex/ctex/config/ctexbackend.cfg
File: ctexbackend.cfg 2022/07/14 v2.5.10 Backend configuration file (CTEX)
)
(/usr/share/texlive/texmf-dist/tex/latex/l3kernel/expl3.sty
Package: expl3 2026-01-19 L3 programming layer (loader) 

(/usr/share/texlive/texmf-dist/tex/latex/l3backend/l3backend-xetex.def
File: l3backend-xetex.def 2025-10-09 L3 backend support: XeTeX
\g__graphics_track_int=\count271
\g__pdfannot_backend_int=\count272
\g__pdfannot_backend_link_int=\count273
))
Document Class: ctexart 2022/07/14 v2.5.10 Chinese adapter for class article (C
TEX)
(/usr/share/texlive/texmf-dist/tex/latex/ctex/ctexhook.sty
Package: ctexhook 2022/07/14 v2.5.10 Document and package hooks (CTEX)
)
(/usr/share/texlive/texmf-dist/tex/latex/ctex/ctexpatch.sty
Package: ctexpatch 2022/07/14 v2.5.10 Patching commands (CTEX)
)
(/usr/share/texlive/texmf-dist/tex/latex/base/fix-cm.sty
Package: fix-cm 2020/11/24 v1.1t fixes to LaTeX

(/usr/share/texlive/texmf-dist/tex/latex/base/ts1enc.def
File: ts1enc.def 2001/06/05 v3.0e (jk/car/fm) Standard LaTeX file
LaTeX Font Info:    Redeclaring font encoding TS1 on input line 47.
LaTeX Encoding Info:    Redeclaring text command \capitalcedilla (encoding TS1)
 on input line 49.
LaTeX Encoding Info:    Redeclaring text command \capitalogonek (encoding TS1) 
on input line 52.
LaTeX Encoding Info:    Redeclaring text command \capitalgrave (encoding TS1) o
n input line 55.
LaTeX Encoding Info:    Redeclaring text command \capitalacute (encoding TS1) o
n input line 56.
LaTeX Encoding Info:    Redeclaring text command \capitalcircumflex (encoding T
S1) on input line 57.
LaTeX Encoding Info:    Redeclaring text command \capitaltilde (encoding TS1) o
n input line 58.
LaTeX Encoding Info:    Redeclaring text command \capitaldieresis (encoding TS1
) on input line 59.
LaTeX Encoding Info:    Redeclaring text command \capitalhungarumlaut (encoding
 TS1) on input line 60.
LaTeX Encoding Info:    Redeclaring text command \capitalring (encoding TS1) on
 input line 61.
LaTeX Encoding Info:    Redeclaring text command \capitalcaron (encoding TS1) o
n input line 62.
LaTeX Encoding Info:    Redeclaring text command \capitalbreve (encoding TS1) o
n input line 63.
LaTeX Encoding Info:    Redeclaring text command \capitalmacron (encoding TS1) 
on input line 64.
LaTeX Encoding Info:    Redeclaring text command \capitaldotaccent (encoding TS
1) on input line 65.
LaTeX Encoding Info:    Redeclaring text command \t (encoding TS1) on input lin
e 66.
LaTeX Encoding Info:    Redeclaring text command \capitaltie (encoding TS1) on 
input line 67.
LaTeX Encoding Info:    Redeclaring text command \newtie (encoding TS1) on inpu
t line 68.
LaTeX Encoding Info:    Redeclaring text command \capitalnewtie (encoding TS1) 
on input line 69.
LaTeX Encoding Info:    Redeclaring text symbol \textcapitalcompwordmark (encod
ing TS1) on input line 70.
LaTeX Encoding Info:    Redeclaring text symbol \textascendercompwordmark (enco
ding TS1) on input line 71.
LaTeX Encoding Info:    Redeclaring text symbol \textquotestraightbase (encodin
g TS1) on input line 72.
LaTeX Encoding Info:    Redeclaring text symbol \textquotestraightdblbase (enco
ding TS1) on input line 73.
LaTeX Encoding Info:    Redeclaring text symbol \texttwelveudash (encoding TS1)
 on input line 74.
LaTeX Encoding Info:    Redeclaring text symbol \textthreequartersemdash (encod
ing TS1) on input line 75.
LaTeX Encoding Info:    Redeclaring text symbol \textleftarrow (encoding TS1) o
n input line 76.
LaTeX Encoding Info:    Redeclaring text symbol \textrightarrow (encoding TS1) 
on input line 77.
LaTeX Encoding Info:    Redeclaring text symbol \textblank (encoding TS1) on in
put line 78.
LaTeX Encoding Info:    Redeclaring text symbol \textdollar (encoding TS1) on i
nput line 79.
LaTeX Encoding Info:    Redeclaring text symbol \textquotesingle (encoding TS1)
 on input line 80.
LaTeX Encoding Info:    Redeclaring text command \textasteriskcentered (encodin
g TS1) on input line 81.
LaTeX Encoding Info:    Redeclaring text symbol \textdblhyphen (encoding TS1) o
n input line 92.
LaTeX Encoding Info:    Redeclaring text symbol \textfractionsolidus (encoding 
TS1) on input line 93.
LaTeX Encoding Info:    Redeclaring text symbol \textzerooldstyle (encoding TS1
) on input line 94.
LaTeX Encoding Info:    Redeclaring text symbol \textoneoldstyle (encoding TS1)
 on input line 95.
LaTeX Encoding Info:    Redeclaring text symbol \texttwooldstyle (encoding TS1)
 on input line 96.
LaTeX Encoding Info:    Redeclaring text symbol \textthreeoldstyle (encoding TS
1) on input line 97.
LaTeX Encoding Info:    Redeclaring text symbol \textfouroldstyle (encoding TS1
) on input line 98.
LaTeX Encoding Info:    Redeclaring text symbol \textfiveoldstyle (encoding TS1
) on input line 99.
LaTeX Encoding Info:    Redeclaring text symbol \textsixoldstyle (encoding TS1)
 on input line 100.
LaTeX Encoding Info:    Redeclaring text symbol \textsevenoldstyle (encoding TS
1) on input line 101.
LaTeX Encoding Info:    Redeclaring text symbol \texteightoldstyle (encoding TS
1) on input line 102.
LaTeX Encoding Info:    Redeclaring text symbol \textnineoldstyle (encoding TS1
) on input line 103.
LaTeX Encoding Info:    Redeclaring text symbol \textlangle (encoding TS1) on i
nput line 104.
LaTeX Encoding Info:    Redeclaring text symbol \textminus (encoding TS1) on in
put line 105.
LaTeX Encoding Info:    Redeclaring text symbol \textrangle (encoding TS1) on i
nput line 106.
LaTeX Encoding Info:    Redeclaring text symbol \textmho (encoding TS1) on inpu
t line 107.
LaTeX Encoding Info:    Redeclaring text symbol \textbigcircle (encoding TS1) o
n input line 108.
LaTeX Encoding Info:    Redeclaring text command \textcircled (encoding TS1) on
 input line 109.
LaTeX Encoding Info:    Redeclaring text symbol \textohm (encoding TS1) on inpu
t line 115.
LaTeX Encoding Info:    Redeclaring text symbol \textlbrackdbl (encoding TS1) o
n input line 116.
LaTeX Encoding Info:    Redeclaring text symbol \textrbrackdbl (encoding TS1) o
n input line 117.
LaTeX Encoding Info:    Redeclaring text symbol \textuparrow (encoding TS1) on 
input line 118.
LaTeX Encoding Info:    Redeclaring text symbol \textdownarrow (encoding TS1) o
n input line 119.
LaTeX Encoding Info:    Redeclaring text symbol \textasciigrave (encoding TS1) 
on input line 120.
LaTeX Encoding Info:    Redeclaring text symbol \textborn (encoding TS1) on inp
ut line 121.
LaTeX Encoding Info:    Redeclaring text symbol \textdivorced (encoding TS1) on
 input line 122.
LaTeX Encoding Info:    Redeclaring text symbol \textdied (encoding TS1) on inp
ut line 123.
LaTeX Encoding Info:    Redeclaring text symbol \textleaf (encoding TS1) on inp
ut line 124.
LaTeX Encoding Info:    Redeclaring text symbol \textmarried (encoding TS1) on 
input line 125.
LaTeX Encoding Info:    Redeclaring text symbol \textmusicalnote (encoding TS1)
 on input line 126.
LaTeX Encoding Info:    Redeclaring text symbol \texttildelow (encoding TS1) on
 input line 127.
LaTeX Encoding Info:    Redeclaring text symbol \textdblhyphenchar (encoding TS
1) on input line 128.
LaTeX Encoding Info:    Redeclaring text symbol \textasciibreve (encoding TS1) 
on input line 129.
LaTeX Encoding Info:    Redeclaring text symbol \textasciicaron (encoding TS1) 
on input line 130.
LaTeX Encoding Info:    Redeclaring text symbol \textacutedbl (encoding TS1) on
 input line 131.
LaTeX Encoding Info:    Redeclaring text symbol \textgravedbl (encoding TS1) on
 input line 132.
LaTeX Encoding Info:    Redeclaring text symbol \textdagger (encoding TS1) on i
nput line 133.
LaTeX Encoding Info:    Redeclaring text symbol \textdaggerdbl (encoding TS1) o
n input line 134.
LaTeX Encoding Info:    Redeclaring text symbol \textbardbl (encoding TS1) on i
nput line 135.
LaTeX Encoding Info:    Redeclaring text symbol \textperthousand (encoding TS1)
 on input line 136.
LaTeX Encoding Info:    Redeclaring text symbol \textbullet (encoding TS1) on i
nput line 137.
LaTeX Encoding Info:    Redeclaring text symbol \textcelsius (encoding TS1) on 
input line 138.
LaTeX Encoding Info:    Redeclaring text symbol \textdollaroldstyle (encoding T
S1) on input line 139.
LaTeX Encoding Info:    Redeclaring text symbol \textcentoldstyle (encoding TS1
) on input line 140.
LaTeX Encoding Info:    Redeclaring text symbol \textflorin (encoding TS1) on i
nput line 141.
LaTeX Encoding Info:    Redeclaring text symbol \textcolonmonetary (encoding TS
1) on input line 142.
LaTeX Encoding Info:    Redeclaring text symbol \textwon (encoding TS1) on inpu
t line 143.
LaTeX Encoding Info:    Redeclaring text symbol \textnaira (encoding TS1) on in
put line 144.
LaTeX Encoding Info:    Redeclaring text symbol \textguarani (encoding TS1) on 
input line 145.
LaTeX Encoding Info:    Redeclaring text symbol \textpeso (encoding TS1) on inp
ut line 146.
LaTeX Encoding Info:    Redeclaring text symbol \textlira (encoding TS1) on inp
ut line 147.
LaTeX Encoding Info:    Redeclaring text symbol \textrecipe (encoding TS1) on i
nput line 148.
LaTeX Encoding Info:    Redeclaring text symbol \textinterrobang (encoding TS1)
 on input line 149.
LaTeX Encoding Info:    Redeclaring text symbol \textinterrobangdown (encoding 
TS1) on input line 150.
LaTeX Encoding Info:    Redeclaring text symbol \textdong (encoding TS1) on inp
ut line 151.
LaTeX Encoding Info:    Redeclaring text symbol \texttrademark (encoding TS1) o
n input line 152.
LaTeX Encoding Info:    Redeclaring text symbol \textpertenthousand (encoding T
S1) on input line 153.
LaTeX Encoding Info:    Redeclaring text symbol \textpilcrow (encoding TS1) on 
input line 154.
LaTeX Encoding Info:    Redeclaring text symbol \textbaht (encoding TS1) on inp
ut line 155.
LaTeX Encoding Info:    Redeclaring text symbol \textnumero (encoding TS1) on i
nput line 156.
LaTeX Encoding Info:    Redeclaring text symbol \textdiscount (encoding TS1) on
 input line 157.
LaTeX Encoding Info:    Redeclaring text symbol \textestimated (encoding TS1) o
n input line 158.
LaTeX Encoding Info:    Redeclaring text symbol \textopenbullet (encoding TS1) 
on input line 159.
LaTeX Encoding Info:    Redeclaring text symbol \textservicemark (encoding TS1)
 on input line 160.
LaTeX Encoding Info:    Redeclaring text symbol \textlquill (encoding TS1) on i
nput line 161.
LaTeX Encoding Info:    Redeclaring text symbol \textrquill (encoding TS1) on i
nput line 162.
LaTeX Encoding Info:    Redeclaring text symbol \textcent (encoding TS1) on inp
ut line 163.
LaTeX Encoding Info:    Redeclaring text symbol \textsterling (encoding TS1) on
 input line 164.
LaTeX Encoding Info:    Redeclaring text symbol \textcurrency (encoding TS1) on
 input line 165.
LaTeX Encoding Info:    Redeclaring text symbol \textyen (encoding TS1) on inpu
t line 166.
LaTeX Encoding Info:    Redeclaring text symbol \textbrokenbar (encoding TS1) o
n input line 167.
LaTeX Encoding Info:    Redeclaring text symbol \textsection (encoding TS1) on 
input line 168.
LaTeX Encoding Info:    Redeclaring text symbol \textasciidieresis (encoding TS
1) on input line 169.
LaTeX Encoding Info:    Redeclaring text symbol \textcopyright (encoding TS1) o
n input line 170.
LaTeX Encoding Info:    Redeclaring text symbol \textordfeminine (encoding TS1)
 on input line 171.
LaTeX Encoding Info:    Redeclaring text symbol \textcopyleft (encoding TS1) on
 input line 172.
LaTeX Encoding Info:    Redeclaring text symbol \textlnot (encoding TS1) on inp
ut line 173.
LaTeX Encoding Info:    Redeclaring text symbol \textcircledP (encoding TS1) on
 input line 174.
LaTeX Encoding Info:    Redeclaring text symbol \textregistered (encoding TS1) 
on input line 175.
LaTeX Encoding Info:    Redeclaring text symbol \textasciimacron (encoding TS1)
 on input line 176.
LaTeX Encoding Info:    Redeclaring text symbol \textdegree (encoding TS1) on i
nput line 177.
LaTeX Encoding Info:    Redeclaring text symbol \textpm (encoding TS1) on input
 line 178.
LaTeX Encoding Info:    Redeclaring text symbol \texttwosuperior (encoding TS1)
 on input line 179.
LaTeX Encoding Info:    Redeclaring text symbol \textthreesuperior (encoding TS
1) on input line 180.
LaTeX Encoding Info:    Redeclaring text symbol \textasciiacute (encoding TS1) 
on input line 181.
LaTeX Encoding Info:    Redeclaring text symbol \textmu (encoding TS1) on input
 line 182.
LaTeX Encoding Info:    Redeclaring text symbol \textparagraph (encoding TS1) o
n input line 183.
LaTeX Encoding Info:    Redeclaring text symbol \textperiodcentered (encoding T
S1) on input line 184.
LaTeX Encoding Info:    Redeclaring text symbol \textreferencemark (encoding TS
1) on input line 185.
LaTeX Encoding Info:    Redeclaring text symbol \textonesuperior (encoding TS1)
 on input line 186.
LaTeX Encoding Info:    Redeclaring text symbol \textordmasculine (encoding TS1
) on input line 187.
LaTeX Encoding Info:    Redeclaring text symbol \textsurd (encoding TS1) on inp
ut line 188.
LaTeX Encoding Info:    Redeclaring text symbol \textonequarter (encoding TS1) 
on input line 189.
LaTeX Encoding Info:    Redeclaring text symbol \textonehalf (encoding TS1) on 
input line 190.
LaTeX Encoding Info:    Redeclaring text symbol \textthreequarters (encoding TS
1) on input line 191.
LaTeX Encoding Info:    Redeclaring text symbol \texteuro (encoding TS1) on inp
ut line 192.
LaTeX Encoding Info:    Redeclaring text symbol \texttimes (encoding TS1) on in
put line 193.
LaTeX Encoding Info:    Redeclaring text symbol \textdiv (encoding TS1) on inpu
t line 194.
))
\l__ctex_tmp_int=\count274
\l__ctex_tmp_box=\box53
\l__ctex_tmp_dim=\dimen148
\g__ctex_section_depth_int=\count275
\g__ctex_font_size_int=\count276

(/usr/share/texlive/texmf-dist/tex/latex/ctex/config/ctexopts.cfg
File: ctexopts.cfg 2022/07/14 v2.5.10 Option configuration file (CTEX)
)
(/usr/share/texlive/texmf-dist/tex/latex/base/article.cls
Document Class: article 2025/01/22 v1.4n Standard LaTeX document class
(/usr/share/texlive/texmf-dist/tex/latex/base/size11.clo
File: size11.clo 2025/01/22 v1.4n Standard LaTeX file (size option)
)
\c@part=\count277
\c@section=\count278
\c@subsection=\count279
\c@subsubsection=\count280
\c@paragraph=\count281
\c@subparagraph=\count282
\c@figure=\count283
\c@table=\count284
\abovecaptionskip=\skip49
\belowcaptionskip=\skip50
\bibindent=\dimen149
)
(/usr/share/texlive/texmf-dist/tex/latex/ctex/engine/ctex-engine-xetex.def
File: ctex-engine-xetex.def 2022/07/14 v2.5.10 XeLaTeX adapter (CTEX)

(/usr/share/texlive/texmf-dist/tex/xelatex/xecjk/xeCJK.sty
Package: xeCJK 2022/08/05 v3.9.1 Typesetting CJK scripts with XeLaTeX

(/usr/share/texlive/texmf-dist/tex/latex/l3packages/xtemplate/xtemplate.sty
Package: xtemplate 2025-10-09 L3 Experimental prototype document functions
)
\l__xeCJK_tmp_int=\count285
\l__xeCJK_tmp_box=\box54
\l__xeCJK_tmp_dim=\dimen150
\l__xeCJK_tmp_skip=\skip51
\g__xeCJK_space_factor_int=\count286
\l__xeCJK_begin_int=\count287
\l__xeCJK_end_int=\count288
\c__xeCJK_CJK_class_int=\XeTeXcharclass1
\c__xeCJK_FullLeft_class_int=\XeTeXcharclass2
\c__xeCJK_FullRight_class_int=\XeTeXcharclass3
\c__xeCJK_HalfLeft_class_int=\XeTeXcharclass4
\c__xeCJK_HalfRight_class_int=\XeTeXcharclass5
\c__xeCJK_NormalSpace_class_int=\XeTeXcharclass6
\c__xeCJK_CM_class_int=\XeTeXcharclass7
\c__xeCJK_HangulJamo_class_int=\XeTeXcharclass8
\l__xeCJK_last_skip=\skip52
\c__xeCJK_none_node=\count289
\g__xeCJK_node_int=\count290
\c__xeCJK_CJK_node_dim=\dimen151
\c__xeCJK_CJK-space_node_dim=\dimen152
\c__xeCJK_default_node_dim=\dimen153
\c__xeCJK_CJK-widow_node_dim=\dimen154
\c__xeCJK_normalspace_node_dim=\dimen155
\c__xeCJK_default-space_node_skip=\skip53
\l__xeCJK_ccglue_skip=\skip54
\l__xeCJK_ecglue_skip=\skip55
\l__xeCJK_punct_kern_skip=\skip56
\l__xeCJK_indent_box=\box55
\l__xeCJK_last_penalty_int=\count291
\l__xeCJK_last_bound_dim=\dimen156
\l__xeCJK_last_kern_dim=\dimen157
\l__xeCJK_widow_penalty_int=\count292

LaTeX template Info: Declaring template type 'xeCJK/punctuation' taking 0
(template)           argument(s) on line 2396.

\l__xeCJK_fixed_punct_width_dim=\dimen158
\l__xeCJK_mixed_punct_width_dim=\dimen159
\l__xeCJK_middle_punct_width_dim=\dimen160
\l__xeCJK_fixed_margin_width_dim=\dimen161
\l__xeCJK_mixed_margin_width_dim=\dimen162
\l__xeCJK_middle_margin_width_dim=\dimen163
\l__xeCJK_bound_punct_width_dim=\dimen164
\l__xeCJK_bound_margin_width_dim=\dimen165
\l__xeCJK_margin_minimum_dim=\dimen166
\l__xeCJK_kerning_total_width_dim=\dimen167
\l__xeCJK_same_align_margin_dim=\dimen168
\l__xeCJK_different_align_margin_dim=\dimen169
\l__xeCJK_kerning_margin_width_dim=\dimen170
\l__xeCJK_kerning_margin_minimum_dim=\dimen171
\l__xeCJK_bound_dim=\dimen172
\l__xeCJK_reverse_bound_dim=\dimen173
\l__xeCJK_margin_dim=\dimen174
\l__xeCJK_minimum_bound_dim=\dimen175
\l__xeCJK_kerning_margin_dim=\dimen176
\g__xeCJK_family_int=\count293
\l__xeCJK_fam_int=\count294
\g__xeCJK_fam_allocation_int=\count295
\l__xeCJK_verb_case_int=\count296
\l__xeCJK_verb_exspace_skip=\skip57

(/usr/share/texlive/texmf-dist/tex/latex/fontspec/fontspec.sty
(/usr/share/texlive/texmf-dist/tex/latex/l3packages/xparse/xparse.sty
Package: xparse 2025-10-09 L3 Experimental document command parser
)
Package: fontspec 2025/09/29 v2.9g Font selection for XeLaTeX and LuaLaTeX

(/usr/share/texlive/texmf-dist/tex/latex/fontspec/fontspec-xetex.sty
Package: fontspec-xetex 2025/09/29 v2.9g Font selection for XeLaTeX and LuaLaTe
X
\l__fontspec_script_int=\count297
\l__fontspec_language_int=\count298
\l__fontspec_strnum_int=\count299
\l__fontspec_tmp_int=\count300
\l__fontspec_tmpa_int=\count301
\l__fontspec_tmpb_int=\count302
\l__fontspec_tmpc_int=\count303
\l__fontspec_em_int=\count304
\l__fontspec_emdef_int=\count305
\l__fontspec_strong_int=\count306
\l__fontspec_strongdef_int=\count307
\l__fontspec_tmpa_dim=\dimen177
\l__fontspec_tmpb_dim=\dimen178
\l__fontspec_tmpc_dim=\dimen179

(/usr/share/texlive/texmf-dist/tex/latex/base/fontenc.sty
Package: fontenc 2025/07/18 v2.1d Standard LaTeX package
)
(/usr/share/texlive/texmf-dist/tex/latex/fontspec/fontspec.cfg)))
(/usr/share/texlive/texmf-dist/tex/xelatex/xecjk/xeCJK.cfg
File: xeCJK.cfg 2022/08/05 v3.9.1 Configuration file for xeCJK package
))
\ccwd=\dimen180
\l__ctex_ccglue_skip=\skip58
)
\l__ctex_ziju_dim=\dimen181

(/usr/share/texlive/texmf-dist/tex/latex/zhnumber/zhnumber.sty
Package: zhnumber 2022/07/14 v3.0 Typesetting numbers with Chinese glyphs
\l__zhnum_scale_int=\count308
\l__zhnum_tmp_int=\count309

(/usr/share/texlive/texmf-dist/tex/latex/zhnumber/zhnumber-utf8.cfg
File: zhnumber-utf8.cfg 2022/07/14 v3.0 Chinese numerals with UTF8 encoding
))
\l__ctex_heading_skip=\skip59

(/usr/share/texlive/texmf-dist/tex/latex/ctex/scheme/ctex-scheme-chinese-articl
e.def
File: ctex-scheme-chinese-article.def 2022/07/14 v2.5.10 Chinese scheme for art
icle (CTEX)
 (/usr/share/texlive/texmf-dist/tex/latex/ctex/config/ctex-name-utf8.cfg
File: ctex-name-utf8.cfg 2022/07/14 v2.5.10 Caption with encoding UTF-8 (CTEX)
)) (/usr/share/texlive/texmf-dist/tex/latex/ctex/fontset/ctex-fontset-fandol.de
f
File: ctex-fontset-fandol.def 2022/07/14 v2.5.10 Fandol fonts definition (CTEX)


Package fontspec Info: 
(fontspec)             Script 'CJK' not explicitly supported within font
(fontspec)             'FandolSong-Regular'. Check the typeset output, and if
(fontspec)             it is okay then ignore this warning. Otherwise a
(fontspec)             different font should be chosen.


Package fontspec Info: 
(fontspec)             Font family 'FandolSong-Regular(0)' created for font
(fontspec)             'FandolSong-Regular' with options
(fontspec)             [Script={CJK},Extension={.otf},BoldFont={FandolSong-Bold
},ItalicFont={FandolKai-Regular}].
(fontspec)              
(fontspec)              This font family consists of the following NFSS
(fontspec)             series/shapes:
(fontspec)              
(fontspec)             - 'normal' (m/n) with NFSS spec.:
(fontspec)             <->"[FandolSong-Regular.otf]/OT:script=hani;language=dfl
t;"
(fontspec)             - 'bold' (b/n) with NFSS spec.:
(fontspec)             <->"[FandolSong-Bold.otf]/OT:script=hani;language=dflt;"

(fontspec)             - 'italic' (m/it) with NFSS spec.:
(fontspec)             <->"[FandolKai-Regular.otf]/OT:script=hani;language=dflt
;"

)) (/usr/share/texlive/texmf-dist/tex/latex/ctex/config/ctex.cfg
File: ctex.cfg 2022/07/14 v2.5.10 Configuration file (CTEX)
)
(/usr/share/texlive/texmf-dist/tex/latex/geometry/geometry.sty
Package: geometry 2020/01/02 v5.9 Page Geometry

(/usr/share/texlive/texmf-dist/tex/latex/graphics/keyval.sty
Package: keyval 2022/05/29 v1.15 key=value parser (DPC)
\KV@toks@=\toks17
)
(/usr/share/texlive/texmf-dist/tex/generic/iftex/ifvtex.sty
Package: ifvtex 2019/10/25 v1.7 ifvtex legacy package. Use iftex instead.

(/usr/share/texlive/texmf-dist/tex/generic/iftex/iftex.sty
Package: iftex 2024/12/12 v1.0g TeX engine tests
))
\Gm@cnth=\count310
\Gm@cntv=\count311
\c@Gm@tempcnt=\count312
\Gm@bindingoffset=\dimen182
\Gm@wd@mp=\dimen183
\Gm@odd@mp=\dimen184
\Gm@even@mp=\dimen185
\Gm@layoutwidth=\dimen186
\Gm@layoutheight=\dimen187
\Gm@layouthoffset=\dimen188
\Gm@layoutvoffset=\dimen189
\Gm@dimlist=\toks18
)
(/usr/share/texlive/texmf-dist/tex/latex/graphics/graphicx.sty
Package: graphicx 2024/12/31 v1.2e Enhanced LaTeX Graphics (DPC,SPQR)

(/usr/share/texlive/texmf-dist/tex/latex/graphics/graphics.sty
Package: graphics 2024/08/06 v1.4g Standard LaTeX Graphics (DPC,SPQR)

(/usr/share/texlive/texmf-dist/tex/latex/graphics/trig.sty
Package: trig 2023/12/02 v1.11 sin cos tan (DPC)
)
(/usr/share/texlive/texmf-dist/tex/latex/graphics-cfg/graphics.cfg
File: graphics.cfg 2016/06/04 v1.11 sample graphics configuration
)
Package graphics Info: Driver file: xetex.def on input line 106.

(/usr/share/texlive/texmf-dist/tex/latex/graphics-def/xetex.def
File: xetex.def 2025/11/01 v5.0p Graphics/color driver for xetex
))
\Gin@req@height=\dimen190
\Gin@req@width=\dimen191
)
(/usr/share/texlive/texmf-dist/tex/latex/caption/caption.sty
Package: caption 2023/08/05 v3.6o Customizing captions (AR)

(/usr/share/texlive/texmf-dist/tex/latex/caption/caption3.sty
Package: caption3 2023/07/31 v2.4d caption3 kernel (AR)
\caption@tempdima=\dimen192
\captionmargin=\dimen193
\caption@leftmargin=\dimen194
\caption@rightmargin=\dimen195
\caption@width=\dimen196
\caption@indent=\dimen197
\caption@parindent=\dimen198
\caption@hangindent=\dimen199
Package caption Info: Standard document class detected.
)
\c@caption@flags=\count313
\c@continuedfloat=\count314
))
(/usr/share/texlive/texmf-dist/tex/latex/moreverb/moreverb.sty
Package: moreverb 2008/06/03 v2.3a `more' verbatim facilities

(/usr/share/texlive/texmf-dist/tex/latex/tools/verbatim.sty
Package: verbatim 2024-01-22 v1.5x LaTeX2e package for verbatim enhancements
\every@verbatim=\toks19
\verbatim@line=\toks20
\verbatim@in@stream=\read2
)
\tab@position=\count315
\tab@size=\count316
\listing@line=\count317
)
(/usr/share/texlive/texmf-dist/tex/latex/url/url.sty
\Urlmuskip=\muskip17
Package: url 2013/09/16  ver 3.4  Verb mode for urls, etc.
)
(/usr/share/texlive/texmf-dist/tex/latex/enumitem/enumitem.sty
Package: enumitem 2025/02/06 v3.11 Customized lists
\labelindent=\skip60
\enit@outerparindent=\dimen256
\enit@toks=\toks21
\enit@inbox=\box56
\enit@count@id=\count318
\enitdp@description=\count319
)
(/usr/share/texlive/texmf-dist/tex/latex/booktabs/booktabs.sty
Package: booktabs 2020/01/12 v1.61803398 Publication quality tables
\heavyrulewidth=\dimen257
\lightrulewidth=\dimen258
\cmidrulewidth=\dimen259
\belowrulesep=\dimen260
\belowbottomsep=\dimen261
\aboverulesep=\dimen262
\abovetopsep=\dimen263
\cmidrulesep=\dimen264
\cmidrulekern=\dimen265
\defaultaddspace=\dimen266
\@cmidla=\count320
\@cmidlb=\count321
\@aboverulesep=\dimen267
\@belowrulesep=\dimen268
\@thisruleclass=\count322
\@lastruleclass=\count323
\@thisrulewidth=\dimen269
)
(/usr/share/texlive/texmf-dist/tex/latex/graphics/rotating.sty
Package: rotating 2025/01/14 v2.16e rotated objects in LaTeX

(/usr/share/texlive/texmf-dist/tex/latex/base/ifthen.sty
Package: ifthen 2024/03/16 v1.1e Standard LaTeX ifthen package (DPC)
)
\c@r@tfl@t=\count324
\rotFPtop=\skip61
\rotFPbot=\skip62
\rot@float@box=\box57
\rot@mess@toks=\toks22
)
(/usr/share/texlive/texmf-dist/tex/latex/psnfss/pifont.sty
Package: pifont 2020/03/25 PSNFSS-v9.3 Pi font support (SPQR) 
LaTeX Font Info:    Trying to load font information for U+pzd on input line 63.


(/usr/share/texlive/texmf-dist/tex/latex/psnfss/upzd.fd
File: upzd.fd 2001/06/04 font definitions for U/pzd.
)
LaTeX Font Info:    Trying to load font information for U+psy on input line 64.


(/usr/share/texlive/texmf-dist/tex/latex/psnfss/upsy.fd
File: upsy.fd 2001/06/04 font definitions for U/psy.
))
(/usr/share/texlive/texmf-dist/tex/latex/makecell/makecell.sty
Package: makecell 2009/08/03 V0.1e Managing of Tab Column Heads and Cells

(/usr/share/texlive/texmf-dist/tex/latex/tools/array.sty
Package: array 2025/09/25 v2.6n Tabular extension package (FMi)
\col@sep=\dimen270
\ar@mcellbox=\box58
\extrarowheight=\dimen271
\NC@list=\toks23
\extratabsurround=\skip63
\backup@length=\skip64
\ar@cellbox=\box59
)
\rotheadsize=\dimen272
\c@nlinenum=\count325
\TeXr@lab=\toks24
)
(/usr/share/texlive/texmf-dist/tex/latex/xcolor/xcolor.sty
Package: xcolor 2024/09/29 v3.02 LaTeX color extensions (UK)

(/usr/share/texlive/texmf-dist/tex/latex/graphics-cfg/color.cfg
File: color.cfg 2016/01/02 v1.6 sample color configuration
)
Package xcolor Info: Driver file: xetex.def on input line 274.

(/usr/share/texlive/texmf-dist/tex/latex/graphics/mathcolor.ltx)
Package xcolor Info: Model `cmy' substituted by `cmy0' on input line 1349.
Package xcolor Info: Model `RGB' extended on input line 1365.
Package xcolor Info: Model `HTML' substituted by `rgb' on input line 1367.
Package xcolor Info: Model `Hsb' substituted by `hsb' on input line 1368.
Package xcolor Info: Model `tHsb' substituted by `hsb' on input line 1369.
Package xcolor Info: Model `HSB' substituted by `hsb' on input line 1370.
Package xcolor Info: Model `Gray' substituted by `gray' on input line 1371.
Package xcolor Info: Model `wave' substituted by `hsb' on input line 1372.
)
(/usr/share/texlive/texmf-dist/tex/latex/pgf/frontendlayer/tikz.sty
(/usr/share/texlive/texmf-dist/tex/latex/pgf/basiclayer/pgf.sty
(/usr/share/texlive/texmf-dist/tex/latex/pgf/utilities/pgfrcs.sty
(/usr/share/texlive/texmf-dist/tex/generic/pgf/utilities/pgfutil-common.tex
\pgfutil@everybye=\toks25
\pgfutil@tempdima=\dimen273
\pgfutil@tempdimb=\dimen274
)
(/usr/share/texlive/texmf-dist/tex/generic/pgf/utilities/pgfutil-latex.def
\pgfutil@abb=\box60
)
(/usr/share/texlive/texmf-dist/tex/generic/pgf/utilities/pgfrcs.code.tex
(/usr/share/texlive/texmf-dist/tex/generic/pgf/pgf.revision.tex)
Package: pgfrcs 2025-08-29 v3.1.11a (3.1.11a)
))
Package: pgf 2025-08-29 v3.1.11a (3.1.11a)

(/usr/share/texlive/texmf-dist/tex/latex/pgf/basiclayer/pgfcore.sty
(/usr/share/texlive/texmf-dist/tex/latex/pgf/systemlayer/pgfsys.sty
(/usr/share/texlive/texmf-dist/tex/generic/pgf/systemlayer/pgfsys.code.tex
Package: pgfsys 2025-08-29 v3.1.11a (3.1.11a)

(/usr/share/texlive/texmf-dist/tex/generic/pgf/utilities/pgfkeys.code.tex
\pgfkeys@pathtoks=\toks26
\pgfkeys@temptoks=\toks27

(/usr/share/texlive/texmf-dist/tex/generic/pgf/utilities/pgfkeyslibraryfiltered
.code.tex
\pgfkeys@tmptoks=\toks28
))
\pgf@x=\dimen275
\pgf@y=\dimen276
\pgf@xa=\dimen277
\pgf@ya=\dimen278
\pgf@xb=\dimen279
\pgf@yb=\dimen280
\pgf@xc=\dimen281
\pgf@yc=\dimen282
\pgf@xd=\dimen283
\pgf@yd=\dimen284
\w@pgf@writea=\write3
\r@pgf@reada=\read3
\c@pgf@counta=\count326
\c@pgf@countb=\count327
\c@pgf@countc=\count328
\c@pgf@countd=\count329
\t@pgf@toka=\toks29
\t@pgf@tokb=\toks30
\t@pgf@tokc=\toks31
\pgf@sys@id@count=\count330
 (/usr/share/texlive/texmf-dist/tex/generic/pgf/systemlayer/pgf.cfg
File: pgf.cfg 2025-08-29 v3.1.11a (3.1.11a)
)
Driver file for pgf: pgfsys-xetex.def
(/usr/share/texlive/texmf-dist/tex/generic/pgf/systemlayer/pgfsys-xetex.def
File: pgfsys-xetex.def 2025-08-29 v3.1.11a (3.1.11a)

(/usr/share/texlive/texmf-dist/tex/generic/pgf/systemlayer/pgfsys-dvipdfmx.def
File: pgfsys-dvipdfmx.def 2025-08-29 v3.1.11a (3.1.11a)

(/usr/share/texlive/texmf-dist/tex/generic/pgf/systemlayer/pgfsys-common-pdf.de
f
File: pgfsys-common-pdf.def 2025-08-29 v3.1.11a (3.1.11a)
)
\pgfsys@objnum=\count331
)))
(/usr/share/texlive/texmf-dist/tex/generic/pgf/systemlayer/pgfsyssoftpath.code.
tex
File: pgfsyssoftpath.code.tex 2025-08-29 v3.1.11a (3.1.11a)
\pgfsyssoftpath@smallbuffer@items=\count332
\pgfsyssoftpath@bigbuffer@items=\count333
)
(/usr/share/texlive/texmf-dist/tex/generic/pgf/systemlayer/pgfsysprotocol.code.
tex
File: pgfsysprotocol.code.tex 2025-08-29 v3.1.11a (3.1.11a)
))
(/usr/share/texlive/texmf-dist/tex/generic/pgf/basiclayer/pgfcore.code.tex
Package: pgfcore 2025-08-29 v3.1.11a (3.1.11a)

(/usr/share/texlive/texmf-dist/tex/generic/pgf/math/pgfmath.code.tex
(/usr/share/texlive/texmf-dist/tex/generic/pgf/math/pgfmathutil.code.tex)
(/usr/share/texlive/texmf-dist/tex/generic/pgf/math/pgfmathparser.code.tex
\pgfmath@dimen=\dimen285
\pgfmath@count=\count334
\pgfmath@box=\box61
\pgfmath@toks=\toks32
\pgfmath@stack@operand=\toks33
\pgfmath@stack@operation=\toks34
)
(/usr/share/texlive/texmf-dist/tex/generic/pgf/math/pgfmathfunctions.code.tex)
(/usr/share/texlive/texmf-dist/tex/generic/pgf/math/pgfmathfunctions.basic.code
.tex)
(/usr/share/texlive/texmf-dist/tex/generic/pgf/math/pgfmathfunctions.trigonomet
ric.code.tex)
(/usr/share/texlive/texmf-dist/tex/generic/pgf/math/pgfmathfunctions.random.cod
e.tex)
(/usr/share/texlive/texmf-dist/tex/generic/pgf/math/pgfmathfunctions.comparison
.code.tex)
(/usr/share/texlive/texmf-dist/tex/generic/pgf/math/pgfmathfunctions.base.code.
tex)
(/usr/share/texlive/texmf-dist/tex/generic/pgf/math/pgfmathfunctions.round.code
.tex)
(/usr/share/texlive/texmf-dist/tex/generic/pgf/math/pgfmathfunctions.misc.code.
tex)
(/usr/share/texlive/texmf-dist/tex/generic/pgf/math/pgfmathfunctions.integerari
thmetics.code.tex)
(/usr/share/texlive/texmf-dist/tex/generic/pgf/math/pgfmathcalc.code.tex)
(/usr/share/texlive/texmf-dist/tex/generic/pgf/math/pgfmathfloat.code.tex
\c@pgfmathroundto@lastzeros=\count335
))
(/usr/share/texlive/texmf-dist/tex/generic/pgf/math/pgfint.code.tex)
(/usr/share/texlive/texmf-dist/tex/generic/pgf/basiclayer/pgfcorepoints.code.te
x
File: pgfcorepoints.code.tex 2025-08-29 v3.1.11a (3.1.11a)
\pgf@picminx=\dimen286
\pgf@picmaxx=\dimen287
\pgf@picminy=\dimen288
\pgf@picmaxy=\dimen289
\pgf@pathminx=\dimen290
\pgf@pathmaxx=\dimen291
\pgf@pathminy=\dimen292
\pgf@pathmaxy=\dimen293
\pgf@xx=\dimen294
\pgf@xy=\dimen295
\pgf@yx=\dimen296
\pgf@yy=\dimen297
\pgf@zx=\dimen298
\pgf@zy=\dimen299
)
(/usr/share/texlive/texmf-dist/tex/generic/pgf/basiclayer/pgfcorepathconstruct.
code.tex
File: pgfcorepathconstruct.code.tex 2025-08-29 v3.1.11a (3.1.11a)
\pgf@path@lastx=\dimen300
\pgf@path@lasty=\dimen301
)
(/usr/share/texlive/texmf-dist/tex/generic/pgf/basiclayer/pgfcorepathusage.code
.tex
File: pgfcorepathusage.code.tex 2025-08-29 v3.1.11a (3.1.11a)
\pgf@shorten@end@additional=\dimen302
\pgf@shorten@start@additional=\dimen303
)
(/usr/share/texlive/texmf-dist/tex/generic/pgf/basiclayer/pgfcorescopes.code.te
x
File: pgfcorescopes.code.tex 2025-08-29 v3.1.11a (3.1.11a)
\pgfpic=\box62
\pgf@hbox=\box63
\pgf@layerbox@main=\box64
\pgf@picture@serial@count=\count336
)
(/usr/share/texlive/texmf-dist/tex/generic/pgf/basiclayer/pgfcoregraphicstate.c
ode.tex
File: pgfcoregraphicstate.code.tex 2025-08-29 v3.1.11a (3.1.11a)
\pgflinewidth=\dimen304
)
(/usr/share/texlive/texmf-dist/tex/generic/pgf/basiclayer/pgfcoretransformation
s.code.tex
File: pgfcoretransformations.code.tex 2025-08-29 v3.1.11a (3.1.11a)
\pgf@pt@x=\dimen305
\pgf@pt@y=\dimen306
\pgf@pt@temp=\dimen307
)
(/usr/share/texlive/texmf-dist/tex/generic/pgf/basiclayer/pgfcorequick.code.tex
File: pgfcorequick.code.tex 2025-08-29 v3.1.11a (3.1.11a)
)
(/usr/share/texlive/texmf-dist/tex/generic/pgf/basiclayer/pgfcoreobjects.code.t
ex
File: pgfcoreobjects.code.tex 2025-08-29 v3.1.11a (3.1.11a)
)
(/usr/share/texlive/texmf-dist/tex/generic/pgf/basiclayer/pgfcorepathprocessing
.code.tex
File: pgfcorepathprocessing.code.tex 2025-08-29 v3.1.11a (3.1.11a)
)
(/usr/share/texlive/texmf-dist/tex/generic/pgf/basiclayer/pgfcorearrows.code.te
x
File: pgfcorearrows.code.tex 2025-08-29 v3.1.11a (3.1.11a)
\pgfarrowsep=\dimen308
)
(/usr/share/texlive/texmf-dist/tex/generic/pgf/basiclayer/pgfcoreshade.code.tex
File: pgfcoreshade.code.tex 2025-08-29 v3.1.11a (3.1.11a)
\pgf@max=\dimen309
\pgf@sys@shading@range@num=\count337
\pgf@shadingcount=\count338
)
(/usr/share/texlive/texmf-dist/tex/generic/pgf/basiclayer/pgfcoreimage.code.tex
File: pgfcoreimage.code.tex 2025-08-29 v3.1.11a (3.1.11a)
)
(/usr/share/texlive/texmf-dist/tex/generic/pgf/basiclayer/pgfcoreexternal.code.
tex
File: pgfcoreexternal.code.tex 2025-08-29 v3.1.11a (3.1.11a)
\pgfexternal@startupbox=\box65
)
(/usr/share/texlive/texmf-dist/tex/generic/pgf/basiclayer/pgfcorelayers.code.te
x
File: pgfcorelayers.code.tex 2025-08-29 v3.1.11a (3.1.11a)
)
(/usr/share/texlive/texmf-dist/tex/generic/pgf/basiclayer/pgfcoretransparency.c
ode.tex
File: pgfcoretransparency.code.tex 2025-08-29 v3.1.11a (3.1.11a)
)
(/usr/share/texlive/texmf-dist/tex/generic/pgf/basiclayer/pgfcorepatterns.code.
tex
File: pgfcorepatterns.code.tex 2025-08-29 v3.1.11a (3.1.11a)
)
(/usr/share/texlive/texmf-dist/tex/generic/pgf/basiclayer/pgfcorerdf.code.tex
File: pgfcorerdf.code.tex 2025-08-29 v3.1.11a (3.1.11a)
)))
(/usr/share/texlive/texmf-dist/tex/generic/pgf/modules/pgfmoduleshapes.code.tex
File: pgfmoduleshapes.code.tex 2025-08-29 v3.1.11a (3.1.11a)
\pgfnodeparttextbox=\box66
) (/usr/share/texlive/texmf-dist/tex/generic/pgf/modules/pgfmoduleplot.code.tex
File: pgfmoduleplot.code.tex 2025-08-29 v3.1.11a (3.1.11a)
)
(/usr/share/texlive/texmf-dist/tex/latex/pgf/compatibility/pgfcomp-version-0-65
.sty
Package: pgfcomp-version-0-65 2025-08-29 v3.1.11a (3.1.11a)
\pgf@nodesepstart=\dimen310
\pgf@nodesepend=\dimen311
)
(/usr/share/texlive/texmf-dist/tex/latex/pgf/compatibility/pgfcomp-version-1-18
.sty
Package: pgfcomp-version-1-18 2025-08-29 v3.1.11a (3.1.11a)
)) (/usr/share/texlive/texmf-dist/tex/latex/pgf/utilities/pgffor.sty
(/usr/share/texlive/texmf-dist/tex/latex/pgf/utilities/pgfkeys.sty
(/usr/share/texlive/texmf-dist/tex/generic/pgf/utilities/pgfkeys.code.tex))
(/usr/share/texlive/texmf-dist/tex/latex/pgf/math/pgfmath.sty
(/usr/share/texlive/texmf-dist/tex/generic/pgf/math/pgfmath.code.tex))
(/usr/share/texlive/texmf-dist/tex/generic/pgf/utilities/pgffor.code.tex
Package: pgffor 2025-08-29 v3.1.11a (3.1.11a)
\pgffor@iter=\dimen312
\pgffor@skip=\dimen313
\pgffor@stack=\toks35
\pgffor@toks=\toks36
))
(/usr/share/texlive/texmf-dist/tex/generic/pgf/frontendlayer/tikz/tikz.code.tex
Package: tikz 2025-08-29 v3.1.11a (3.1.11a)

(/usr/share/texlive/texmf-dist/tex/generic/pgf/libraries/pgflibraryplothandlers
.code.tex
File: pgflibraryplothandlers.code.tex 2025-08-29 v3.1.11a (3.1.11a)
\pgf@plot@mark@count=\count339
\pgfplotmarksize=\dimen314
)
\tikz@lastx=\dimen315
\tikz@lasty=\dimen316
\tikz@lastxsaved=\dimen317
\tikz@lastysaved=\dimen318
\tikz@lastmovetox=\dimen319
\tikz@lastmovetoy=\dimen320
\tikzleveldistance=\dimen321
\tikzsiblingdistance=\dimen322
\tikz@figbox=\box67
\tikz@figbox@bg=\box68
\tikz@tempbox=\box69
\tikz@tempbox@bg=\box70
\tikztreelevel=\count340
\tikznumberofchildren=\count341
\tikznumberofcurrentchild=\count342
\tikz@fig@count=\count343

(/usr/share/texlive/texmf-dist/tex/generic/pgf/modules/pgfmodulematrix.code.tex
File: pgfmodulematrix.code.tex 2025-08-29 v3.1.11a (3.1.11a)
\pgfmatrixcurrentrow=\count344
\pgfmatrixcurrentcolumn=\count345
\pgf@matrix@numberofcolumns=\count346
)
\tikz@expandcount=\count347

(/usr/share/texlive/texmf-dist/tex/generic/pgf/frontendlayer/tikz/libraries/tik
zlibrarytopaths.code.tex
File: tikzlibrarytopaths.code.tex 2025-08-29 v3.1.11a (3.1.11a)
)))
(/usr/share/texlive/texmf-dist/tex/generic/pgf/libraries/pgflibraryarrows.meta.
code.tex
File: pgflibraryarrows.meta.code.tex 2025-08-29 v3.1.11a (3.1.11a)
\pgfarrowinset=\dimen323
\pgfarrowlength=\dimen324
\pgfarrowwidth=\dimen325
\pgfarrowlinewidth=\dimen326
) (/usr/share/texlive/texmf-dist/tex/latex/tools/tabularx.sty
Package: tabularx 2023/12/11 v2.12a `tabularx' package (DPC)
\TX@col@width=\dimen327
\TX@old@table=\dimen328
\TX@old@col=\dimen329
\TX@target=\dimen330
\TX@delta=\dimen331
\TX@cols=\count348
\TX@ftn=\toks37
)
(/usr/share/texlive/texmf-dist/tex/latex/multirow/multirow.sty
Package: multirow 2024/11/12 v2.9 Span multiple rows of a table
\multirow@colwidth=\skip65
\multirow@cntb=\count349
\multirow@dima=\skip66
\bigstrutjot=\dimen332
)
(/usr/share/texlive/texmf-dist/tex/latex/hyperref/hyperref.sty
Package: hyperref 2025-07-12 v7.01o Hypertext links for LaTeX

(/usr/share/texlive/texmf-dist/tex/latex/kvsetkeys/kvsetkeys.sty
Package: kvsetkeys 2022-10-05 v1.19 Key value parser (HO)
)
(/usr/share/texlive/texmf-dist/tex/generic/kvdefinekeys/kvdefinekeys.sty
Package: kvdefinekeys 2019-12-19 v1.6 Define keys (HO)
)
(/usr/share/texlive/texmf-dist/tex/generic/pdfescape/pdfescape.sty
Package: pdfescape 2019/12/09 v1.15 Implements pdfTeX's escape features (HO)

(/usr/share/texlive/texmf-dist/tex/generic/ltxcmds/ltxcmds.sty
Package: ltxcmds 2023-12-04 v1.26 LaTeX kernel commands for general use (HO)
)
(/usr/share/texlive/texmf-dist/tex/generic/pdftexcmds/pdftexcmds.sty
Package: pdftexcmds 2020-06-27 v0.33 Utility functions of pdfTeX for LuaTeX (HO
)

(/usr/share/texlive/texmf-dist/tex/generic/infwarerr/infwarerr.sty
Package: infwarerr 2019/12/03 v1.5 Providing info/warning/error messages (HO)
)
Package pdftexcmds Info: \pdf@primitive is available.
Package pdftexcmds Info: \pdf@ifprimitive is available.
Package pdftexcmds Info: \pdfdraftmode not found.
))
(/usr/share/texlive/texmf-dist/tex/latex/hycolor/hycolor.sty
Package: hycolor 2020-01-27 v1.10 Color options for hyperref/bookmark (HO)
)
(/usr/share/texlive/texmf-dist/tex/latex/hyperref/nameref.sty
Package: nameref 2025-06-21 v2.57 Cross-referencing by name of section

(/usr/share/texlive/texmf-dist/tex/latex/refcount/refcount.sty
Package: refcount 2019/12/15 v3.6 Data extraction from label references (HO)
)
(/usr/share/texlive/texmf-dist/tex/generic/gettitlestring/gettitlestring.sty
Package: gettitlestring 2019/12/15 v1.6 Cleanup title references (HO)

(/usr/share/texlive/texmf-dist/tex/latex/kvoptions/kvoptions.sty
Package: kvoptions 2022-06-15 v3.15 Key value format for package options (HO)
))
\c@section@level=\count350
)
(/usr/share/texlive/texmf-dist/tex/latex/etoolbox/etoolbox.sty
Package: etoolbox 2025/10/02 v2.5m e-TeX tools for LaTeX (JAW)
\etb@tempcnta=\count351
)
(/usr/share/texlive/texmf-dist/tex/generic/stringenc/stringenc.sty
Package: stringenc 2019/11/29 v1.12 Convert strings between diff. encodings (HO
)
)
\@linkdim=\dimen333
\Hy@linkcounter=\count352
\Hy@pagecounter=\count353

(/usr/share/texlive/texmf-dist/tex/latex/hyperref/pd1enc.def
File: pd1enc.def 2025-07-12 v7.01o Hyperref: PDFDocEncoding definition (HO)
)
(/usr/share/texlive/texmf-dist/tex/generic/intcalc/intcalc.sty
Package: intcalc 2019/12/15 v1.3 Expandable calculations with integers (HO)
)
\Hy@SavedSpaceFactor=\count354

(/usr/share/texlive/texmf-dist/tex/latex/hyperref/puenc.def
File: puenc.def 2025-07-12 v7.01o Hyperref: PDF Unicode definition (HO)
)
Package hyperref Info: Option `unicode' set `true' on input line 4066.
Package hyperref Info: Option `colorlinks' set `true' on input line 4066.
Package hyperref Info: Option `bookmarksopen' set `true' on input line 4066.
Package hyperref Info: Option `bookmarksnumbered' set `true' on input line 4066
.
Package hyperref Info: Hyper figures OFF on input line 4195.
Package hyperref Info: Link nesting OFF on input line 4200.
Package hyperref Info: Hyper index ON on input line 4203.
Package hyperref Info: Plain pages OFF on input line 4210.
Package hyperref Info: Backreferencing OFF on input line 4215.
Package hyperref Info: Implicit mode ON; LaTeX internals redefined.
Package hyperref Info: Bookmarks ON on input line 4462.
\c@Hy@tempcnt=\count355
LaTeX Info: Redefining \url on input line 4801.
\XeTeXLinkMargin=\dimen334

(/usr/share/texlive/texmf-dist/tex/generic/bitset/bitset.sty
Package: bitset 2019/12/09 v1.3 Handle bit-vector datatype (HO)

(/usr/share/texlive/texmf-dist/tex/generic/bigintcalc/bigintcalc.sty
Package: bigintcalc 2019/12/15 v1.5 Expandable calculations on big integers (HO
)
))
\Fld@menulength=\count356
\Field@Width=\dimen335
\Fld@charsize=\dimen336
Package hyperref Info: Hyper figures OFF on input line 6078.
Package hyperref Info: Link nesting OFF on input line 6083.
Package hyperref Info: Hyper index ON on input line 6086.
Package hyperref Info: backreferencing OFF on input line 6093.
Package hyperref Info: Link coloring ON on input line 6096.
Package hyperref Info: Link coloring with OCG OFF on input line 6103.
Package hyperref Info: PDF/A mode OFF on input line 6108.
\Hy@abspage=\count357
\c@Item=\count358
\c@Hfootnote=\count359
)
Package hyperref Info: Driver (autodetected): hxetex.

(/usr/share/texlive/texmf-dist/tex/latex/hyperref/hxetex.def
File: hxetex.def 2025-07-12 v7.01o Hyperref driver for XeTeX
\pdfm@box=\box71
\c@Hy@AnnotLevel=\count360
\HyField@AnnotCount=\count361
\Fld@listcount=\count362
\c@bookmark@seq@number=\count363

(/usr/share/texlive/texmf-dist/tex/latex/rerunfilecheck/rerunfilecheck.sty
Package: rerunfilecheck 2025-06-21 v1.11 Rerun checks for auxiliary files (HO)

(/usr/share/texlive/texmf-dist/tex/generic/uniquecounter/uniquecounter.sty
Package: uniquecounter 2019/12/15 v1.4 Provide unlimited unique counter (HO)
)
Package uniquecounter Info: New unique counter `rerunfilecheck' on input line 2
84.
)
\Hy@SectionHShift=\skip67
)
(/usr/share/texlive/texmf-dist/tex/latex/colortbl/colortbl.sty
Package: colortbl 2024/10/29 v1.0k Color table columns (DPC)
\everycr=\toks38
\minrowclearance=\skip68
\rownum=\count364
)
(./Robot Learning from Human Videos_中文翻译.aux)
\openout1 = `"Robot Learning from Human Videos_中文翻译.aux"'.

LaTeX Font Info:    Checking defaults for OML/cmm/m/it on input line 39.
LaTeX Font Info:    ... okay on input line 39.
LaTeX Font Info:    Checking defaults for OMS/cmsy/m/n on input line 39.
LaTeX Font Info:    ... okay on input line 39.
LaTeX Font Info:    Checking defaults for OT1/cmr/m/n on input line 39.
LaTeX Font Info:    ... okay on input line 39.
LaTeX Font Info:    Checking defaults for T1/cmr/m/n on input line 39.
LaTeX Font Info:    ... okay on input line 39.
LaTeX Font Info:    Checking defaults for TS1/cmr/m/n on input line 39.
LaTeX Font Info:    ... okay on input line 39.
LaTeX Font Info:    Checking defaults for TU/lmr/m/n on input line 39.
LaTeX Font Info:    ... okay on input line 39.
LaTeX Font Info:    Checking defaults for OMX/cmex/m/n on input line 39.
LaTeX Font Info:    ... okay on input line 39.
LaTeX Font Info:    Checking defaults for U/cmr/m/n on input line 39.
LaTeX Font Info:    ... okay on input line 39.
LaTeX Font Info:    Checking defaults for PD1/pdf/m/n on input line 39.
LaTeX Font Info:    ... okay on input line 39.
LaTeX Font Info:    Checking defaults for PU/pdf/m/n on input line 39.
LaTeX Font Info:    ... okay on input line 39.

Package fontspec Info: 
(fontspec)             Adjusting the maths setup (use [no-math] to avoid
(fontspec)             this).

\symlegacymaths=\mathgroup4
LaTeX Font Info:    Overwriting symbol font `legacymaths' in version `bold'
(Font)                  OT1/cmr/m/n --> OT1/cmr/bx/n on input line 39.
LaTeX Font Info:    Redeclaring math accent \acute on input line 39.
LaTeX Font Info:    Redeclaring math accent \grave on input line 39.
LaTeX Font Info:    Redeclaring math accent \ddot on input line 39.
LaTeX Font Info:    Redeclaring math accent \tilde on input line 39.
LaTeX Font Info:    Redeclaring math accent \bar on input line 39.
LaTeX Font Info:    Redeclaring math accent \breve on input line 39.
LaTeX Font Info:    Redeclaring math accent \check on input line 39.
LaTeX Font Info:    Redeclaring math accent \hat on input line 39.
LaTeX Font Info:    Redeclaring math accent \dot on input line 39.
LaTeX Font Info:    Redeclaring math accent \mathring on input line 39.
LaTeX Font Info:    Redeclaring math symbol \colon on input line 39.
LaTeX Font Info:    Redeclaring math symbol \Gamma on input line 39.
LaTeX Font Info:    Redeclaring math symbol \Delta on input line 39.
LaTeX Font Info:    Redeclaring math symbol \Theta on input line 39.
LaTeX Font Info:    Redeclaring math symbol \Lambda on input line 39.
LaTeX Font Info:    Redeclaring math symbol \Xi on input line 39.
LaTeX Font Info:    Redeclaring math symbol \Pi on input line 39.
LaTeX Font Info:    Redeclaring math symbol \Sigma on input line 39.
LaTeX Font Info:    Redeclaring math symbol \Upsilon on input line 39.
LaTeX Font Info:    Redeclaring math symbol \Phi on input line 39.
LaTeX Font Info:    Redeclaring math symbol \Psi on input line 39.
LaTeX Font Info:    Redeclaring math symbol \Omega on input line 39.
LaTeX Font Info:    Redeclaring math symbol \mathdollar on input line 39.
LaTeX Font Info:    Redeclaring symbol font `operators' on input line 39.
LaTeX Font Info:    Encoding `OT1' has changed to `TU' for symbol font
(Font)              `operators' in the math version `normal' on input line 39.
LaTeX Font Info:    Overwriting symbol font `operators' in version `normal'
(Font)                  OT1/cmr/m/n --> TU/lmr/m/n on input line 39.
LaTeX Font Info:    Encoding `OT1' has changed to `TU' for symbol font
(Font)              `operators' in the math version `bold' on input line 39.
LaTeX Font Info:    Overwriting symbol font `operators' in version `bold'
(Font)                  OT1/cmr/bx/n --> TU/lmr/m/n on input line 39.
LaTeX Font Info:    Overwriting symbol font `operators' in version `normal'
(Font)                  TU/lmr/m/n --> TU/lmr/m/n on input line 39.
LaTeX Font Info:    Overwriting math alphabet `\mathit' in version `normal'
(Font)                  OT1/cmr/m/it --> TU/lmr/m/it on input line 39.
LaTeX Font Info:    Overwriting math alphabet `\mathbf' in version `normal'
(Font)                  OT1/cmr/bx/n --> TU/lmr/b/n on input line 39.
LaTeX Font Info:    Overwriting math alphabet `\mathsf' in version `normal'
(Font)                  OT1/cmss/m/n --> TU/lmss/m/n on input line 39.
LaTeX Font Info:    Overwriting math alphabet `\mathtt' in version `normal'
(Font)                  OT1/cmtt/m/n --> TU/lmtt/m/n on input line 39.
LaTeX Font Info:    Overwriting symbol font `operators' in version `bold'
(Font)                  TU/lmr/m/n --> TU/lmr/b/n on input line 39.
LaTeX Font Info:    Overwriting math alphabet `\mathit' in version `bold'
(Font)                  OT1/cmr/bx/it --> TU/lmr/b/it on input line 39.
LaTeX Font Info:    Overwriting math alphabet `\mathsf' in version `bold'
(Font)                  OT1/cmss/bx/n --> TU/lmss/b/n on input line 39.
LaTeX Font Info:    Overwriting math alphabet `\mathtt' in version `bold'
(Font)                  OT1/cmtt/m/n --> TU/lmtt/b/n on input line 39.

*geometry* driver: auto-detecting
*geometry* detected driver: xetex
*geometry* verbose mode - [ preamble ] result:
* driver: xetex
* paper: <default>
* layout: <same size as paper>
* layoutoffset:(h,v)=(0.0pt,0.0pt)
* modes: 
* h-part:(L,W,R)=(62.59596pt, 472.31595pt, 62.59596pt)
* v-part:(T,H,B)=(62.59596pt, 719.85492pt, 62.59596pt)
* \paperwidth=597.50787pt
* \paperheight=845.04684pt
* \textwidth=472.31595pt
* \textheight=719.85492pt
* \oddsidemargin=-9.67403pt
* \evensidemargin=-9.67403pt
* \topmargin=-46.67403pt
* \headheight=12.0pt
* \headsep=25.0pt
* \topskip=11.0pt
* \footskip=30.0pt
* \marginparwidth=50.0pt
* \marginparsep=10.0pt
* \columnsep=10.0pt
* \skip\footins=10.0pt plus 4.0pt minus 2.0pt
* \hoffset=0.0pt
* \voffset=0.0pt
* \mag=1000
* \@twocolumnfalse
* \@twosidefalse
* \@mparswitchfalse
* \@reversemarginfalse
* (1in=72.27pt=25.4mm, 1cm=28.453pt)

Package caption Info: Begin \AtBeginDocument code.
Package caption Info: hyperref package is loaded.
Package caption Info: rotating package is loaded.
Package caption Info: End \AtBeginDocument code.
Package hyperref Info: Link coloring ON on input line 39.
(./Robot Learning from Human Videos_中文翻译.out)
(./Robot Learning from Human Videos_中文翻译.out)
\@outlinefile=\write4
\openout4 = `"Robot Learning from Human Videos_中文翻译.out"'.

LaTeX Font Info:    External font `cmex10' loaded for size
(Font)              <10.95> on input line 49.
LaTeX Font Info:    External font `cmex10' loaded for size
(Font)              <8> on input line 49.
LaTeX Font Info:    External font `cmex10' loaded for size
(Font)              <6> on input line 49.

Package fontspec Info: 
(fontspec)             Script 'CJK' not explicitly supported within font
(fontspec)             'FandolFang-Regular'. Check the typeset output, and if
(fontspec)             it is okay then ignore this warning. Otherwise a
(fontspec)             different font should be chosen.


Package fontspec Info: 
(fontspec)             Font family 'FandolFang-Regular(0)' created for font
(fontspec)             'FandolFang-Regular' with options
(fontspec)             [Script={CJK},Extension={.otf}].
(fontspec)              
(fontspec)              This font family consists of the following NFSS
(fontspec)             series/shapes:
(fontspec)              
(fontspec)             - 'normal' (m/n) with NFSS spec.:
(fontspec)             <->"[FandolFang-Regular.otf]/OT:script=hani;language=dfl
t;"

LaTeX Font Info:    External font `cmex10' loaded for size
(Font)              <7> on input line 58.
LaTeX Font Info:    External font `cmex10' loaded for size
(Font)              <5> on input line 58.
 [1

]
LaTeX Font Info:    External font `cmex10' loaded for size
(Font)              <12> on input line 64.

Overfull \hbox (100.6722pt too wide) in paragraph at lines 64--64
 [][] 
 []

LaTeX Font Info:    Font shape `TU/FandolSong-Regular(0)/m/sl' in size <10.95> 
not available
(Font)              Font shape `TU/FandolSong-Regular(0)/m/it' tried instead on
 input line 92.
[2]

LaTeX Warning: Citation `jang2022bc' on page 3 undefined on input line 115.


LaTeX Warning: Citation `kareer2025egomimic' on page 3 undefined on input line 
115.


LaTeX Warning: Citation `dan2025x' on page 3 undefined on input line 115.


LaTeX Warning: Citation `zhou2025you' on page 3 undefined on input line 115.


Underfull \hbox (badness 1817) in paragraph at lines 115--115
[]|\TU/FandolSong-Regular(0)/m/n/8 人 类 视 频 驱 动 的 自 动 \TU/lmr/m/n/8 roll-
 []


LaTeX Warning: Citation `freeman2026warped' on page 3 undefined on input line 1
15.


LaTeX Warning: Reference `sec:background' on page 3 undefined on input line 130
.


LaTeX Warning: Reference `sec:hr_skill_transfer' on page 3 undefined on input l
ine 130.


LaTeX Warning: Reference `sec:data_foundations' on page 3 undefined on input li
ne 130.


LaTeX Warning: Reference `sec:discussion' on page 3 undefined on input line 130
.


LaTeX Warning: Reference `sec:conclusion' on page 3 undefined on input line 130
.


Overfull \hbox (122.95914pt too wide) in paragraph at lines 130--131
\TU/FandolSong-Regular(0)/m/n/10.95 略 的 \TU/lmr/m/n/10.95 LfHV \TU/FandolSong-R
egular(0)/m/n/10.95 作 品，|  而 不 是 那 些 无 需 复 杂 操 纵 的 全 身 控 制 和 运 动 的 作 品 \TU/lmr/
m/n/10.95 [$[]$]\TU/FandolSong-Regular(0)/m/n/10.95 。|
 []

[3]
! Missing $ inserted.
<inserted text> 
                $
l.136 ...inewidth]{figs/bridging_overview_new.pdf}
                                                  
I've inserted a begin-math/end-math symbol since I think
you left one out. Proceed, with fingers crossed.

! Missing $ inserted.
<inserted text> 
                $
l.136 ...inewidth]{figs/bridging_overview_new.pdf}
                                                  
I've inserted a begin-math/end-math symbol since I think
you left one out. Proceed, with fingers crossed.

! Undefined control sequence.
l.151 ...目标。模仿学习的标准公式是对专家演示数据集 $\mathcal{D}_{\text
                                                  {expert}}$ 的最大似然估计：
The control sequence at the end of the top line
of your error message was never \def'ed. If you have
misspelled it (e.g., `\hobx'), type `I' and the correct
spelling (e.g., `I\hbox'). Otherwise just continue,
and I'll forget about whatever was undefined.


Overfull \hbox (18.88145pt too wide) in paragraph at lines 151--152
[]\TU/FandolSong-Regular(0)/m/n/10.95 模 仿 学 习 旨 在 通 过 模 仿 专 家 演 示 来 学 习 策 略。|  
在 机 器 人 技 术 中，|  轨 迹 通 常 表 示 为 $\OML/cmm/m/it/10.95 ^^\ \OT1/cmr/m/n/10.95 = \O
MS/cmsy/m/n/10.95 f\OT1/cmr/m/n/10.95 (\OML/cmm/m/it/10.95 o[]; s[]; a[]\OT1/cm
r/m/n/10.95 )\OMS/cmsy/m/n/10.95 g[]$\TU/FandolSong-Regular(0)/m/n/10.95 ，|
 []

! Undefined control sequence.
l.153 ...\theta} \sum_{\tau \in \mathcal{D}_{\text
                                                  {expert}}} \sum_{t}
The control sequence at the end of the top line
of your error message was never \def'ed. If you have
misspelled it (e.g., `\hobx'), type `I' and the correct
spelling (e.g., `I\hbox'). Otherwise just continue,
and I'll forget about whatever was undefined.

! Undefined control sequence.
l.160 ...入机器人模仿学习中，旨在降低通过远程操作收集$\mathcal{D}_{\text
                                                  {expert}}$的大量成本（见表~\ref{ta...
The control sequence at the end of the top line
of your error message was never \def'ed. If you have
misspelled it (e.g., `\hobx'), type `I' and the correct
spelling (e.g., `I\hbox'). Otherwise just continue,
and I'll forget about whatever was undefined.


LaTeX Warning: Reference `eq:il_eq' on page 4 undefined on input line 160.

! Undefined control sequence.
l.172 \max_{\theta} \; \mathbb
                              {E}_{\tau \sim \pi_{\theta}} \left[
The control sequence at the end of the top line
of your error message was never \def'ed. If you have
misspelled it (e.g., `\hobx'), type `I' and the correct
spelling (e.g., `I\hbox'). Otherwise just continue,
and I'll forget about whatever was undefined.

! Undefined control sequence.
l.174 \right], \,\, \text
                         {with } \theta \leftarrow \theta_{0},
The control sequence at the end of the top line
of your error message was never \def'ed. If you have
misspelled it (e.g., `\hobx'), type `I' and the correct
spelling (e.g., `I\hbox'). Otherwise just continue,
and I'll forget about whatever was undefined.

[4]
! Undefined control sequence.
l.187 \mathcal{L}_{\text
                        {obs}}(\Phi) +
The control sequence at the end of the top line
of your error message was never \def'ed. If you have
misspelled it (e.g., `\hobx'), type `I' and the correct
spelling (e.g., `I\hbox'). Otherwise just continue,
and I'll forget about whatever was undefined.

! Undefined control sequence.
l.188 \mathcal{L}_{\text
                        {act}}(\Phi) +
The control sequence at the end of the top line
of your error message was never \def'ed. If you have
misspelled it (e.g., `\hobx'), type `I' and the correct
spelling (e.g., `I\hbox'). Otherwise just continue,
and I'll forget about whatever was undefined.

! Undefined control sequence.
l.189 \mathcal{L}_{\text
                        {obj}}(\Phi),
The control sequence at the end of the top line
of your error message was never \def'ed. If you have
misspelled it (e.g., `\hobx'), type `I' and the correct
spelling (e.g., `I\hbox'). Otherwise just continue,
and I'll forget about whatever was undefined.

! Undefined control sequence.
l.191 ...类视频映射到共享表示空间的桥接函数。在这里，$\mathcal{L}_{\text
                                                  {obs}}$ 测量人类和机器人感知之间的观察差距，...
The control sequence at the end of the top line
of your error message was never \def'ed. If you have
misspelled it (e.g., `\hobx'), type `I' and the correct
spelling (e.g., `I\hbox'). Otherwise just continue,
and I'll forget about whatever was undefined.

! Undefined control sequence.
l.191 ...}}$ 测量人类和机器人感知之间的观察差距，$\mathcal{L}_{\text
                                                  {act}}$ 捕获人类行为和机器人控制空间之间的动...
The control sequence at the end of the top line
of your error message was never \def'ed. If you have
misspelled it (e.g., `\hobx'), type `I' and the correct
spelling (e.g., `I\hbox'). Otherwise just continue,
and I'll forget about whatever was undefined.

! Undefined control sequence.
l.191 ...捕获人类行为和机器人控制空间之间的动作差距，$\mathcal{L}_{\text
                                                  {obj}}$ 表示由于人类视频中缺乏任务注释或明确...
The control sequence at the end of the top line
of your error message was never \def'ed. If you have
misspelled it (e.g., `\hobx'), type `I' and the correct
spelling (e.g., `I\hbox'). Otherwise just continue,
and I'll forget about whatever was undefined.


LaTeX Warning: Reference `sec:unified_formulation' on page 5 undefined on input
 line 199.


LaTeX Warning: Reference `fig:bridging_overview' on page 5 undefined on input l
ine 199.

[5]
! Missing $ inserted.
<inserted text> 
                $
l.209 ...ewidth]{figs/task_structure_transfer.pdf}
                                                  
I've inserted a begin-math/end-math symbol since I think
you left one out. Proceed, with fingers crossed.

! Missing $ inserted.
<inserted text> 
                $
l.209 ...ewidth]{figs/task_structure_transfer.pdf}
                                                  
I've inserted a begin-math/end-math symbol since I think
you left one out. Proceed, with fingers crossed.


LaTeX Warning: Reference `sec:task_structures' on page 6 undefined on input lin
e 305.


LaTeX Warning: Reference `sec:task_structures' on page 6 undefined on input lin
e 305.


LaTeX Warning: Reference `fig:task_structure_transfer' on page 6 undefined on i
nput line 313.


LaTeX Warning: Reference `fig:task_structure_timeline' on page 6 undefined on i
nput line 313.


LaTeX Warning: Citation `yang2015robot' on page 6 undefined on input line 315.


LaTeX Warning: Citation `aksoy2017unsupervised' on page 6 undefined on input li
ne 315.


LaTeX Warning: Citation `nguyen2018translating' on page 6 undefined on input li
ne 315.


LaTeX Warning: Citation `yang2019learning' on page 6 undefined on input line 31
5.


LaTeX Warning: Citation `yang2022explicit' on page 6 undefined on input line 31
5.


LaTeX Warning: Citation `yang2023watch' on page 6 undefined on input line 315.


LaTeX Warning: Citation `pertsch2022cross' on page 6 undefined on input line 31
5.


LaTeX Warning: Citation `yang2022learning' on page 6 undefined on input line 31
5.


LaTeX Warning: Citation `guo2023learning' on page 6 undefined on input line 315
.

[6]

LaTeX Warning: Citation `wake2024gpt' on page 7 undefined on input line 317.


LaTeX Warning: Citation `clark2025action' on page 7 undefined on input line 318
.


LaTeX Warning: Citation `hori2025robot' on page 7 undefined on input line 319.


LaTeX Warning: Citation `hori2025interactive' on page 7 undefined on input line
 319.


LaTeX Warning: Citation `ma2025egoloc' on page 7 undefined on input line 319.


LaTeX Warning: Citation `ding2024knowledge' on page 7 undefined on input line 3
23.


Overfull \hbox (28.3698pt too wide) in paragraph at lines 323--324
\TU/FandolSong-Regular(0)/m/n/10.95 结 构 化 的 行 动 计 划，|  并 通 过 产 品 感 知 参 数 化 将 其 
语 义 映 射 到 可 执 行 的 机 器 人 任 务。| \TU/lmr/m/n/10.95 VLMimic [$[]$]
 []

! Missing $ inserted.
<inserted text> 
                $
l.329 ...linewidth]{figs/task_intent_transfer.pdf}
                                                  
I've inserted a begin-math/end-math symbol since I think
you left one out. Proceed, with fingers crossed.

! Missing $ inserted.
<inserted text> 
                $
l.329 ...linewidth]{figs/task_intent_transfer.pdf}
                                                  
I've inserted a begin-math/end-math symbol since I think
you left one out. Proceed, with fingers crossed.

! Missing $ inserted.
<inserted text> 
                $
l.382   }
         
I've inserted a begin-math/end-math symbol since I think
you left one out. Proceed, with fingers crossed.

! Extra }, or forgotten $.
<template> }
            \unskip \mb@r \endtemplate 
l.382   }
         
I've deleted a group-closing symbol because it seems to be
spurious, as in `$x}$'. But perhaps the } is legitimate and
you forgot something else, as in `\hbox{$x}'. In such cases
the way to recover is to insert both the forgotten and the
deleted material, e.g., by typing `I$}'.

! Missing $ inserted.
<inserted text> 
                $
l.382   }
         
I've inserted a begin-math/end-math symbol since I think
you left one out. Proceed, with fingers crossed.

! Missing } inserted.
<inserted text> 
                }
l.382   }
         
I've inserted something that you may have forgotten.
(See the <inserted text> above.)
With luck, this will get me unwedged. But if you
really didn't forget anything, try typing `2' now; then
my insertion and my current dilemma will both disappear.

! Missing $ inserted.
<inserted text> 
                $
l.382   }
         
I've inserted a begin-math/end-math symbol since I think
you left one out. Proceed, with fingers crossed.

! Extra }, or forgotten $.
<template> }
            \unskip \mb@r \endtemplate 
l.382   }
         
I've deleted a group-closing symbol because it seems to be
spurious, as in `$x}$'. But perhaps the } is legitimate and
you forgot something else, as in `\hbox{$x}'. In such cases
the way to recover is to insert both the forgotten and the
deleted material, e.g., by typing `I$}'.

! Missing $ inserted.
<inserted text> 
                $
l.382   }
         
I've inserted a begin-math/end-math symbol since I think
you left one out. Proceed, with fingers crossed.

! Missing } inserted.
<inserted text> 
                }
l.382   }
         
I've inserted something that you may have forgotten.
(See the <inserted text> above.)
With luck, this will get me unwedged. But if you
really didn't forget anything, try typing `2' now; then
my insertion and my current dilemma will both disappear.


LaTeX Warning: Reference `sec:task_intents' on page 7 undefined on input line 3
83.


LaTeX Warning: Reference `sec:task_intents' on page 7 undefined on input line 3
83.

! Too many }'s.
<recently read> }
                 
l.391 与作为桥梁}
             的显式 \textit{任务结构相比，作为桥梁} 的 \textit{任务意图不需要将人类视频转换为完整的符号指令序列。相反，...
You've closed more groups than you opened.
Such booboos are generally harmless, so keep going.

Runaway argument?
{任务意图不需要将人类视频转换为完整的符号指令序\ETC.
! Paragraph ended before \text@command was complete.
<to be read again> 
                   \par 
l.1327 ...相关的动作语义。因此，我们将这种流行的基于潜在动作的桥接分为两类：来自视觉重建}
                                                  的\textit{潜在动作，它仅通过重建未来的视觉观...
I suspect you've forgotten a `}', causing me to apply this
control sequence to too much text. How can we recover?
My plan is to forget the whole thing and hope for the best.


LaTeX Warning: Citation `yu2018one' on page 7 undefined on input line 1327.

[7]

LaTeX Warning: Citation `sermanet2016unsupervised' on page 8 undefined on input
 line 1327.


LaTeX Warning: Citation `yu2018one_hil' on page 8 undefined on input line 1327.



LaTeX Warning: Citation `sharma2019third' on page 8 undefined on input line 132
7.


LaTeX Warning: Citation `li2026act' on page 8 undefined on input line 1327.

[8]

LaTeX Warning: Reference `sec:transformed_videos' on page 9 undefined on input 
line 1327.


LaTeX Warning: Reference `sec:transformed_videos' on page 9 undefined on input 
line 1327.

! Missing $ inserted.
<inserted text> 
                $
l.1327 ...相关的动作语义。因此，我们将这种流行的基于潜在动作的桥接分为两类：来自视觉重建}
                                                  的\textit{潜在动作，它仅通过重建未来的视觉观...
I've inserted a begin-math/end-math symbol since I think
you left one out. Proceed, with fingers crossed.

! Missing $ inserted.
<inserted text> 
                $
l.1327 ...相关的动作语义。因此，我们将这种流行的基于潜在动作的桥接分为两类：来自视觉重建}
                                                  的\textit{潜在动作，它仅通过重建未来的视觉观...
I've inserted a begin-math/end-math symbol since I think
you left one out. Proceed, with fingers crossed.


LaTeX Warning: Citation `li2024ag2manip' on page 9 undefined on input line 1327
.


LaTeX Warning: Citation `lepert2025phantom' on page 9 undefined on input line 1
327.


LaTeX Warning: Citation `li2024ag2manip' on page 9 undefined on input line 1327
.


LaTeX Warning: Citation `lepert2025phantom' on page 9 undefined on input line 1
327.


LaTeX Warning: Reference `fig:transformed_videos_timeline' on page 9 undefined 
on input line 1327.

[9]

LaTeX Warning: Reference `fig:transformed_videos_transfer' on page 10 undefined
 on input line 1327.


LaTeX Warning: Citation `bahl2022human' on page 10 undefined on input line 1327
.


LaTeX Warning: Citation `chang2023look' on page 10 undefined on input line 1327
.


LaTeX Warning: Citation `lepert2025masquerade' on page 10 undefined on input li
ne 1327.

! Missing $ inserted.
<inserted text> 
                $
l.1327 ...相关的动作语义。因此，我们将这种流行的基于潜在动作的桥接分为两类：来自视觉重建}
                                                  的\textit{潜在动作，它仅通过重建未来的视觉观...
I've inserted a begin-math/end-math symbol since I think
you left one out. Proceed, with fingers crossed.

! Extra }, or forgotten $.
\mbox  #1->\leavevmode \hbox {#1}
                                 
l.1327 ...相关的动作语义。因此，我们将这种流行的基于潜在动作的桥接分为两类：来自视觉重建}
                                                  的\textit{潜在动作，它仅通过重建未来的视觉观...
I've deleted a group-closing symbol because it seems to be
spurious, as in `$x}$'. But perhaps the } is legitimate and
you forgot something else, as in `\hbox{$x}'. In such cases
the way to recover is to insert both the forgotten and the
deleted material, e.g., by typing `I$}'.

! Extra }, or forgotten $.
<argument> ...\sf@size \selectfont black2024pi_0}}
                                                  
l.1327 ...相关的动作语义。因此，我们将这种流行的基于潜在动作的桥接分为两类：来自视觉重建}
                                                  的\textit{潜在动作，它仅通过重建未来的视觉观...
I've deleted a group-closing symbol because it seems to be
spurious, as in `$x}$'. But perhaps the } is legitimate and
you forgot something else, as in `\hbox{$x}'. In such cases
the way to recover is to insert both the forgotten and the
deleted material, e.g., by typing `I$}'.


LaTeX Warning: Citation `duan2023ar2' on page 10 undefined on input line 1327.

! Missing $ inserted.
<inserted text> 
                $
l.1327 ...相关的动作语义。因此，我们将这种流行的基于潜在动作的桥接分为两类：来自视觉重建}
                                                  的\textit{潜在动作，它仅通过重建未来的视觉观...
I've inserted a begin-math/end-math symbol since I think
you left one out. Proceed, with fingers crossed.

! Missing } inserted.
<inserted text> 
                }
l.1327 ...相关的动作语义。因此，我们将这种流行的基于潜在动作的桥接分为两类：来自视觉重建}
                                                  的\textit{潜在动作，它仅通过重建未来的视觉观...
I've inserted something that you may have forgotten.
(See the <inserted text> above.)
With luck, this will get me unwedged. But if you
really didn't forget anything, try typing `2' now; then
my insertion and my current dilemma will both disappear.

Missing character: There is no 。 (U+3002) in font [lmroman8-regular]:mapping=te
x-text;!
Missing character: There is no 最 (U+6700) in font [lmroman8-regular]:mapping=te
x-text;!
Missing character: There is no 近 (U+8FD1) in font [lmroman8-regular]:mapping=te
x-text;!
Missing character: There is no ， (U+FF0C) in font [lmroman8-regular]:mapping=te
x-text;!
Missing character: There is no 进 (U+8FDB) in font [lmroman8-regular]:mapping=te
x-text;!
Missing character: There is no 一 (U+4E00) in font [lmroman8-regular]:mapping=te
x-text;!
Missing character: There is no 步 (U+6B65) in font [lmroman8-regular]:mapping=te
x-text;!
Missing character: There is no 推 (U+63A8) in font [lmroman8-regular]:mapping=te
x-text;!
Missing character: There is no 动 (U+52A8) in font [lmroman8-regular]:mapping=te
x-text;!
Missing character: There is no 了 (U+4E86) in font [lmroman8-regular]:mapping=te
x-text;!
Missing character: There is no 基 (U+57FA) in font [lmroman8-regular]:mapping=te
x-text;!
Missing character: There is no 于 (U+4E8E) in font [lmroman8-regular]:mapping=te
x-text;!
Missing character: There is no 渲 (U+6E32) in font [lmroman8-regular]:mapping=te
x-text;!
Missing character: There is no 染 (U+67D3) in font [lmroman8-regular]:mapping=te
x-text;!
Missing character: There is no 的 (U+7684) in font [lmroman8-regular]:mapping=te
x-text;!
Missing character: There is no 实 (U+5B9E) in font [lmroman8-regular]:mapping=te
x-text;!
Missing character: There is no 施 (U+65BD) in font [lmroman8-regular]:mapping=te
x-text;!
Missing character: There is no 例 (U+4F8B) in font [lmroman8-regular]:mapping=te
x-text;!
Missing character: There is no 向 (U+5411) in font [lmroman8-regular]:mapping=te
x-text;!
Missing character: There is no 手 (U+624B) in font [lmroman8-regular]:mapping=te
x-text;!
Missing character: There is no 腕 (U+8155) in font [lmroman8-regular]:mapping=te
x-text;!
Missing character: There is no 对 (U+5BF9) in font [lmroman8-regular]:mapping=te
x-text;!
Missing character: There is no 齐 (U+9F50) in font [lmroman8-regular]:mapping=te
x-text;!
Missing character: There is no 观 (U+89C2) in font [lmroman8-regular]:mapping=te
x-text;!
Missing character: There is no 察 (U+5BDF) in font [lmroman8-regular]:mapping=te
x-text;!
Missing character: There is no 的 (U+7684) in font [lmroman8-regular]:mapping=te
x-text;!
Missing character: There is no 转 (U+8F6C) in font [lmroman8-regular]:mapping=te
x-text;!
Missing character: There is no 变 (U+53D8) in font [lmroman8-regular]:mapping=te
x-text;!
Missing character: There is no 。 (U+3002) in font [lmroman8-regular]:mapping=te
x-text;!
Missing character: There is no 它 (U+5B83) in font [lmroman8-regular]:mapping=te
x-text;!
Missing character: There is no 将 (U+5C06) in font [lmroman8-regular]:mapping=te
x-text;!
Missing character: There is no 手 (U+624B) in font [lmroman8-regular]:mapping=te
x-text;!
Missing character: There is no 部 (U+90E8) in font [lmroman8-regular]:mapping=te
x-text;!
Missing character: There is no 物 (U+7269) in font [lmroman8-regular]:mapping=te
x-text;!
Missing character: There is no 体 (U+4F53) in font [lmroman8-regular]:mapping=te
x-text;!
Missing character: There is no 跟 (U+8DDF) in font [lmroman8-regular]:mapping=te
x-text;!
Missing character: There is no 踪 (U+8E2A) in font [lmroman8-regular]:mapping=te
x-text;!
Missing character: There is no 和 (U+548C) in font [lmroman8-regular]:mapping=te
x-text;!
Missing character: There is no 轨 (U+8F68) in font [lmroman8-regular]:mapping=te
x-text;!
Missing character: There is no 迹 (U+8FF9) in font [lmroman8-regular]:mapping=te
x-text;!
Missing character: There is no 重 (U+91CD) in font [lmroman8-regular]:mapping=te
x-text;!
Missing character: There is no 定 (U+5B9A) in font [lmroman8-regular]:mapping=te
x-text;!
Missing character: There is no 向 (U+5411) in font [lmroman8-regular]:mapping=te
x-text;!
Missing character: There is no 与 (U+4E0E) in font [lmroman8-regular]:mapping=te
x-text;!
Missing character: There is no 高 (U+9AD8) in font [lmroman8-regular]:mapping=te
x-text;!
Missing character: There is no 斯 (U+65AF) in font [lmroman8-regular]:mapping=te
x-text;!
Missing character: There is no 泼 (U+6CFC) in font [lmroman8-regular]:mapping=te
x-text;!
Missing character: There is no 溅 (U+6E85) in font [lmroman8-regular]:mapping=te
x-text;!
Missing character: There is no 相 (U+76F8) in font [lmroman8-regular]:mapping=te
x-text;!
Missing character: There is no 结 (U+7ED3) in font [lmroman8-regular]:mapping=te
x-text;!
Missing character: There is no 合 (U+5408) in font [lmroman8-regular]:mapping=te
x-text;!
Missing character: There is no ， (U+FF0C) in font [lmroman8-regular]:mapping=te
x-text;!
Missing character: There is no 以 (U+4EE5) in font [lmroman8-regular]:mapping=te
x-text;!
Missing character: There is no 合 (U+5408) in font [lmroman8-regular]:mapping=te
x-text;!
Missing character: There is no 成 (U+6210) in font [lmroman8-regular]:mapping=te
x-text;!
Missing character: There is no 逼 (U+903C) in font [lmroman8-regular]:mapping=te
x-text;!
Missing character: There is no 真 (U+771F) in font [lmroman8-regular]:mapping=te
x-text;!
Missing character: There is no 的 (U+7684) in font [lmroman8-regular]:mapping=te
x-text;!
Missing character: There is no 机 (U+673A) in font [lmroman8-regular]:mapping=te
x-text;!
Missing character: There is no 器 (U+5668) in font [lmroman8-regular]:mapping=te
x-text;!
Missing character: There is no 人 (U+4EBA) in font [lmroman8-regular]:mapping=te
x-text;!
Missing character: There is no 手 (U+624B) in font [lmroman8-regular]:mapping=te
x-text;!
Missing character: There is no 腕 (U+8155) in font [lmroman8-regular]:mapping=te
x-text;!
Missing character: There is no 视 (U+89C6) in font [lmroman8-regular]:mapping=te
x-text;!
Missing character: There is no 图 (U+56FE) in font [lmroman8-regular]:mapping=te
x-text;!
Missing character: There is no 观 (U+89C2) in font [lmroman8-regular]:mapping=te
x-text;!
Missing character: There is no 察 (U+5BDF) in font [lmroman8-regular]:mapping=te
x-text;!
Missing character: There is no 和 (U+548C) in font [lmroman8-regular]:mapping=te
x-text;!
Missing character: There is no 对 (U+5BF9) in font [lmroman8-regular]:mapping=te
x-text;!
Missing character: There is no 齐 (U+9F50) in font [lmroman8-regular]:mapping=te
x-text;!
Missing character: There is no 动 (U+52A8) in font [lmroman8-regular]:mapping=te
x-text;!
Missing character: There is no 作 (U+4F5C) in font [lmroman8-regular]:mapping=te
x-text;!
Missing character: There is no 。 (U+3002) in font [lmroman8-regular]:mapping=te
x-text;!
Missing character: There is no 与 (U+4E0E) in font [lmroman8-regular]:mapping=te
x-text;!
Missing character: There is no 这 (U+8FD9) in font [lmroman8-regular]:mapping=te
x-text;!
Missing character: There is no 些 (U+4E9B) in font [lmroman8-regular]:mapping=te
x-text;!
Missing character: There is no 基 (U+57FA) in font [lmroman8-regular]:mapping=te
x-text;!
Missing character: There is no 于 (U+4E8E) in font [lmroman8-regular]:mapping=te
x-text;!
Missing character: There is no 渲 (U+6E32) in font [lmroman8-regular]:mapping=te
x-text;!
Missing character: There is no 染 (U+67D3) in font [lmroman8-regular]:mapping=te
x-text;!
Missing character: There is no 的 (U+7684) in font [lmroman8-regular]:mapping=te
x-text;!
Missing character: There is no 方 (U+65B9) in font [lmroman8-regular]:mapping=te
x-text;!
Missing character: There is no 法 (U+6CD5) in font [lmroman8-regular]:mapping=te
x-text;!
Missing character: There is no 不 (U+4E0D) in font [lmroman8-regular]:mapping=te
x-text;!
Missing character: There is no 同 (U+540C) in font [lmroman8-regular]:mapping=te
x-text;!
Missing character: There is no ， (U+FF0C) in font [lmroman8-regular]:mapping=te
x-text;!
Missing character: There is no 将 (U+5C06) in font [lmroman8-regular]:mapping=te
x-text;!
Missing character: There is no 实 (U+5B9E) in font [lmroman8-regular]:mapping=te
x-text;!
Missing character: There is no 施 (U+65BD) in font [lmroman8-regular]:mapping=te
x-text;!
Missing character: There is no 例 (U+4F8B) in font [lmroman8-regular]:mapping=te
x-text;!
Missing character: There is no 转 (U+8F6C) in font [lmroman8-regular]:mapping=te
x-text;!
Missing character: There is no 换 (U+6362) in font [lmroman8-regular]:mapping=te
x-text;!
Missing character: There is no 制 (U+5236) in font [lmroman8-regular]:mapping=te
x-text;!
Missing character: There is no 定 (U+5B9A) in font [lmroman8-regular]:mapping=te
x-text;!
Missing character: There is no 为 (U+4E3A) in font [lmroman8-regular]:mapping=te
x-text;!
Missing character: There is no 无 (U+65E0) in font [lmroman8-regular]:mapping=te
x-text;!
Missing character: There is no 配 (U+914D) in font [lmroman8-regular]:mapping=te
x-text;!
Missing character: There is no 对 (U+5BF9) in font [lmroman8-regular]:mapping=te
x-text;!
Missing character: There is no 数 (U+6570) in font [lmroman8-regular]:mapping=te
x-text;!
Missing character: There is no 据 (U+636E) in font [lmroman8-regular]:mapping=te
x-text;!
Missing character: There is no 的 (U+7684) in font [lmroman8-regular]:mapping=te
x-text;!
Missing character: There is no 视 (U+89C6) in font [lmroman8-regular]:mapping=te
x-text;!
Missing character: There is no 频 (U+9891) in font [lmroman8-regular]:mapping=te
x-text;!
Missing character: There is no 生 (U+751F) in font [lmroman8-regular]:mapping=te
x-text;!
Missing character: There is no 成 (U+6210) in font [lmroman8-regular]:mapping=te
x-text;!
Missing character: There is no 问 (U+95EE) in font [lmroman8-regular]:mapping=te
x-text;!
Missing character: There is no 题 (U+9898) in font [lmroman8-regular]:mapping=te
x-text;!
Missing character: There is no 。 (U+3002) in font [lmroman8-regular]:mapping=te
x-text;!
Missing character: There is no 它 (U+5B83) in font [lmroman8-regular]:mapping=te
x-text;!
Missing character: There is no 学 (U+5B66) in font [lmroman8-regular]:mapping=te
x-text;!
Missing character: There is no 习 (U+4E60) in font [lmroman8-regular]:mapping=te
x-text;!
Missing character: There is no 将 (U+5C06) in font [lmroman8-regular]:mapping=te
x-text;!
Missing character: There is no 人 (U+4EBA) in font [lmroman8-regular]:mapping=te
x-text;!
Missing character: There is no 类 (U+7C7B) in font [lmroman8-regular]:mapping=te
x-text;!
Missing character: There is no 和 (U+548C) in font [lmroman8-regular]:mapping=te
x-text;!
Missing character: There is no 机 (U+673A) in font [lmroman8-regular]:mapping=te
x-text;!
Missing character: There is no 器 (U+5668) in font [lmroman8-regular]:mapping=te
x-text;!
Missing character: There is no 人 (U+4EBA) in font [lmroman8-regular]:mapping=te
x-text;!
Missing character: There is no 视 (U+89C6) in font [lmroman8-regular]:mapping=te
x-text;!
Missing character: There is no 频 (U+9891) in font [lmroman8-regular]:mapping=te
x-text;!
Missing character: There is no 分 (U+5206) in font [lmroman8-regular]:mapping=te
x-text;!
Missing character: There is no 解 (U+89E3) in font [lmroman8-regular]:mapping=te
x-text;!
Missing character: There is no 为 (U+4E3A) in font [lmroman8-regular]:mapping=te
x-text;!
Missing character: There is no 由 (U+7531) in font [lmroman8-regular]:mapping=te
x-text;!
Missing character: There is no 操 (U+64CD) in font [lmroman8-regular]:mapping=te
x-text;!
Missing character: There is no 纵 (U+7EB5) in font [lmroman8-regular]:mapping=te
x-text;!
Missing character: There is no 器 (U+5668) in font [lmroman8-regular]:mapping=te
x-text;!
Missing character: There is no 姿 (U+59FF) in font [lmroman8-regular]:mapping=te
x-text;!
Missing character: There is no 势 (U+52BF) in font [lmroman8-regular]:mapping=te
x-text;!
Missing character: There is no 提 (U+63D0) in font [lmroman8-regular]:mapping=te
x-text;!
Missing character: There is no 示 (U+793A) in font [lmroman8-regular]:mapping=te
x-text;!
Missing character: There is no 和 (U+548C) in font [lmroman8-regular]:mapping=te
x-text;!
Missing character: There is no 干 (U+5E72) in font [lmroman8-regular]:mapping=te
x-text;!
Missing character: There is no 净 (U+51C0) in font [lmroman8-regular]:mapping=te
x-text;!
Missing character: There is no 的 (U+7684) in font [lmroman8-regular]:mapping=te
x-text;!
Missing character: There is no 背 (U+80CC) in font [lmroman8-regular]:mapping=te
x-text;!
Missing character: There is no 景 (U+666F) in font [lmroman8-regular]:mapping=te
x-text;!
Missing character: There is no 视 (U+89C6) in font [lmroman8-regular]:mapping=te
x-text;!
Missing character: There is no 频 (U+9891) in font [lmroman8-regular]:mapping=te
x-text;!
Missing character: There is no 组 (U+7EC4) in font [lmroman8-regular]:mapping=te
x-text;!
Missing character: There is no 成 (U+6210) in font [lmroman8-regular]:mapping=te
x-text;!
Missing character: There is no 的 (U+7684) in font [lmroman8-regular]:mapping=te
x-text;!
Missing character: There is no 共 (U+5171) in font [lmroman8-regular]:mapping=te
x-text;!
Missing character: There is no 享 (U+4EAB) in font [lmroman8-regular]:mapping=te
x-text;!
Missing character: There is no 表 (U+8868) in font [lmroman8-regular]:mapping=te
x-text;!
Missing character: There is no 示 (U+793A) in font [lmroman8-regular]:mapping=te
x-text;!
Missing character: There is no 。 (U+3002) in font [lmroman8-regular]:mapping=te
x-text;!
Missing character: There is no 然 (U+7136) in font [lmroman8-regular]:mapping=te
x-text;!
Missing character: There is no 后 (U+540E) in font [lmroman8-regular]:mapping=te
x-text;!
Missing character: There is no ， (U+FF0C) in font [lmroman8-regular]:mapping=te
x-text;!
Missing character: There is no 在 (U+5728) in font [lmroman8-regular]:mapping=te
x-text;!
Missing character: There is no 给 (U+7ED9) in font [lmroman8-regular]:mapping=te
x-text;!
Missing character: There is no 定 (U+5B9A) in font [lmroman8-regular]:mapping=te
x-text;!
Missing character: There is no 最 (U+6700) in font [lmroman8-regular]:mapping=te
x-text;!
Missing character: There is no 小 (U+5C0F) in font [lmroman8-regular]:mapping=te
x-text;!
Missing character: There is no 姿 (U+59FF) in font [lmroman8-regular]:mapping=te
x-text;!
Missing character: There is no 态 (U+6001) in font [lmroman8-regular]:mapping=te
x-text;!
Missing character: There is no 指 (U+6307) in font [lmroman8-regular]:mapping=te
x-text;!
Missing character: There is no 示 (U+793A) in font [lmroman8-regular]:mapping=te
x-text;!
Missing character: There is no 器 (U+5668) in font [lmroman8-regular]:mapping=te
x-text;!
Missing character: There is no 和 (U+548C) in font [lmroman8-regular]:mapping=te
x-text;!
Missing character: There is no 背 (U+80CC) in font [lmroman8-regular]:mapping=te
x-text;!
Missing character: There is no 景 (U+666F) in font [lmroman8-regular]:mapping=te
x-text;!
Missing character: There is no 的 (U+7684) in font [lmroman8-regular]:mapping=te
x-text;!
Missing character: There is no 情 (U+60C5) in font [lmroman8-regular]:mapping=te
x-text;!
Missing character: There is no 况 (U+51B5) in font [lmroman8-regular]:mapping=te
x-text;!
Missing character: There is no 下 (U+4E0B) in font [lmroman8-regular]:mapping=te
x-text;!
Missing character: There is no 对 (U+5BF9) in font [lmroman8-regular]:mapping=te
x-text;!
Missing character: There is no 视 (U+89C6) in font [lmroman8-regular]:mapping=te
x-text;!
Missing character: There is no 频 (U+9891) in font [lmroman8-regular]:mapping=te
x-text;!
Missing character: There is no 扩 (U+6269) in font [lmroman8-regular]:mapping=te
x-text;!
Missing character: There is no 散 (U+6563) in font [lmroman8-regular]:mapping=te
x-text;!
Missing character: There is no 模 (U+6A21) in font [lmroman8-regular]:mapping=te
x-text;!
Missing character: There is no 型 (U+578B) in font [lmroman8-regular]:mapping=te
x-text;!
Missing character: There is no 进 (U+8FDB) in font [lmroman8-regular]:mapping=te
x-text;!
Missing character: There is no 行 (U+884C) in font [lmroman8-regular]:mapping=te
x-text;!
Missing character: There is no 微 (U+5FAE) in font [lmroman8-regular]:mapping=te
x-text;!
Missing character: There is no 调 (U+8C03) in font [lmroman8-regular]:mapping=te
x-text;!
Missing character: There is no ， (U+FF0C) in font [lmroman8-regular]:mapping=te
x-text;!
Missing character: There is no 以 (U+4EE5) in font [lmroman8-regular]:mapping=te
x-text;!
Missing character: There is no 从 (U+4ECE) in font [lmroman8-regular]:mapping=te
x-text;!
Missing character: There is no 人 (U+4EBA) in font [lmroman8-regular]:mapping=te
x-text;!
Missing character: There is no 类 (U+7C7B) in font [lmroman8-regular]:mapping=te
x-text;!
Missing character: There is no 演 (U+6F14) in font [lmroman8-regular]:mapping=te
x-text;!
Missing character: There is no 示 (U+793A) in font [lmroman8-regular]:mapping=te
x-text;!
Missing character: There is no 中 (U+4E2D) in font [lmroman8-regular]:mapping=te
x-text;!
Missing character: There is no 合 (U+5408) in font [lmroman8-regular]:mapping=te
x-text;!
Missing character: There is no 成 (U+6210) in font [lmroman8-regular]:mapping=te
x-text;!
Missing character: There is no 时 (U+65F6) in font [lmroman8-regular]:mapping=te
x-text;!
Missing character: There is no 间 (U+95F4) in font [lmroman8-regular]:mapping=te
x-text;!
Missing character: There is no 对 (U+5BF9) in font [lmroman8-regular]:mapping=te
x-text;!
Missing character: There is no 齐 (U+9F50) in font [lmroman8-regular]:mapping=te
x-text;!
Missing character: There is no 的 (U+7684) in font [lmroman8-regular]:mapping=te
x-text;!
Missing character: There is no 机 (U+673A) in font [lmroman8-regular]:mapping=te
x-text;!
Missing character: There is no 器 (U+5668) in font [lmroman8-regular]:mapping=te
x-text;!
Missing character: There is no 人 (U+4EBA) in font [lmroman8-regular]:mapping=te
x-text;!
Missing character: There is no 视 (U+89C6) in font [lmroman8-regular]:mapping=te
x-text;!
Missing character: There is no 频 (U+9891) in font [lmroman8-regular]:mapping=te
x-text;!
Missing character: There is no 。 (U+3002) in font [lmroman8-regular]:mapping=te
x-text;!
Missing character: There is no 该 (U+8BE5) in font [lmroman8-regular]:mapping=te
x-text;!
Missing character: There is no 方 (U+65B9) in font [lmroman8-regular]:mapping=te
x-text;!
Missing character: There is no 案 (U+6848) in font [lmroman8-regular]:mapping=te
x-text;!
Missing character: There is no 避 (U+907F) in font [lmroman8-regular]:mapping=te
x-text;!
Missing character: There is no 免 (U+514D) in font [lmroman8-regular]:mapping=te
x-text;!
Missing character: There is no 了 (U+4E86) in font [lmroman8-regular]:mapping=te
x-text;!
Missing character: There is no 直 (U+76F4) in font [lmroman8-regular]:mapping=te
x-text;!
Missing character: There is no 接 (U+63A5) in font [lmroman8-regular]:mapping=te
x-text;!
Missing character: There is no 机 (U+673A) in font [lmroman8-regular]:mapping=te
x-text;!
Missing character: There is no 器 (U+5668) in font [lmroman8-regular]:mapping=te
x-text;!
Missing character: There is no 人 (U+4EBA) in font [lmroman8-regular]:mapping=te
x-text;!
Missing character: There is no 渲 (U+6E32) in font [lmroman8-regular]:mapping=te
x-text;!
Missing character: There is no 染 (U+67D3) in font [lmroman8-regular]:mapping=te
x-text;!
Missing character: There is no 中 (U+4E2D) in font [lmroman8-regular]:mapping=te
x-text;!
Missing character: There is no 常 (U+5E38) in font [lmroman8-regular]:mapping=te
x-text;!
Missing character: There is no 见 (U+89C1) in font [lmroman8-regular]:mapping=te
x-text;!
Missing character: There is no 的 (U+7684) in font [lmroman8-regular]:mapping=te
x-text;!
Missing character: There is no 浮 (U+6D6E) in font [lmroman8-regular]:mapping=te
x-text;!
Missing character: There is no 动 (U+52A8) in font [lmroman8-regular]:mapping=te
x-text;!
Missing character: There is no 和 (U+548C) in font [lmroman8-regular]:mapping=te
x-text;!
Missing character: There is no 未 (U+672A) in font [lmroman8-regular]:mapping=te
x-text;!
Missing character: There is no 对 (U+5BF9) in font [lmroman8-regular]:mapping=te
x-text;!
Missing character: There is no 准 (U+51C6) in font [lmroman8-regular]:mapping=te
x-text;!
Missing character: There is no 伪 (U+4F2A) in font [lmroman8-regular]:mapping=te
x-text;!
Missing character: There is no 影 (U+5F71) in font [lmroman8-regular]:mapping=te
x-text;!
Missing character: There is no 。 (U+3002) in font [lmroman8-regular]:mapping=te
x-text;!
Missing character: There is no 为 (U+4E3A) in font [lmroman8-regular]:mapping=te
x-text;!
Missing character: There is no 了 (U+4E86) in font [lmroman8-regular]:mapping=te
x-text;!
Missing character: There is no 方 (U+65B9) in font [lmroman8-regular]:mapping=te
x-text;!
Missing character: There is no 便 (U+4FBF) in font [lmroman8-regular]:mapping=te
x-text;!
Missing character: There is no 下 (U+4E0B) in font [lmroman8-regular]:mapping=te
x-text;!
Missing character: There is no 游 (U+6E38) in font [lmroman8-regular]:mapping=te
x-text;!
Missing character: There is no 应 (U+5E94) in font [lmroman8-regular]:mapping=te
x-text;!
Missing character: There is no 用 (U+7528) in font [lmroman8-regular]:mapping=te
x-text;!
Missing character: There is no 程 (U+7A0B) in font [lmroman8-regular]:mapping=te
x-text;!
Missing character: There is no 序 (U+5E8F) in font [lmroman8-regular]:mapping=te
x-text;!
Missing character: There is no ， (U+FF0C) in font [lmroman8-regular]:mapping=te
x-text;!
Missing character: There is no 开 (U+5F00) in font [lmroman8-regular]:mapping=te
x-text;!
Missing character: There is no 发 (U+53D1) in font [lmroman8-regular]:mapping=te
x-text;!
Missing character: There is no 了 (U+4E86) in font [lmroman8-regular]:mapping=te
x-text;!
Missing character: There is no 一 (U+4E00) in font [lmroman8-regular]:mapping=te
x-text;!
Missing character: There is no 款 (U+6B3E) in font [lmroman8-regular]:mapping=te
x-text;!
Missing character: There is no 应 (U+5E94) in font [lmroman8-regular]:mapping=te
x-text;!
Missing character: There is no 用 (U+7528) in font [lmroman8-regular]:mapping=te
x-text;!
Missing character: There is no 程 (U+7A0B) in font [lmroman8-regular]:mapping=te
x-text;!
Missing character: There is no 序 (U+5E8F) in font [lmroman8-regular]:mapping=te
x-text;!
Missing character: There is no ， (U+FF0C) in font [lmroman8-regular]:mapping=te
x-text;!
Missing character: There is no 让 (U+8BA9) in font [lmroman8-regular]:mapping=te
x-text;!
Missing character: There is no 用 (U+7528) in font [lmroman8-regular]:mapping=te
x-text;!
Missing character: There is no 户 (U+6237) in font [lmroman8-regular]:mapping=te
x-text;!
Missing character: There is no 可 (U+53EF) in font [lmroman8-regular]:mapping=te
x-text;!
Missing character: There is no 以 (U+4EE5) in font [lmroman8-regular]:mapping=te
x-text;!
Missing character: There is no 在 (U+5728) in font [lmroman8-regular]:mapping=te
x-text;!
Missing character: There is no 增 (U+589E) in font [lmroman8-regular]:mapping=te
x-text;!
Missing character: There is no 强 (U+5F3A) in font [lmroman8-regular]:mapping=te
x-text;!
Missing character: There is no 现 (U+73B0) in font [lmroman8-regular]:mapping=te
x-text;!
Missing character: There is no 实 (U+5B9E) in font [lmroman8-regular]:mapping=te
x-text;!
Missing character: There is no 中 (U+4E2D) in font [lmroman8-regular]:mapping=te
x-text;!
Missing character: There is no 记 (U+8BB0) in font [lmroman8-regular]:mapping=te
x-text;!
Missing character: There is no 录 (U+5F55) in font [lmroman8-regular]:mapping=te
x-text;!
Missing character: There is no 机 (U+673A) in font [lmroman8-regular]:mapping=te
x-text;!
Missing character: There is no 器 (U+5668) in font [lmroman8-regular]:mapping=te
x-text;!
Missing character: There is no 人 (U+4EBA) in font [lmroman8-regular]:mapping=te
x-text;!
Missing character: There is no 一 (U+4E00) in font [lmroman8-regular]:mapping=te
x-text;!
Missing character: There is no 致 (U+81F4) in font [lmroman8-regular]:mapping=te
x-text;!
Missing character: There is no 的 (U+7684) in font [lmroman8-regular]:mapping=te
x-text;!
Missing character: There is no 操 (U+64CD) in font [lmroman8-regular]:mapping=te
x-text;!
Missing character: There is no 作 (U+4F5C) in font [lmroman8-regular]:mapping=te
x-text;!
Missing character: There is no 演 (U+6F14) in font [lmroman8-regular]:mapping=te
x-text;!
Missing character: There is no 示 (U+793A) in font [lmroman8-regular]:mapping=te
x-text;!
Missing character: There is no 。 (U+3002) in font [lmroman8-regular]:mapping=te
x-text;!
Missing character: There is no 录 (U+5F55) in font [lmroman8-regular]:mapping=te
x-text;!
Missing character: There is no 制 (U+5236) in font [lmroman8-regular]:mapping=te
x-text;!
Missing character: There is no 的 (U+7684) in font [lmroman8-regular]:mapping=te
x-text;!
Missing character: There is no 演 (U+6F14) in font [lmroman8-regular]:mapping=te
x-text;!
Missing character: There is no 示 (U+793A) in font [lmroman8-regular]:mapping=te
x-text;!
Missing character: There is no 可 (U+53EF) in font [lmroman8-regular]:mapping=te
x-text;!
Missing character: There is no 以 (U+4EE5) in font [lmroman8-regular]:mapping=te
x-text;!
Missing character: There is no 直 (U+76F4) in font [lmroman8-regular]:mapping=te
x-text;!
Missing character: There is no 接 (U+63A5) in font [lmroman8-regular]:mapping=te
x-text;!
Missing character: There is no 用 (U+7528) in font [lmroman8-regular]:mapping=te
x-text;!
Missing character: There is no 于 (U+4E8E) in font [lmroman8-regular]:mapping=te
x-text;!
Missing character: There is no 下 (U+4E0B) in font [lmroman8-regular]:mapping=te
x-text;!
Missing character: There is no 面 (U+9762) in font [lmroman8-regular]:mapping=te
x-text;!
Missing character: There is no 的 (U+7684) in font [lmroman8-regular]:mapping=te
x-text;!
Missing character: There is no 行 (U+884C) in font [lmroman8-regular]:mapping=te
x-text;!
Missing character: There is no 为 (U+4E3A) in font [lmroman8-regular]:mapping=te
x-text;!
Missing character: There is no 克 (U+514B) in font [lmroman8-regular]:mapping=te
x-text;!
Missing character: There is no 隆 (U+9686) in font [lmroman8-regular]:mapping=te
x-text;!
Missing character: There is no ， (U+FF0C) in font [lmroman8-regular]:mapping=te
x-text;!
Missing character: There is no 显 (U+663E) in font [lmroman8-regular]:mapping=te
x-text;!
Missing character: There is no 着 (U+7740) in font [lmroman8-regular]:mapping=te
x-text;!
Missing character: There is no 提 (U+63D0) in font [lmroman8-regular]:mapping=te
x-text;!
Missing character: There is no 高 (U+9AD8) in font [lmroman8-regular]:mapping=te
x-text;!
Missing character: There is no 部 (U+90E8) in font [lmroman8-regular]:mapping=te
x-text;!
Missing character: There is no 署 (U+7F72) in font [lmroman8-regular]:mapping=te
x-text;!
Missing character: There is no 效 (U+6548) in font [lmroman8-regular]:mapping=te
x-text;!
Missing character: There is no 率 (U+7387) in font [lmroman8-regular]:mapping=te
x-text;!
Missing character: There is no 。 (U+3002) in font [lmroman8-regular]:mapping=te
x-text;!

Overfull \hbox (736.48717pt too wide) in paragraph at lines 1327--1327
\TU/FandolSong-Regular(0)/m/n/10.95 型 \TU/lmr/m/n/10.95 [$[]$ 
 []


LaTeX Warning: Citation `tang2025trajectory' on page 10 undefined on input line
 1327.


Overfull \hbox (14.26808pt too wide) in paragraph at lines 1327--1327
\TU/FandolSong-Regular(0)/m/n/10.95 来 训 练 端 到 端 的 人 机 视 频 转 换 模 型。|  这 种 范 式 可 
以 更 好 地 概 括 未 知 的 任 务 和 环 境。|  与 \TU/lmr/m/n/10.95 Mitty [$[]$]
 []

[10]

LaTeX Warning: Reference `sec:visual_embeddings' on page 11 undefined on input 
line 1327.


LaTeX Warning: Reference `sec:visual_embeddings' on page 11 undefined on input 
line 1327.

! Missing $ inserted.
<inserted text> 
                $
l.1327 ...相关的动作语义。因此，我们将这种流行的基于潜在动作的桥接分为两类：来自视觉重建}
                                                  的\textit{潜在动作，它仅通过重建未来的视觉观...
I've inserted a begin-math/end-math symbol since I think
you left one out. Proceed, with fingers crossed.

! Missing $ inserted.
<inserted text> 
                $
l.1327 ...相关的动作语义。因此，我们将这种流行的基于潜在动作的桥接分为两类：来自视觉重建}
                                                  的\textit{潜在动作，它仅通过重建未来的视觉观...
I've inserted a begin-math/end-math symbol since I think
you left one out. Proceed, with fingers crossed.


LaTeX Warning: Citation `nair2022r3m' on page 11 undefined on input line 1327.


LaTeX Warning: Citation `xiao2022masked' on page 11 undefined on input line 132
7.


LaTeX Warning: Citation `zhu2025learning' on page 11 undefined on input line 13
27.


LaTeX Warning: Citation `punamiya2025egobridge' on page 11 undefined on input l
ine 1327.


LaTeX Warning: Citation `chen2021learning' on page 11 undefined on input line 1
327.


LaTeX Warning: Citation `nair2022r3m' on page 11 undefined on input line 1327.


LaTeX Warning: Citation `xiao2022masked' on page 11 undefined on input line 132
7.


LaTeX Warning: Citation `zhu2025learning' on page 11 undefined on input line 13
27.


LaTeX Warning: Citation `punamiya2025egobridge' on page 11 undefined on input l
ine 1327.


LaTeX Warning: Citation `chen2021learning' on page 11 undefined on input line 1
327.


LaTeX Warning: Reference `fig:visual_embeddings_timeline' on page 11 undefined 
on input line 1327.


LaTeX Warning: Citation `sermanet2017time' on page 11 undefined on input line 1
327.


LaTeX Warning: Reference `fig:visual_embeddings_transfer' on page 11 undefined 
on input line 1327.


LaTeX Warning: Citation `bhateja2023robotic' on page 11 undefined on input line
 1327.


LaTeX Warning: Citation `li2024ag2manip' on page 11 undefined on input line 132
7.


LaTeX Warning: Citation `xiong2025ag2x2' on page 11 undefined on input line 132
7.

[11]

LaTeX Warning: Reference `fig:visual_embeddings_transfer' on page 12 undefined 
on input line 1327.


LaTeX Warning: Citation `xiao2022masked' on page 12 undefined on input line 132
7.


LaTeX Warning: Citation `radosavovic2023real' on page 12 undefined on input lin
e 1327.


LaTeX Warning: Citation `karamcheti2023language' on page 12 undefined on input 
line 1327.


LaTeX Warning: Citation `karamcheti2023language' on page 12 undefined on input 
line 1327.


LaTeX Warning: Citation `liu2024masked' on page 12 undefined on input line 1327
.


LaTeX Warning: Citation `ye2026visual' on page 12 undefined on input line 1327.



LaTeX Warning: Citation `majumdar2023we' on page 12 undefined on input line 132
7.


LaTeX Warning: Citation `dasari2023unbiased' on page 12 undefined on input line
 1327.


LaTeX Warning: Citation `dasari2023unbiased' on page 12 undefined on input line
 1327.


LaTeX Warning: Citation `majumdar2023we' on page 12 undefined on input line 132
7.


LaTeX Warning: Citation `burns2023makes' on page 12 undefined on input line 132
7.


Overfull \hbox (24.66612pt too wide) in paragraph at lines 1327--1327
\TU/FandolSong-Regular(0)/m/n/10.95 他 们 还 观 察 到，|  即 使 是 \TU/lmr/m/n/10.95 Imag
eNet [$[]$]\TU/FandolSong-Regular(0)/m/n/10.95 、| \TU/lmr/m/n/10.95 Kinetics [$
[]$] \TU/FandolSong-Regular(0)/m/n/10.95 和 \TU/lmr/m/n/10.95 100DOH [$[]$]
 []

Missing character: There is no 〜 (U+301C) in font [FandolSong-Regular.otf]/OT:s
cript=hani;language=dflt;!

LaTeX Warning: Reference `fig:visual_embeddings_transfer' on page 12 undefined 
on input line 1327.


LaTeX Warning: Citation `rothfuss2018deep' on page 12 undefined on input line 1
327.


LaTeX Warning: Citation `zeng2024learning' on page 12 undefined on input line 1
327.


LaTeX Warning: Citation `zhu2025learning' on page 12 undefined on input line 13
27.


LaTeX Warning: Citation `wu2023unleashing' on page 12 undefined on input line 1
327.


Overfull \hbox (59.62843pt too wide) in paragraph at lines 1327--1327
\TU/FandolSong-Regular(0)/m/n/10.95 重 新 审 视 了 连 续 视 频 剪 辑 的 直 接 预 测，|  作 为 视 觉 
预 训 练 的 更 丰 富 的 监 督 信 号。|  例 如，| \TU/lmr/m/n/10.95 GVF-TAPE [$[]$]
 []

[12]

LaTeX Warning: Reference `fig:visual_embeddings_transfer' on page 13 undefined 
on input line 1327.


LaTeX Warning: Citation `schmeckpeper2020reinforcement' on page 13 undefined on
 input line 1327.


LaTeX Warning: Citation `kedia2025one' on page 13 undefined on input line 1327.



LaTeX Warning: Citation `punamiya2025egobridge' on page 13 undefined on input l
ine 1327.


LaTeX Warning: Citation `punamiya2025egobridge' on page 13 undefined on input l
ine 1327.


LaTeX Warning: Citation `liu2025immimic' on page 13 undefined on input line 132
7.


LaTeX Warning: Citation `zhou2025mitigating' on page 13 undefined on input line
 1327.

[13]

LaTeX Warning: Reference `fig:visual_embeddings_transfer' on page 14 undefined 
on input line 1327.


LaTeX Warning: Citation `liu2018imitation' on page 14 undefined on input line 1
327.


LaTeX Warning: Citation `huo2023efficient' on page 14 undefined on input line 1
327.


LaTeX Warning: Citation `qian2024contrast' on page 14 undefined on input line 1
327.


LaTeX Warning: Citation `mendonca2023structured' on page 14 undefined on input 
line 1327.


LaTeX Warning: Citation `goswami2025world' on page 14 undefined on input line 1
327.


LaTeX Warning: Citation `smith2020avid' on page 14 undefined on input line 1327
.


LaTeX Warning: Citation `smith2020avid' on page 14 undefined on input line 1327
.


LaTeX Warning: Citation `chen2021learning' on page 14 undefined on input line 1
327.


LaTeX Warning: Citation `smith2020avid' on page 14 undefined on input line 1327
.


LaTeX Warning: Citation `chane2023learning' on page 14 undefined on input line 
1327.

[14]
! Missing $ inserted.
<inserted text> 
                $
l.1327 ...相关的动作语义。因此，我们将这种流行的基于潜在动作的桥接分为两类：来自视觉重建}
                                                  的\textit{潜在动作，它仅通过重建未来的视觉观...
I've inserted a begin-math/end-math symbol since I think
you left one out. Proceed, with fingers crossed.

! Missing $ inserted.
<inserted text> 
                $
l.1327 ...相关的动作语义。因此，我们将这种流行的基于潜在动作的桥接分为两类：来自视觉重建}
                                                  的\textit{潜在动作，它仅通过重建未来的视觉观...
I've inserted a begin-math/end-math symbol since I think
you left one out. Proceed, with fingers crossed.


LaTeX Warning: Citation `zhang2020mediapipe' on page 15 undefined on input line
 1327.


LaTeX Warning: Citation `labbe2022megapose' on page 15 undefined on input line 
1327.


LaTeX Warning: Citation `sivakumar2022robotic' on page 15 undefined on input li
ne 1327.


LaTeX Warning: Citation `qin2022dexmv' on page 15 undefined on input line 1327.



LaTeX Warning: Citation `cheng2023towards' on page 15 undefined on input line 1
327.


LaTeX Warning: Citation `wen2023bundlesdf' on page 15 undefined on input line 1
327.


LaTeX Warning: Citation `wang2023mimicplay' on page 15 undefined on input line 
1327.


LaTeX Warning: Citation `kumar2023graph' on page 15 undefined on input line 132
7.


LaTeX Warning: Citation `bahl2023affordances' on page 15 undefined on input lin
e 1327.


LaTeX Warning: Citation `wen2023any' on page 15 undefined on input line 1327.


LaTeX Warning: Citation `karaev2024cotracker' on page 15 undefined on input lin
e 1327.


LaTeX Warning: Citation `bahety2024screwmimic' on page 15 undefined on input li
ne 1327.


LaTeX Warning: Citation `kerr2024robot' on page 15 undefined on input line 1327
.


LaTeX Warning: Citation `zhang2025hawor' on page 15 undefined on input line 132
7.


LaTeX Warning: Citation `xiao2025spatialtrackerv2' on page 15 undefined on inpu
t line 1327.


LaTeX Warning: Citation `chen2025visa' on page 15 undefined on input line 1327.



LaTeX Warning: Citation `hsieh2025dexman' on page 15 undefined on input line 13
27.


LaTeX Warning: Citation `hsu2025spot' on page 15 undefined on input line 1327.


LaTeX Warning: Citation `chen2025web2grasp' on page 15 undefined on input line 
1327.


LaTeX Warning: Citation `zhou2025you' on page 15 undefined on input line 1327.


LaTeX Warning: Citation `cong2025dytact' on page 15 undefined on input line 132
7.


LaTeX Warning: Citation `wang2026paws' on page 15 undefined on input line 1327.



LaTeX Warning: Citation `zhang2020mediapipe' on page 15 undefined on input line
 1327.


LaTeX Warning: Citation `labbe2022megapose' on page 15 undefined on input line 
1327.


LaTeX Warning: Citation `sivakumar2022robotic' on page 15 undefined on input li
ne 1327.


LaTeX Warning: Citation `qin2022dexmv' on page 15 undefined on input line 1327.



LaTeX Warning: Citation `cheng2023towards' on page 15 undefined on input line 1
327.


LaTeX Warning: Citation `wen2023bundlesdf' on page 15 undefined on input line 1
327.


LaTeX Warning: Citation `wang2023mimicplay' on page 15 undefined on input line 
1327.


LaTeX Warning: Citation `kumar2023graph' on page 15 undefined on input line 132
7.


LaTeX Warning: Citation `bahl2023affordances' on page 15 undefined on input lin
e 1327.


LaTeX Warning: Citation `wen2023any' on page 15 undefined on input line 1327.


LaTeX Warning: Citation `karaev2024cotracker' on page 15 undefined on input lin
e 1327.


LaTeX Warning: Citation `bahety2024screwmimic' on page 15 undefined on input li
ne 1327.


LaTeX Warning: Citation `kerr2024robot' on page 15 undefined on input line 1327
.


LaTeX Warning: Citation `zhang2025hawor' on page 15 undefined on input line 132
7.


LaTeX Warning: Citation `xiao2025spatialtrackerv2' on page 15 undefined on inpu
t line 1327.


LaTeX Warning: Citation `chen2025visa' on page 15 undefined on input line 1327.



LaTeX Warning: Citation `hsieh2025dexman' on page 15 undefined on input line 13
27.


LaTeX Warning: Citation `hsu2025spot' on page 15 undefined on input line 1327.


LaTeX Warning: Citation `chen2025web2grasp' on page 15 undefined on input line 
1327.


LaTeX Warning: Citation `zhou2025you' on page 15 undefined on input line 1327.


LaTeX Warning: Citation `cong2025dytact' on page 15 undefined on input line 132
7.


LaTeX Warning: Citation `wang2026paws' on page 15 undefined on input line 1327.



LaTeX Warning: Citation `bahl2023affordances' on page 15 undefined on input lin
e 1327.

[15]

LaTeX Warning: Reference `fig:hoi_affordances' on page 16 undefined on input li
ne 1327.


LaTeX Warning: Citation `shan2020understanding' on page 16 undefined on input l
ine 1327.


LaTeX Warning: Citation `goyal2022human' on page 16 undefined on input line 132
7.


LaTeX Warning: Citation `cheng2023towards' on page 16 undefined on input line 1
327.


LaTeX Warning: Citation `kirillov2023segment' on page 16 undefined on input lin
e 1327.


LaTeX Warning: Citation `zhang2023faster' on page 16 undefined on input line 13
27.


LaTeX Warning: Citation `ren2024grounded' on page 16 undefined on input line 13
27.


LaTeX Warning: Citation `ravi2024sam' on page 16 undefined on input line 1327.


LaTeX Warning: Citation `carion2025sam' on page 16 undefined on input line 1327
.


Overfull \hbox (407.23079pt too wide) in paragraph at lines 1327--1327
\TU/FandolSong-Regular(0)/m/n/10.95 预 先 训 练 的 \TU/lmr/m/n/10.95 HOI \TU/FandolS
ong-Regular(0)/m/n/10.95 检 测 器 随 后 成 为 在 后 续 各 种 \TU/lmr/m/n/10.95 LfHV \TU/Fan
dolSong-Regular(0)/m/n/10.95 作 品  \TU/lmr/m/n/10.95 [$[]$]
 []


Overfull \hbox (41.91902pt too wide) in paragraph at lines 1327--1327
\TU/FandolSong-Regular(0)/m/n/10.95 使 用。|  它 也 被 用 作 多 个 \TU/lmr/m/n/10.95 LfHV
 \TU/FandolSong-Regular(0)/m/n/10.95 作 品 中 的 现 成 分 段 器 \TU/lmr/m/n/10.95 [$[]$]
\TU/FandolSong-Regular(0)/m/n/10.95 。| \TU/lmr/m/n/10.95 GLIP [$[]$]\TU/FandolS
ong-Regular(0)/m/n/10.95 、|
 []


Overfull \hbox (0.25996pt too wide) in paragraph at lines 1327--1327
\TU/lmr/m/n/10.95 GroundingDINO [$[]$]\TU/FandolSong-Regular(0)/m/n/10.95 、| \T
U/lmr/m/n/10.95 YOLO \TU/FandolSong-Regular(0)/m/n/10.95 系 列 \TU/lmr/m/n/10.95 
[$[]$]
 []


Overfull \hbox (219.6933pt too wide) in paragraph at lines 1327--1327
\TU/FandolSong-Regular(0)/m/n/10.95 提 取 手 部 物 体 边 界 框 和 分 割 掩 模 \TU/lmr/m/n/10.
95 [$[]$]\TU/FandolSong-Regular(0)/m/n/10.95 。| 
 []


Overfull \hbox (90.6207pt too wide) in paragraph at lines 1327--1327
\TU/FandolSong-Regular(0)/m/n/10.95 成 部 分。|  它 们 主 要 用 于 生 成 物 体 运 动 流 并 进 一 步 
恢 复 刚 性 变 换。|  例 如，| \TU/lmr/m/n/10.95 CoTracker \TU/FandolSong-Regular(0)/m/n/
10.95 系 列 \TU/lmr/m/n/10.95 [$[]$]
 []


Overfull \hbox (611.00758pt too wide) in paragraph at lines 1327--1327
\TU/FandolSong-Regular(0)/m/n/10.95 迹。|  这 使 得 它 们 对 \TU/lmr/m/n/10.95 LfHV \TU
/FandolSong-Regular(0)/m/n/10.95 研 究 特 别 有 吸 引 力 \TU/lmr/m/n/10.95 [$[]$]\TU/Fa
ndolSong-Regular(0)/m/n/10.95 ，|
 []


Overfull \hbox (11.99669pt too wide) in paragraph at lines 1327--1327
\TU/FandolSong-Regular(0)/m/n/10.95 因 为 以 自 我 为 中 心 的 人 类 视 频 本 质 上 涉 及 手 和 被 操
 纵 物 体 之 间 频 繁 的 相 互 遮 挡。| \TU/lmr/m/n/10.95 TAPIR [$[]$]
 []


Overfull \hbox (185.36382pt too wide) in paragraph at lines 1327--1327
\TU/FandolSong-Regular(0)/m/n/10.95 替 代 方 案。|  它 们 保 持 时 间 相 干 轨 迹 的 能 力 也 使 它 
们 非 常 适 合 在 一 些 \TU/lmr/m/n/10.95 LfHV \TU/FandolSong-Regular(0)/m/n/10.95 作 品 
 \TU/lmr/m/n/10.95 [$[]$]
 []

Missing character: There is no 〜 (U+301C) in font [FandolSong-Regular.otf]/OT:s
cript=hani;language=dflt;!

LaTeX Warning: Reference `fig:hoi_affordances' on page 16 undefined on input li
ne 1327.


LaTeX Warning: Citation `ma2025uni' on page 16 undefined on input line 1327.


Overfull \hbox (169.14929pt too wide) in paragraph at lines 1327--1327
\TU/FandolSong-Regular(0)/m/n/10.95 束 的 人 类 视 频 中 提 取 可 扩 展 的 以 手 为 中 心 的 可 供 性
 \TU/lmr/m/n/10.95 [$[]$]\TU/FandolSong-Regular(0)/m/n/10.95 。|
 []


Overfull \hbox (364.75125pt too wide) in paragraph at lines 1327--1327
\TU/FandolSong-Regular(0)/m/n/10.95 于 从 人 类 视 频 中 恢 复 \TU/lmr/m/n/10.95 3D \TU/
FandolSong-Regular(0)/m/n/10.95 手 部 运 动 线 索，|  作 为 \TU/lmr/m/n/10.95 LfHV \TU/F
andolSong-Regular(0)/m/n/10.95 文 献  \TU/lmr/m/n/10.95 [$[]$]
 []


Overfull \hbox (269.10036pt too wide) in paragraph at lines 1327--1327
\TU/lmr/m/n/10.95 LfHV \TU/FandolSong-Regular(0)/m/n/10.95 设 置，|  而 不 是 单 独 的 稀
 疏 地 标  \TU/lmr/m/n/10.95 [$[]$]\TU/FandolSong-Regular(0)/m/n/10.95 。|
 []


Overfull \hbox (93.23474pt too wide) in paragraph at lines 1327--1327
\TU/FandolSong-Regular(0)/m/n/10.95 目 视 频 跟 踪，|  这 对 于 从 人 类 视 频 中 进 行 大 规 模 可 
供 性 提 取 很 有 用 \TU/lmr/m/n/10.95 [$[]$]\TU/FandolSong-Regular(0)/m/n/10.95 。|
 []

[16]

LaTeX Warning: Reference `fig:hoi_affordances' on page 17 undefined on input li
ne 1327.


Overfull \hbox (25.97913pt too wide) in paragraph at lines 1327--1327
\TU/FandolSong-Regular(0)/m/n/10.95 直 接 为 目 标 人 体 视 频 帧 \TU/lmr/m/n/10.95 [$[]$
]
 []

Missing character: There is no 〜 (U+301C) in font [FandolSong-Regular.otf]/OT:s
cript=hani;language=dflt;!

Overfull \hbox (47.79504pt too wide) in paragraph at lines 1327--1327
[]\TU/FandolSong-Regular(0)/m/n/10.95 可 以 基 于 重 建 的 对 象 进 一 步 执 行 对 象 姿 态 估 计。|
  给 定 \TU/lmr/m/n/10.95 CAD \TU/FandolSong-Regular(0)/m/n/10.95 模 型 和 感 兴 趣 区 域
，| \TU/lmr/m/n/10.95 MegaPose [$[]$]
 []


Overfull \hbox (450.5335pt too wide) in paragraph at lines 1327--1327
\TU/lmr/m/n/10.95 LfHV \TU/FandolSong-Regular(0)/m/n/10.95 设 置 中 实 现 更 强 的 泛 化 
和 更 鲁 棒 的 姿 势 跟 踪  |〜| \TU/lmr/m/n/10.95 [$[]$]\TU/FandolSong-Regular(0)/m/n/10
.95 。|
 []

Missing character: There is no 〜 (U+301C) in font [FandolSong-Regular.otf]/OT:s
cript=hani;language=dflt;!

LaTeX Warning: Reference `fig:hoi_affordances' on page 17 undefined on input li
ne 1327.


Overfull \hbox (168.9745pt too wide) in paragraph at lines 1327--1327
[]\TU/FandolSong-Regular(0)/m/n/10.95 为 了 实 现 更 通 用 的 无 模 型 \TU/lmr/m/n/10.95 6
D \TU/FandolSong-Regular(0)/m/n/10.95 物 体 姿 态 估 计，|  一 些 研 究 人 员  |〜| \TU/lmr/m
/n/10.95 [$[]$]
 []


Overfull \hbox (149.53526pt too wide) in paragraph at lines 1327--1327
\TU/FandolSong-Regular(0)/m/n/10.95 频 深 度 估 计 集 成 到 统 一 的 基 于 \TU/lmr/m/n/10.95
 Transformer \TU/FandolSong-Regular(0)/m/n/10.95 的 跟 踪 框 架 中，|  从 而 能 够 从 人 类 视
 频 \TU/lmr/m/n/10.95 [$[]$]
 []

[17]

LaTeX Warning: Reference `fig:hoi_affordances' on page 18 undefined on input li
ne 1327.


LaTeX Warning: Reference `fig:affordances_transfer' on page 18 undefined on inp
ut line 1327.


LaTeX Warning: Reference `fig:affordances_timeline' on page 18 undefined on inp
ut line 1327.

! Missing $ inserted.
<inserted text> 
                $
l.1327 ...相关的动作语义。因此，我们将这种流行的基于潜在动作的桥接分为两类：来自视觉重建}
                                                  的\textit{潜在动作，它仅通过重建未来的视觉观...
I've inserted a begin-math/end-math symbol since I think
you left one out. Proceed, with fingers crossed.

! Missing $ inserted.
<inserted text> 
                $
l.1327 ...相关的动作语义。因此，我们将这种流行的基于潜在动作的桥接分为两类：来自视觉重建}
                                                  的\textit{潜在动作，它仅通过重建未来的视觉观...
I've inserted a begin-math/end-math symbol since I think
you left one out. Proceed, with fingers crossed.


! Package tikz Error: A node must have a (possibly empty) label text.

See the tikz package documentation for explanation.
Type  H <return>  for immediate help.
 ...                                              
                                                  
l.1327 ...相关的动作语义。因此，我们将这种流行的基于潜在动作的桥接分为两类：来自视觉重建}
                                                  的\textit{潜在动作，它仅通过重建未来的视觉观...
This error message was generated by an \errmessage
command, so I can't give any explicit help.
Pretend that you're Hercule Poirot: Examine all clues,
and deduce the truth by order and method.


! Package tikz Error: Giving up on this path. Did you forget a semicolon?.

See the tikz package documentation for explanation.
Type  H <return>  for immediate help.
 ...                                              
                                                  
l.1327 ...相关的动作语义。因此，我们将这种流行的基于潜在动作的桥接分为两类：来自视觉重建}
                                                  的\textit{潜在动作，它仅通过重建未来的视觉观...
(That was another \errmessage.)

Missing character: There is no ( ("28) in font nullfont!
Missing character: There is no 0 ("30) in font nullfont!
Missing character: There is no . ("2E) in font nullfont!
Missing character: There is no 9 ("39) in font nullfont!
Missing character: There is no 0 ("30) in font nullfont!
Missing character: There is no , ("2C) in font nullfont!
Missing character: There is no 1 ("31) in font nullfont!
Missing character: There is no . ("2E) in font nullfont!
Missing character: There is no 8 ("38) in font nullfont!
Missing character: There is no 7 ("37) in font nullfont!
Missing character: There is no ) ("29) in font nullfont!
Missing character: There is no l ("6C) in font nullfont!
Missing character: There is no e ("65) in font nullfont!
Missing character: There is no e ("65) in font nullfont!
Missing character: There is no 2 ("32) in font nullfont!
Missing character: There is no 0 ("30) in font nullfont!
Missing character: There is no 1 ("31) in font nullfont!
Missing character: There is no 7 ("37) in font nullfont!
Missing character: There is no l ("6C) in font nullfont!
Missing character: There is no e ("65) in font nullfont!
Missing character: There is no a ("61) in font nullfont!
Missing character: There is no r ("72) in font nullfont!
Missing character: There is no n ("6E) in font nullfont!
Missing character: There is no i ("69) in font nullfont!
Missing character: There is no n ("6E) in font nullfont!
Missing character: There is no g ("67) in font nullfont!
Missing character: There is no l ("6C) in font nullfont!
Missing character: There is no e ("65) in font nullfont!
Missing character: There is no e ("65) in font nullfont!
Missing character: There is no 2 ("32) in font nullfont!
Missing character: There is no 0 ("30) in font nullfont!
Missing character: There is no 1 ("31) in font nullfont!
Missing character: There is no 7 ("37) in font nullfont!
Missing character: There is no l ("6C) in font nullfont!
Missing character: There is no e ("65) in font nullfont!
Missing character: There is no a ("61) in font nullfont!
Missing character: There is no r ("72) in font nullfont!
Missing character: There is no n ("6E) in font nullfont!
Missing character: There is no i ("69) in font nullfont!
Missing character: There is no n ("6E) in font nullfont!
Missing character: There is no g ("67) in font nullfont!
Missing character: There is no ; ("3B) in font nullfont!

! Package tikz Error: A node must have a (possibly empty) label text.

See the tikz package documentation for explanation.
Type  H <return>  for immediate help.
 ...                                              
                                                  
l.1327 ...相关的动作语义。因此，我们将这种流行的基于潜在动作的桥接分为两类：来自视觉重建}
                                                  的\textit{潜在动作，它仅通过重建未来的视觉观...
(That was another \errmessage.)


! Package tikz Error: Giving up on this path. Did you forget a semicolon?.

See the tikz package documentation for explanation.
Type  H <return>  for immediate help.
 ...                                              
                                                  
l.1327 ...相关的动作语义。因此，我们将这种流行的基于潜在动作的桥接分为两类：来自视觉重建}
                                                  的\textit{潜在动作，它仅通过重建未来的视觉观...
(That was another \errmessage.)

Missing character: There is no ( ("28) in font nullfont!
Missing character: There is no 1 ("31) in font nullfont!
Missing character: There is no . ("2E) in font nullfont!
Missing character: There is no 8 ("38) in font nullfont!
Missing character: There is no 0 ("30) in font nullfont!
Missing character: There is no , ("2C) in font nullfont!
Missing character: There is no - ("2D) in font nullfont!
Missing character: There is no 1 ("31) in font nullfont!
Missing character: There is no . ("2E) in font nullfont!
Missing character: There is no 7 ("37) in font nullfont!
Missing character: There is no 6 ("36) in font nullfont!
Missing character: There is no 9 ("39) in font nullfont!
Missing character: There is no 9 ("39) in font nullfont!
Missing character: There is no 9 ("39) in font nullfont!
Missing character: There is no ) ("29) in font nullfont!
Missing character: There is no s ("73) in font nullfont!
Missing character: There is no i ("69) in font nullfont!
Missing character: There is no e ("65) in font nullfont!
Missing character: There is no b ("62) in font nullfont!
Missing character: There is no 2 ("32) in font nullfont!
Missing character: There is no 0 ("30) in font nullfont!
Missing character: There is no 2 ("32) in font nullfont!
Missing character: There is no 0 ("30) in font nullfont!
Missing character: There is no g ("67) in font nullfont!
Missing character: There is no r ("72) in font nullfont!
Missing character: There is no a ("61) in font nullfont!
Missing character: There is no p ("70) in font nullfont!
Missing character: There is no h ("68) in font nullfont!
Missing character: There is no s ("73) in font nullfont!
Missing character: There is no i ("69) in font nullfont!
Missing character: There is no e ("65) in font nullfont!
Missing character: There is no b ("62) in font nullfont!
Missing character: There is no 2 ("32) in font nullfont!
Missing character: There is no 0 ("30) in font nullfont!
Missing character: There is no 2 ("32) in font nullfont!
Missing character: There is no 0 ("30) in font nullfont!
Missing character: There is no g ("67) in font nullfont!
Missing character: There is no r ("72) in font nullfont!
Missing character: There is no a ("61) in font nullfont!
Missing character: There is no p ("70) in font nullfont!
Missing character: There is no h ("68) in font nullfont!
Missing character: There is no ; ("3B) in font nullfont!

! Package tikz Error: A node must have a (possibly empty) label text.

See the tikz package documentation for explanation.
Type  H <return>  for immediate help.
 ...                                              
                                                  
l.1327 ...相关的动作语义。因此，我们将这种流行的基于潜在动作的桥接分为两类：来自视觉重建}
                                                  的\textit{潜在动作，它仅通过重建未来的视觉观...
(That was another \errmessage.)


! Package tikz Error: Giving up on this path. Did you forget a semicolon?.

See the tikz package documentation for explanation.
Type  H <return>  for immediate help.
 ...                                              
                                                  
l.1327 ...相关的动作语义。因此，我们将这种流行的基于潜在动作的桥接分为两类：来自视觉重建}
                                                  的\textit{潜在动作，它仅通过重建未来的视觉观...
(That was another \errmessage.)

Missing character: There is no ( ("28) in font nullfont!
Missing character: There is no 2 ("32) in font nullfont!
Missing character: There is no . ("2E) in font nullfont!
Missing character: There is no 7 ("37) in font nullfont!
Missing character: There is no 0 ("30) in font nullfont!
Missing character: There is no , ("2C) in font nullfont!
Missing character: There is no 3 ("33) in font nullfont!
Missing character: There is no . ("2E) in font nullfont!
Missing character: There is no 1 ("31) in font nullfont!
Missing character: There is no 7 ("37) in font nullfont!
Missing character: There is no ) ("29) in font nullfont!
Missing character: There is no d ("64) in font nullfont!
Missing character: There is no a ("61) in font nullfont!
Missing character: There is no s ("73) in font nullfont!
Missing character: There is no 2 ("32) in font nullfont!
Missing character: There is no 0 ("30) in font nullfont!
Missing character: There is no 2 ("32) in font nullfont!
Missing character: There is no 1 ("31) in font nullfont!
Missing character: There is no m ("6D) in font nullfont!
Missing character: There is no o ("6F) in font nullfont!
Missing character: There is no d ("64) in font nullfont!
Missing character: There is no e ("65) in font nullfont!
Missing character: There is no l ("6C) in font nullfont!
Missing character: There is no d ("64) in font nullfont!
Missing character: There is no a ("61) in font nullfont!
Missing character: There is no s ("73) in font nullfont!
Missing character: There is no 2 ("32) in font nullfont!
Missing character: There is no 0 ("30) in font nullfont!
Missing character: There is no 2 ("32) in font nullfont!
Missing character: There is no 1 ("31) in font nullfont!
Missing character: There is no m ("6D) in font nullfont!
Missing character: There is no o ("6F) in font nullfont!
Missing character: There is no d ("64) in font nullfont!
Missing character: There is no e ("65) in font nullfont!
Missing character: There is no l ("6C) in font nullfont!
Missing character: There is no ; ("3B) in font nullfont!

! Package tikz Error: A node must have a (possibly empty) label text.

See the tikz package documentation for explanation.
Type  H <return>  for immediate help.
 ...                                              
                                                  
l.1327 ...相关的动作语义。因此，我们将这种流行的基于潜在动作的桥接分为两类：来自视觉重建}
                                                  的\textit{潜在动作，它仅通过重建未来的视觉观...
(That was another \errmessage.)


! Package tikz Error: Giving up on this path. Did you forget a semicolon?.

See the tikz package documentation for explanation.
Type  H <return>  for immediate help.
 ...                                              
                                                  
l.1327 ...相关的动作语义。因此，我们将这种流行的基于潜在动作的桥接分为两类：来自视觉重建}
                                                  的\textit{潜在动作，它仅通过重建未来的视觉观...
(That was another \errmessage.)

Missing character: There is no ( ("28) in font nullfont!
Missing character: There is no 3 ("33) in font nullfont!
Missing character: There is no . ("2E) in font nullfont!
Missing character: There is no 6 ("36) in font nullfont!
Missing character: There is no 0 ("30) in font nullfont!
Missing character: There is no , ("2C) in font nullfont!
Missing character: There is no - ("2D) in font nullfont!
Missing character: There is no 3 ("33) in font nullfont!
Missing character: There is no . ("2E) in font nullfont!
Missing character: There is no 0 ("30) in font nullfont!
Missing character: There is no 6 ("36) in font nullfont!
Missing character: There is no 9 ("39) in font nullfont!
Missing character: There is no 9 ("39) in font nullfont!
Missing character: There is no 9 ("39) in font nullfont!
Missing character: There is no ) ("29) in font nullfont!
Missing character: There is no p ("70) in font nullfont!
Missing character: There is no a ("61) in font nullfont!
Missing character: There is no t ("74) in font nullfont!
Missing character: There is no e ("65) in font nullfont!
Missing character: There is no l ("6C) in font nullfont!
Missing character: There is no 2 ("32) in font nullfont!
Missing character: There is no 0 ("30) in font nullfont!
Missing character: There is no 2 ("32) in font nullfont!
Missing character: There is no 2 ("32) in font nullfont!
Missing character: There is no l ("6C) in font nullfont!
Missing character: There is no e ("65) in font nullfont!
Missing character: There is no a ("61) in font nullfont!
Missing character: There is no r ("72) in font nullfont!
Missing character: There is no n ("6E) in font nullfont!
Missing character: There is no i ("69) in font nullfont!
Missing character: There is no n ("6E) in font nullfont!
Missing character: There is no g ("67) in font nullfont!
Missing character: There is no p ("70) in font nullfont!
Missing character: There is no a ("61) in font nullfont!
Missing character: There is no t ("74) in font nullfont!
Missing character: There is no e ("65) in font nullfont!
Missing character: There is no l ("6C) in font nullfont!
Missing character: There is no 2 ("32) in font nullfont!
Missing character: There is no 0 ("30) in font nullfont!
Missing character: There is no 2 ("32) in font nullfont!
Missing character: There is no 2 ("32) in font nullfont!
Missing character: There is no l ("6C) in font nullfont!
Missing character: There is no e ("65) in font nullfont!
Missing character: There is no a ("61) in font nullfont!
Missing character: There is no r ("72) in font nullfont!
Missing character: There is no n ("6E) in font nullfont!
Missing character: There is no i ("69) in font nullfont!
Missing character: There is no n ("6E) in font nullfont!
Missing character: There is no g ("67) in font nullfont!
Missing character: There is no ; ("3B) in font nullfont!

! Package tikz Error: A node must have a (possibly empty) label text.

See the tikz package documentation for explanation.
Type  H <return>  for immediate help.
 ...                                              
                                                  
l.1327 ...相关的动作语义。因此，我们将这种流行的基于潜在动作的桥接分为两类：来自视觉重建}
                                                  的\textit{潜在动作，它仅通过重建未来的视觉观...
(That was another \errmessage.)


! Package tikz Error: Giving up on this path. Did you forget a semicolon?.

See the tikz package documentation for explanation.
Type  H <return>  for immediate help.
 ...                                              
                                                  
l.1327 ...相关的动作语义。因此，我们将这种流行的基于潜在动作的桥接分为两类：来自视觉重建}
                                                  的\textit{潜在动作，它仅通过重建未来的视觉观...
(That was another \errmessage.)

Missing character: There is no ( ("28) in font nullfont!
Missing character: There is no 4 ("34) in font nullfont!
Missing character: There is no . ("2E) in font nullfont!
Missing character: There is no 5 ("35) in font nullfont!
Missing character: There is no 0 ("30) in font nullfont!
Missing character: There is no , ("2C) in font nullfont!
Missing character: There is no 4 ("34) in font nullfont!
Missing character: There is no . ("2E) in font nullfont!
Missing character: There is no 4 ("34) in font nullfont!
Missing character: There is no 7 ("37) in font nullfont!
Missing character: There is no ) ("29) in font nullfont!
Missing character: There is no m ("6D) in font nullfont!
Missing character: There is no a ("61) in font nullfont!
Missing character: There is no n ("6E) in font nullfont!
Missing character: There is no d ("64) in font nullfont!
Missing character: There is no i ("69) in font nullfont!
Missing character: There is no k ("6B) in font nullfont!
Missing character: There is no a ("61) in font nullfont!
Missing character: There is no l ("6C) in font nullfont!
Missing character: There is no 2 ("32) in font nullfont!
Missing character: There is no 0 ("30) in font nullfont!
Missing character: There is no 2 ("32) in font nullfont!
Missing character: There is no 2 ("32) in font nullfont!
Missing character: There is no d ("64) in font nullfont!
Missing character: There is no e ("65) in font nullfont!
Missing character: There is no x ("78) in font nullfont!
Missing character: There is no v ("76) in font nullfont!
Missing character: There is no i ("69) in font nullfont!
Missing character: There is no p ("70) in font nullfont!
Missing character: There is no m ("6D) in font nullfont!
Missing character: There is no a ("61) in font nullfont!
Missing character: There is no n ("6E) in font nullfont!
Missing character: There is no d ("64) in font nullfont!
Missing character: There is no i ("69) in font nullfont!
Missing character: There is no k ("6B) in font nullfont!
Missing character: There is no a ("61) in font nullfont!
Missing character: There is no l ("6C) in font nullfont!
Missing character: There is no 2 ("32) in font nullfont!
Missing character: There is no 0 ("30) in font nullfont!
Missing character: There is no 2 ("32) in font nullfont!
Missing character: There is no 2 ("32) in font nullfont!
Missing character: There is no d ("64) in font nullfont!
Missing character: There is no e ("65) in font nullfont!
Missing character: There is no x ("78) in font nullfont!
Missing character: There is no v ("76) in font nullfont!
Missing character: There is no i ("69) in font nullfont!
Missing character: There is no p ("70) in font nullfont!
Missing character: There is no ; ("3B) in font nullfont!

! Package tikz Error: A node must have a (possibly empty) label text.

See the tikz package documentation for explanation.
Type  H <return>  for immediate help.
 ...                                              
                                                  
l.1327 ...相关的动作语义。因此，我们将这种流行的基于潜在动作的桥接分为两类：来自视觉重建}
                                                  的\textit{潜在动作，它仅通过重建未来的视觉观...
(That was another \errmessage.)


! Package tikz Error: Giving up on this path. Did you forget a semicolon?.

See the tikz package documentation for explanation.
Type  H <return>  for immediate help.
 ...                                              
                                                  
l.1327 ...相关的动作语义。因此，我们将这种流行的基于潜在动作的桥接分为两类：来自视觉重建}
                                                  的\textit{潜在动作，它仅通过重建未来的视觉观...
(That was another \errmessage.)

Missing character: There is no ( ("28) in font nullfont!
Missing character: There is no 5 ("35) in font nullfont!
Missing character: There is no . ("2E) in font nullfont!
Missing character: There is no 4 ("34) in font nullfont!
Missing character: There is no 0 ("30) in font nullfont!
Missing character: There is no , ("2C) in font nullfont!
Missing character: There is no - ("2D) in font nullfont!
Missing character: There is no 4 ("34) in font nullfont!
Missing character: There is no . ("2E) in font nullfont!
Missing character: There is no 3 ("33) in font nullfont!
Missing character: There is no 7 ("37) in font nullfont!
Missing character: There is no ) ("29) in font nullfont!
Missing character: There is no s ("73) in font nullfont!
Missing character: There is no i ("69) in font nullfont!
Missing character: There is no v ("76) in font nullfont!
Missing character: There is no a ("61) in font nullfont!
Missing character: There is no k ("6B) in font nullfont!
Missing character: There is no u ("75) in font nullfont!
Missing character: There is no m ("6D) in font nullfont!
Missing character: There is no a ("61) in font nullfont!
Missing character: There is no r ("72) in font nullfont!
Missing character: There is no 2 ("32) in font nullfont!
Missing character: There is no 0 ("30) in font nullfont!
Missing character: There is no 2 ("32) in font nullfont!
Missing character: There is no 2 ("32) in font nullfont!
Missing character: There is no r ("72) in font nullfont!
Missing character: There is no o ("6F) in font nullfont!
Missing character: There is no b ("62) in font nullfont!
Missing character: There is no o ("6F) in font nullfont!
Missing character: There is no t ("74) in font nullfont!
Missing character: There is no i ("69) in font nullfont!
Missing character: There is no c ("63) in font nullfont!
Missing character: There is no s ("73) in font nullfont!
Missing character: There is no i ("69) in font nullfont!
Missing character: There is no v ("76) in font nullfont!
Missing character: There is no a ("61) in font nullfont!
Missing character: There is no k ("6B) in font nullfont!
Missing character: There is no u ("75) in font nullfont!
Missing character: There is no m ("6D) in font nullfont!
Missing character: There is no a ("61) in font nullfont!
Missing character: There is no r ("72) in font nullfont!
Missing character: There is no 2 ("32) in font nullfont!
Missing character: There is no 0 ("30) in font nullfont!
Missing character: There is no 2 ("32) in font nullfont!
Missing character: There is no 2 ("32) in font nullfont!
Missing character: There is no r ("72) in font nullfont!
Missing character: There is no o ("6F) in font nullfont!
Missing character: There is no b ("62) in font nullfont!
Missing character: There is no o ("6F) in font nullfont!
Missing character: There is no t ("74) in font nullfont!
Missing character: There is no i ("69) in font nullfont!
Missing character: There is no c ("63) in font nullfont!
Missing character: There is no ; ("3B) in font nullfont!

! Package tikz Error: A node must have a (possibly empty) label text.

See the tikz package documentation for explanation.
Type  H <return>  for immediate help.
 ...                                              
                                                  
l.1327 ...相关的动作语义。因此，我们将这种流行的基于潜在动作的桥接分为两类：来自视觉重建}
                                                  的\textit{潜在动作，它仅通过重建未来的视觉观...
(That was another \errmessage.)


! Package tikz Error: Giving up on this path. Did you forget a semicolon?.

See the tikz package documentation for explanation.
Type  H <return>  for immediate help.
 ...                                              
                                                  
l.1327 ...相关的动作语义。因此，我们将这种流行的基于潜在动作的桥接分为两类：来自视觉重建}
                                                  的\textit{潜在动作，它仅通过重建未来的视觉观...
(That was another \errmessage.)

Missing character: There is no ( ("28) in font nullfont!
Missing character: There is no 6 ("36) in font nullfont!
Missing character: There is no . ("2E) in font nullfont!
Missing character: There is no 3 ("33) in font nullfont!
Missing character: There is no 0 ("30) in font nullfont!
Missing character: There is no , ("2C) in font nullfont!
Missing character: There is no 1 ("31) in font nullfont!
Missing character: There is no . ("2E) in font nullfont!
Missing character: There is no 8 ("38) in font nullfont!
Missing character: There is no 7 ("37) in font nullfont!
Missing character: There is no ) ("29) in font nullfont!
Missing character: There is no a ("61) in font nullfont!
Missing character: There is no r ("72) in font nullfont!
Missing character: There is no u ("75) in font nullfont!
Missing character: There is no n ("6E) in font nullfont!
Missing character: There is no a ("61) in font nullfont!
Missing character: There is no c ("63) in font nullfont!
Missing character: There is no h ("68) in font nullfont!
Missing character: There is no a ("61) in font nullfont!
Missing character: There is no l ("6C) in font nullfont!
Missing character: There is no a ("61) in font nullfont!
Missing character: There is no m ("6D) in font nullfont!
Missing character: There is no 2 ("32) in font nullfont!
Missing character: There is no 0 ("30) in font nullfont!
Missing character: There is no 2 ("32) in font nullfont!
Missing character: There is no 2 ("32) in font nullfont!
Missing character: There is no d ("64) in font nullfont!
Missing character: There is no e ("65) in font nullfont!
Missing character: There is no x ("78) in font nullfont!
Missing character: There is no t ("74) in font nullfont!
Missing character: There is no e ("65) in font nullfont!
Missing character: There is no r ("72) in font nullfont!
Missing character: There is no o ("6F) in font nullfont!
Missing character: There is no u ("75) in font nullfont!
Missing character: There is no s ("73) in font nullfont!
Missing character: There is no a ("61) in font nullfont!
Missing character: There is no r ("72) in font nullfont!
Missing character: There is no u ("75) in font nullfont!
Missing character: There is no n ("6E) in font nullfont!
Missing character: There is no a ("61) in font nullfont!
Missing character: There is no c ("63) in font nullfont!
Missing character: There is no h ("68) in font nullfont!
Missing character: There is no a ("61) in font nullfont!
Missing character: There is no l ("6C) in font nullfont!
Missing character: There is no a ("61) in font nullfont!
Missing character: There is no m ("6D) in font nullfont!
Missing character: There is no 2 ("32) in font nullfont!
Missing character: There is no 0 ("30) in font nullfont!
Missing character: There is no 2 ("32) in font nullfont!
Missing character: There is no 2 ("32) in font nullfont!
Missing character: There is no d ("64) in font nullfont!
Missing character: There is no e ("65) in font nullfont!
Missing character: There is no x ("78) in font nullfont!
Missing character: There is no t ("74) in font nullfont!
Missing character: There is no e ("65) in font nullfont!
Missing character: There is no r ("72) in font nullfont!
Missing character: There is no o ("6F) in font nullfont!
Missing character: There is no u ("75) in font nullfont!
Missing character: There is no s ("73) in font nullfont!
Missing character: There is no ; ("3B) in font nullfont!

! Package tikz Error: A node must have a (possibly empty) label text.

See the tikz package documentation for explanation.
Type  H <return>  for immediate help.
 ...                                              
                                                  
l.1327 ...相关的动作语义。因此，我们将这种流行的基于潜在动作的桥接分为两类：来自视觉重建}
                                                  的\textit{潜在动作，它仅通过重建未来的视觉观...
(That was another \errmessage.)


! Package tikz Error: Giving up on this path. Did you forget a semicolon?.

See the tikz package documentation for explanation.
Type  H <return>  for immediate help.
 ...                                              
                                                  
l.1327 ...相关的动作语义。因此，我们将这种流行的基于潜在动作的桥接分为两类：来自视觉重建}
                                                  的\textit{潜在动作，它仅通过重建未来的视觉观...
(That was another \errmessage.)

Missing character: There is no ( ("28) in font nullfont!
Missing character: There is no 7 ("37) in font nullfont!
Missing character: There is no . ("2E) in font nullfont!
Missing character: There is no 2 ("32) in font nullfont!
Missing character: There is no 0 ("30) in font nullfont!
Missing character: There is no , ("2C) in font nullfont!
Missing character: There is no - ("2D) in font nullfont!
Missing character: There is no 1 ("31) in font nullfont!
Missing character: There is no . ("2E) in font nullfont!
Missing character: There is no 7 ("37) in font nullfont!
Missing character: There is no 6 ("36) in font nullfont!
Missing character: There is no 9 ("39) in font nullfont!
Missing character: There is no 9 ("39) in font nullfont!
Missing character: There is no 9 ("39) in font nullfont!
Missing character: There is no ) ("29) in font nullfont!
Missing character: There is no q ("71) in font nullfont!
Missing character: There is no i ("69) in font nullfont!
Missing character: There is no n ("6E) in font nullfont!
Missing character: There is no 2 ("32) in font nullfont!
Missing character: There is no 0 ("30) in font nullfont!
Missing character: There is no 2 ("32) in font nullfont!
Missing character: There is no 2 ("32) in font nullfont!
Missing character: There is no o ("6F) in font nullfont!
Missing character: There is no n ("6E) in font nullfont!
Missing character: There is no e ("65) in font nullfont!
Missing character: There is no q ("71) in font nullfont!
Missing character: There is no i ("69) in font nullfont!
Missing character: There is no n ("6E) in font nullfont!
Missing character: There is no 2 ("32) in font nullfont!
Missing character: There is no 0 ("30) in font nullfont!
Missing character: There is no 2 ("32) in font nullfont!
Missing character: There is no 2 ("32) in font nullfont!
Missing character: There is no o ("6F) in font nullfont!
Missing character: There is no n ("6E) in font nullfont!
Missing character: There is no e ("65) in font nullfont!
Missing character: There is no ; ("3B) in font nullfont!

! Package tikz Error: A node must have a (possibly empty) label text.

See the tikz package documentation for explanation.
Type  H <return>  for immediate help.
 ...                                              
                                                  
l.1327 ...相关的动作语义。因此，我们将这种流行的基于潜在动作的桥接分为两类：来自视觉重建}
                                                  的\textit{潜在动作，它仅通过重建未来的视觉观...
(That was another \errmessage.)


! Package tikz Error: Giving up on this path. Did you forget a semicolon?.

See the tikz package documentation for explanation.
Type  H <return>  for immediate help.
 ...                                              
                                                  
l.1327 ...相关的动作语义。因此，我们将这种流行的基于潜在动作的桥接分为两类：来自视觉重建}
                                                  的\textit{潜在动作，它仅通过重建未来的视觉观...
(That was another \errmessage.)

Missing character: There is no ( ("28) in font nullfont!
Missing character: There is no 8 ("38) in font nullfont!
Missing character: There is no . ("2E) in font nullfont!
Missing character: There is no 1 ("31) in font nullfont!
Missing character: There is no 0 ("30) in font nullfont!
Missing character: There is no , ("2C) in font nullfont!
Missing character: There is no 3 ("33) in font nullfont!
Missing character: There is no . ("2E) in font nullfont!
Missing character: There is no 1 ("31) in font nullfont!
Missing character: There is no 7 ("37) in font nullfont!
Missing character: There is no ) ("29) in font nullfont!
Missing character: There is no b ("62) in font nullfont!
Missing character: There is no a ("61) in font nullfont!
Missing character: There is no h ("68) in font nullfont!
Missing character: There is no l ("6C) in font nullfont!
Missing character: There is no 2 ("32) in font nullfont!
Missing character: There is no 0 ("30) in font nullfont!
Missing character: There is no 2 ("32) in font nullfont!
Missing character: There is no 2 ("32) in font nullfont!
Missing character: There is no h ("68) in font nullfont!
Missing character: There is no u ("75) in font nullfont!
Missing character: There is no m ("6D) in font nullfont!
Missing character: There is no a ("61) in font nullfont!
Missing character: There is no n ("6E) in font nullfont!
Missing character: There is no b ("62) in font nullfont!
Missing character: There is no a ("61) in font nullfont!
Missing character: There is no h ("68) in font nullfont!
Missing character: There is no l ("6C) in font nullfont!
Missing character: There is no 2 ("32) in font nullfont!
Missing character: There is no 0 ("30) in font nullfont!
Missing character: There is no 2 ("32) in font nullfont!
Missing character: There is no 2 ("32) in font nullfont!
Missing character: There is no h ("68) in font nullfont!
Missing character: There is no u ("75) in font nullfont!
Missing character: There is no m ("6D) in font nullfont!
Missing character: There is no a ("61) in font nullfont!
Missing character: There is no n ("6E) in font nullfont!
Missing character: There is no ; ("3B) in font nullfont!

! Package tikz Error: A node must have a (possibly empty) label text.

See the tikz package documentation for explanation.
Type  H <return>  for immediate help.
 ...                                              
                                                  
l.1327 ...相关的动作语义。因此，我们将这种流行的基于潜在动作的桥接分为两类：来自视觉重建}
                                                  的\textit{潜在动作，它仅通过重建未来的视觉观...
(That was another \errmessage.)


! Package tikz Error: Giving up on this path. Did you forget a semicolon?.

See the tikz package documentation for explanation.
Type  H <return>  for immediate help.
 ...                                              
                                                  
l.1327 ...相关的动作语义。因此，我们将这种流行的基于潜在动作的桥接分为两类：来自视觉重建}
                                                  的\textit{潜在动作，它仅通过重建未来的视觉观...
(That was another \errmessage.)

Missing character: There is no ( ("28) in font nullfont!
Missing character: There is no 9 ("39) in font nullfont!
Missing character: There is no . ("2E) in font nullfont!
Missing character: There is no 0 ("30) in font nullfont!
Missing character: There is no 0 ("30) in font nullfont!
Missing character: There is no , ("2C) in font nullfont!
Missing character: There is no - ("2D) in font nullfont!
Missing character: There is no 3 ("33) in font nullfont!
Missing character: There is no . ("2E) in font nullfont!
Missing character: There is no 0 ("30) in font nullfont!
Missing character: There is no 6 ("36) in font nullfont!
Missing character: There is no 9 ("39) in font nullfont!
Missing character: There is no 9 ("39) in font nullfont!
Missing character: There is no 9 ("39) in font nullfont!
Missing character: There is no ) ("29) in font nullfont!
Missing character: There is no w ("77) in font nullfont!
Missing character: There is no e ("65) in font nullfont!
Missing character: There is no n ("6E) in font nullfont!
Missing character: There is no 2 ("32) in font nullfont!
Missing character: There is no 0 ("30) in font nullfont!
Missing character: There is no 2 ("32) in font nullfont!
Missing character: There is no 2 ("32) in font nullfont!
Missing character: There is no y ("79) in font nullfont!
Missing character: There is no o ("6F) in font nullfont!
Missing character: There is no u ("75) in font nullfont!
Missing character: There is no w ("77) in font nullfont!
Missing character: There is no e ("65) in font nullfont!
Missing character: There is no n ("6E) in font nullfont!
Missing character: There is no 2 ("32) in font nullfont!
Missing character: There is no 0 ("30) in font nullfont!
Missing character: There is no 2 ("32) in font nullfont!
Missing character: There is no 2 ("32) in font nullfont!
Missing character: There is no y ("79) in font nullfont!
Missing character: There is no o ("6F) in font nullfont!
Missing character: There is no u ("75) in font nullfont!
Missing character: There is no ; ("3B) in font nullfont!

! Package tikz Error: A node must have a (possibly empty) label text.

See the tikz package documentation for explanation.
Type  H <return>  for immediate help.
 ...                                              
                                                  
l.1327 ...相关的动作语义。因此，我们将这种流行的基于潜在动作的桥接分为两类：来自视觉重建}
                                                  的\textit{潜在动作，它仅通过重建未来的视觉观...
(That was another \errmessage.)


! Package tikz Error: Giving up on this path. Did you forget a semicolon?.

See the tikz package documentation for explanation.
Type  H <return>  for immediate help.
 ...                                              
                                                  
l.1327 ...相关的动作语义。因此，我们将这种流行的基于潜在动作的桥接分为两类：来自视觉重建}
                                                  的\textit{潜在动作，它仅通过重建未来的视觉观...
(That was another \errmessage.)

Missing character: There is no ( ("28) in font nullfont!
Missing character: There is no 9 ("39) in font nullfont!
Missing character: There is no . ("2E) in font nullfont!
Missing character: There is no 9 ("39) in font nullfont!
Missing character: There is no 0 ("30) in font nullfont!
Missing character: There is no , ("2C) in font nullfont!
Missing character: There is no 4 ("34) in font nullfont!
Missing character: There is no . ("2E) in font nullfont!
Missing character: There is no 4 ("34) in font nullfont!
Missing character: There is no 7 ("37) in font nullfont!
Missing character: There is no ) ("29) in font nullfont!
Missing character: There is no j ("6A) in font nullfont!
Missing character: There is no i ("69) in font nullfont!
Missing character: There is no a ("61) in font nullfont!
Missing character: There is no n ("6E) in font nullfont!
Missing character: There is no g ("67) in font nullfont!
Missing character: There is no 2 ("32) in font nullfont!
Missing character: There is no 0 ("30) in font nullfont!
Missing character: There is no 2 ("32) in font nullfont!
Missing character: There is no 2 ("32) in font nullfont!
Missing character: There is no d ("64) in font nullfont!
Missing character: There is no i ("69) in font nullfont!
Missing character: There is no t ("74) in font nullfont!
Missing character: There is no t ("74) in font nullfont!
Missing character: There is no o ("6F) in font nullfont!
Missing character: There is no j ("6A) in font nullfont!
Missing character: There is no i ("69) in font nullfont!
Missing character: There is no a ("61) in font nullfont!
Missing character: There is no n ("6E) in font nullfont!
Missing character: There is no g ("67) in font nullfont!
Missing character: There is no 2 ("32) in font nullfont!
Missing character: There is no 0 ("30) in font nullfont!
Missing character: There is no 2 ("32) in font nullfont!
Missing character: There is no 2 ("32) in font nullfont!
Missing character: There is no d ("64) in font nullfont!
Missing character: There is no i ("69) in font nullfont!
Missing character: There is no t ("74) in font nullfont!
Missing character: There is no t ("74) in font nullfont!
Missing character: There is no o ("6F) in font nullfont!
Missing character: There is no ; ("3B) in font nullfont!

! Package tikz Error: A node must have a (possibly empty) label text.

See the tikz package documentation for explanation.
Type  H <return>  for immediate help.
 ...                                              
                                                  
l.1327 ...相关的动作语义。因此，我们将这种流行的基于潜在动作的桥接分为两类：来自视觉重建}
                                                  的\textit{潜在动作，它仅通过重建未来的视觉观...
(That was another \errmessage.)


! Package tikz Error: Giving up on this path. Did you forget a semicolon?.

See the tikz package documentation for explanation.
Type  H <return>  for immediate help.
 ...                                              
                                                  
l.1327 ...相关的动作语义。因此，我们将这种流行的基于潜在动作的桥接分为两类：来自视觉重建}
                                                  的\textit{潜在动作，它仅通过重建未来的视觉观...
(That was another \errmessage.)

Missing character: There is no ( ("28) in font nullfont!
Missing character: There is no 1 ("31) in font nullfont!
Missing character: There is no 0 ("30) in font nullfont!
Missing character: There is no . ("2E) in font nullfont!
Missing character: There is no 8 ("38) in font nullfont!
Missing character: There is no 0 ("30) in font nullfont!
Missing character: There is no , ("2C) in font nullfont!
Missing character: There is no - ("2D) in font nullfont!
Missing character: There is no 4 ("34) in font nullfont!
Missing character: There is no . ("2E) in font nullfont!
Missing character: There is no 3 ("33) in font nullfont!
Missing character: There is no 7 ("37) in font nullfont!
Missing character: There is no ) ("29) in font nullfont!
Missing character: There is no q ("71) in font nullfont!
Missing character: There is no i ("69) in font nullfont!
Missing character: There is no n ("6E) in font nullfont!
Missing character: There is no 2 ("32) in font nullfont!
Missing character: There is no 0 ("30) in font nullfont!
Missing character: There is no 2 ("32) in font nullfont!
Missing character: There is no 2 ("32) in font nullfont!
Missing character: There is no d ("64) in font nullfont!
Missing character: There is no e ("65) in font nullfont!
Missing character: There is no x ("78) in font nullfont!
Missing character: There is no m ("6D) in font nullfont!
Missing character: There is no v ("76) in font nullfont!
Missing character: There is no q ("71) in font nullfont!
Missing character: There is no i ("69) in font nullfont!
Missing character: There is no n ("6E) in font nullfont!
Missing character: There is no 2 ("32) in font nullfont!
Missing character: There is no 0 ("30) in font nullfont!
Missing character: There is no 2 ("32) in font nullfont!
Missing character: There is no 2 ("32) in font nullfont!
Missing character: There is no d ("64) in font nullfont!
Missing character: There is no e ("65) in font nullfont!
Missing character: There is no x ("78) in font nullfont!
Missing character: There is no m ("6D) in font nullfont!
Missing character: There is no v ("76) in font nullfont!
Missing character: There is no ; ("3B) in font nullfont!

! Package tikz Error: A node must have a (possibly empty) label text.

See the tikz package documentation for explanation.
Type  H <return>  for immediate help.
 ...                                              
                                                  
l.1327 ...相关的动作语义。因此，我们将这种流行的基于潜在动作的桥接分为两类：来自视觉重建}
                                                  的\textit{潜在动作，它仅通过重建未来的视觉观...
(That was another \errmessage.)


! Package tikz Error: Giving up on this path. Did you forget a semicolon?.

See the tikz package documentation for explanation.
Type  H <return>  for immediate help.
 ...                                              
                                                  
l.1327 ...相关的动作语义。因此，我们将这种流行的基于潜在动作的桥接分为两类：来自视觉重建}
                                                  的\textit{潜在动作，它仅通过重建未来的视觉观...
(That was another \errmessage.)

Missing character: There is no ( ("28) in font nullfont!
Missing character: There is no 1 ("31) in font nullfont!
Missing character: There is no 1 ("31) in font nullfont!
Missing character: There is no . ("2E) in font nullfont!
Missing character: There is no 7 ("37) in font nullfont!
Missing character: There is no 0 ("30) in font nullfont!
Missing character: There is no , ("2C) in font nullfont!
Missing character: There is no 1 ("31) in font nullfont!
Missing character: There is no . ("2E) in font nullfont!
Missing character: There is no 8 ("38) in font nullfont!
Missing character: There is no 7 ("37) in font nullfont!
Missing character: There is no ) ("29) in font nullfont!
Missing character: There is no s ("73) in font nullfont!
Missing character: There is no h ("68) in font nullfont!
Missing character: There is no a ("61) in font nullfont!
Missing character: There is no w ("77) in font nullfont!
Missing character: There is no 2 ("32) in font nullfont!
Missing character: There is no 0 ("30) in font nullfont!
Missing character: There is no 2 ("32) in font nullfont!
Missing character: There is no 3 ("33) in font nullfont!
Missing character: There is no v ("76) in font nullfont!
Missing character: There is no i ("69) in font nullfont!
Missing character: There is no d ("64) in font nullfont!
Missing character: There is no e ("65) in font nullfont!
Missing character: There is no o ("6F) in font nullfont!
Missing character: There is no d ("64) in font nullfont!
Missing character: There is no e ("65) in font nullfont!
Missing character: There is no x ("78) in font nullfont!
Missing character: There is no s ("73) in font nullfont!
Missing character: There is no h ("68) in font nullfont!
Missing character: There is no a ("61) in font nullfont!
Missing character: There is no w ("77) in font nullfont!
Missing character: There is no 2 ("32) in font nullfont!
Missing character: There is no 0 ("30) in font nullfont!
Missing character: There is no 2 ("32) in font nullfont!
Missing character: There is no 3 ("33) in font nullfont!
Missing character: There is no v ("76) in font nullfont!
Missing character: There is no i ("69) in font nullfont!
Missing character: There is no d ("64) in font nullfont!
Missing character: There is no e ("65) in font nullfont!
Missing character: There is no o ("6F) in font nullfont!
Missing character: There is no d ("64) in font nullfont!
Missing character: There is no e ("65) in font nullfont!
Missing character: There is no x ("78) in font nullfont!
Missing character: There is no ; ("3B) in font nullfont!

! Package tikz Error: A node must have a (possibly empty) label text.

See the tikz package documentation for explanation.
Type  H <return>  for immediate help.
 ...                                              
                                                  
l.1327 ...相关的动作语义。因此，我们将这种流行的基于潜在动作的桥接分为两类：来自视觉重建}
                                                  的\textit{潜在动作，它仅通过重建未来的视觉观...
(That was another \errmessage.)


! Package tikz Error: Giving up on this path. Did you forget a semicolon?.

See the tikz package documentation for explanation.
Type  H <return>  for immediate help.
 ...                                              
                                                  
l.1327 ...相关的动作语义。因此，我们将这种流行的基于潜在动作的桥接分为两类：来自视觉重建}
                                                  的\textit{潜在动作，它仅通过重建未来的视觉观...
(That was another \errmessage.)

Missing character: There is no ( ("28) in font nullfont!
Missing character: There is no 1 ("31) in font nullfont!
Missing character: There is no 2 ("32) in font nullfont!
Missing character: There is no . ("2E) in font nullfont!
Missing character: There is no 6 ("36) in font nullfont!
Missing character: There is no 0 ("30) in font nullfont!
Missing character: There is no , ("2C) in font nullfont!
Missing character: There is no - ("2D) in font nullfont!
Missing character: There is no 1 ("31) in font nullfont!
Missing character: There is no . ("2E) in font nullfont!
Missing character: There is no 7 ("37) in font nullfont!
Missing character: There is no 6 ("36) in font nullfont!
Missing character: There is no 9 ("39) in font nullfont!
Missing character: There is no 9 ("39) in font nullfont!
Missing character: There is no 9 ("39) in font nullfont!
Missing character: There is no ) ("29) in font nullfont!
Missing character: There is no k ("6B) in font nullfont!
Missing character: There is no u ("75) in font nullfont!
Missing character: There is no m ("6D) in font nullfont!
Missing character: There is no a ("61) in font nullfont!
Missing character: There is no r ("72) in font nullfont!
Missing character: There is no 2 ("32) in font nullfont!
Missing character: There is no 0 ("30) in font nullfont!
Missing character: There is no 2 ("32) in font nullfont!
Missing character: There is no 3 ("33) in font nullfont!
Missing character: There is no g ("67) in font nullfont!
Missing character: There is no r ("72) in font nullfont!
Missing character: There is no a ("61) in font nullfont!
Missing character: There is no p ("70) in font nullfont!
Missing character: There is no h ("68) in font nullfont!
Missing character: There is no k ("6B) in font nullfont!
Missing character: There is no u ("75) in font nullfont!
Missing character: There is no m ("6D) in font nullfont!
Missing character: There is no a ("61) in font nullfont!
Missing character: There is no r ("72) in font nullfont!
Missing character: There is no 2 ("32) in font nullfont!
Missing character: There is no 0 ("30) in font nullfont!
Missing character: There is no 2 ("32) in font nullfont!
Missing character: There is no 3 ("33) in font nullfont!
Missing character: There is no g ("67) in font nullfont!
Missing character: There is no r ("72) in font nullfont!
Missing character: There is no a ("61) in font nullfont!
Missing character: There is no p ("70) in font nullfont!
Missing character: There is no h ("68) in font nullfont!
Missing character: There is no ; ("3B) in font nullfont!

! Package tikz Error: A node must have a (possibly empty) label text.

See the tikz package documentation for explanation.
Type  H <return>  for immediate help.
 ...                                              
                                                  
l.1327 ...相关的动作语义。因此，我们将这种流行的基于潜在动作的桥接分为两类：来自视觉重建}
                                                  的\textit{潜在动作，它仅通过重建未来的视觉观...
(That was another \errmessage.)


! Package tikz Error: Giving up on this path. Did you forget a semicolon?.

See the tikz package documentation for explanation.
Type  H <return>  for immediate help.
 ...                                              
                                                  
l.1327 ...相关的动作语义。因此，我们将这种流行的基于潜在动作的桥接分为两类：来自视觉重建}
                                                  的\textit{潜在动作，它仅通过重建未来的视觉观...
(That was another \errmessage.)

Missing character: There is no ( ("28) in font nullfont!
Missing character: There is no 1 ("31) in font nullfont!
Missing character: There is no 3 ("33) in font nullfont!
Missing character: There is no . ("2E) in font nullfont!
Missing character: There is no 5 ("35) in font nullfont!
Missing character: There is no 0 ("30) in font nullfont!
Missing character: There is no , ("2C) in font nullfont!
Missing character: There is no 3 ("33) in font nullfont!
Missing character: There is no . ("2E) in font nullfont!
Missing character: There is no 1 ("31) in font nullfont!
Missing character: There is no 7 ("37) in font nullfont!
Missing character: There is no ) ("29) in font nullfont!
Missing character: There is no w ("77) in font nullfont!
Missing character: There is no a ("61) in font nullfont!
Missing character: There is no n ("6E) in font nullfont!
Missing character: There is no g ("67) in font nullfont!
Missing character: There is no 2 ("32) in font nullfont!
Missing character: There is no 0 ("30) in font nullfont!
Missing character: There is no 2 ("32) in font nullfont!
Missing character: There is no 3 ("33) in font nullfont!
Missing character: There is no m ("6D) in font nullfont!
Missing character: There is no i ("69) in font nullfont!
Missing character: There is no m ("6D) in font nullfont!
Missing character: There is no i ("69) in font nullfont!
Missing character: There is no c ("63) in font nullfont!
Missing character: There is no p ("70) in font nullfont!
Missing character: There is no l ("6C) in font nullfont!
Missing character: There is no a ("61) in font nullfont!
Missing character: There is no y ("79) in font nullfont!
Missing character: There is no w ("77) in font nullfont!
Missing character: There is no a ("61) in font nullfont!
Missing character: There is no n ("6E) in font nullfont!
Missing character: There is no g ("67) in font nullfont!
Missing character: There is no 2 ("32) in font nullfont!
Missing character: There is no 0 ("30) in font nullfont!
Missing character: There is no 2 ("32) in font nullfont!
Missing character: There is no 3 ("33) in font nullfont!
Missing character: There is no m ("6D) in font nullfont!
Missing character: There is no i ("69) in font nullfont!
Missing character: There is no m ("6D) in font nullfont!
Missing character: There is no i ("69) in font nullfont!
Missing character: There is no c ("63) in font nullfont!
Missing character: There is no p ("70) in font nullfont!
Missing character: There is no l ("6C) in font nullfont!
Missing character: There is no a ("61) in font nullfont!
Missing character: There is no y ("79) in font nullfont!
Missing character: There is no ; ("3B) in font nullfont!

! Package tikz Error: A node must have a (possibly empty) label text.

See the tikz package documentation for explanation.
Type  H <return>  for immediate help.
 ...                                              
                                                  
l.1327 ...相关的动作语义。因此，我们将这种流行的基于潜在动作的桥接分为两类：来自视觉重建}
                                                  的\textit{潜在动作，它仅通过重建未来的视觉观...
(That was another \errmessage.)


! Package tikz Error: Giving up on this path. Did you forget a semicolon?.

See the tikz package documentation for explanation.
Type  H <return>  for immediate help.
 ...                                              
                                                  
l.1327 ...相关的动作语义。因此，我们将这种流行的基于潜在动作的桥接分为两类：来自视觉重建}
                                                  的\textit{潜在动作，它仅通过重建未来的视觉观...
(That was another \errmessage.)

Missing character: There is no ( ("28) in font nullfont!
Missing character: There is no 1 ("31) in font nullfont!
Missing character: There is no 4 ("34) in font nullfont!
Missing character: There is no . ("2E) in font nullfont!
Missing character: There is no 4 ("34) in font nullfont!
Missing character: There is no 0 ("30) in font nullfont!
Missing character: There is no , ("2C) in font nullfont!
Missing character: There is no - ("2D) in font nullfont!
Missing character: There is no 3 ("33) in font nullfont!
Missing character: There is no . ("2E) in font nullfont!
Missing character: There is no 0 ("30) in font nullfont!
Missing character: There is no 6 ("36) in font nullfont!
Missing character: There is no 9 ("39) in font nullfont!
Missing character: There is no 9 ("39) in font nullfont!
Missing character: There is no 9 ("39) in font nullfont!
Missing character: There is no ) ("29) in font nullfont!
Missing character: There is no b ("62) in font nullfont!
Missing character: There is no h ("68) in font nullfont!
Missing character: There is no a ("61) in font nullfont!
Missing character: There is no r ("72) in font nullfont!
Missing character: There is no a ("61) in font nullfont!
Missing character: There is no d ("64) in font nullfont!
Missing character: There is no h ("68) in font nullfont!
Missing character: There is no w ("77) in font nullfont!
Missing character: There is no a ("61) in font nullfont!
Missing character: There is no j ("6A) in font nullfont!
Missing character: There is no 2 ("32) in font nullfont!
Missing character: There is no 0 ("30) in font nullfont!
Missing character: There is no 2 ("32) in font nullfont!
Missing character: There is no 3 ("33) in font nullfont!
Missing character: There is no t ("74) in font nullfont!
Missing character: There is no o ("6F) in font nullfont!
Missing character: There is no w ("77) in font nullfont!
Missing character: There is no a ("61) in font nullfont!
Missing character: There is no r ("72) in font nullfont!
Missing character: There is no d ("64) in font nullfont!
Missing character: There is no s ("73) in font nullfont!
Missing character: There is no b ("62) in font nullfont!
Missing character: There is no h ("68) in font nullfont!
Missing character: There is no a ("61) in font nullfont!
Missing character: There is no r ("72) in font nullfont!
Missing character: There is no a ("61) in font nullfont!
Missing character: There is no d ("64) in font nullfont!
Missing character: There is no h ("68) in font nullfont!
Missing character: There is no w ("77) in font nullfont!
Missing character: There is no a ("61) in font nullfont!
Missing character: There is no j ("6A) in font nullfont!
Missing character: There is no 2 ("32) in font nullfont!
Missing character: There is no 0 ("30) in font nullfont!
Missing character: There is no 2 ("32) in font nullfont!
Missing character: There is no 3 ("33) in font nullfont!
Missing character: There is no t ("74) in font nullfont!
Missing character: There is no o ("6F) in font nullfont!
Missing character: There is no w ("77) in font nullfont!
Missing character: There is no a ("61) in font nullfont!
Missing character: There is no r ("72) in font nullfont!
Missing character: There is no d ("64) in font nullfont!
Missing character: There is no s ("73) in font nullfont!
Missing character: There is no ; ("3B) in font nullfont!

! Package tikz Error: A node must have a (possibly empty) label text.

See the tikz package documentation for explanation.
Type  H <return>  for immediate help.
 ...                                              
                                                  
l.1327 ...相关的动作语义。因此，我们将这种流行的基于潜在动作的桥接分为两类：来自视觉重建}
                                                  的\textit{潜在动作，它仅通过重建未来的视觉观...
(That was another \errmessage.)


! Package tikz Error: Giving up on this path. Did you forget a semicolon?.

See the tikz package documentation for explanation.
Type  H <return>  for immediate help.
 ...                                              
                                                  
l.1327 ...相关的动作语义。因此，我们将这种流行的基于潜在动作的桥接分为两类：来自视觉重建}
                                                  的\textit{潜在动作，它仅通过重建未来的视觉观...
(That was another \errmessage.)

Missing character: There is no ( ("28) in font nullfont!
Missing character: There is no 1 ("31) in font nullfont!
Missing character: There is no 5 ("35) in font nullfont!
Missing character: There is no . ("2E) in font nullfont!
Missing character: There is no 3 ("33) in font nullfont!
Missing character: There is no 0 ("30) in font nullfont!
Missing character: There is no , ("2C) in font nullfont!
Missing character: There is no 4 ("34) in font nullfont!
Missing character: There is no . ("2E) in font nullfont!
Missing character: There is no 4 ("34) in font nullfont!
Missing character: There is no 7 ("37) in font nullfont!
Missing character: There is no ) ("29) in font nullfont!
Missing character: There is no w ("77) in font nullfont!
Missing character: There is no e ("65) in font nullfont!
Missing character: There is no n ("6E) in font nullfont!
Missing character: There is no 2 ("32) in font nullfont!
Missing character: There is no 0 ("30) in font nullfont!
Missing character: There is no 2 ("32) in font nullfont!
Missing character: There is no 3 ("33) in font nullfont!
Missing character: There is no a ("61) in font nullfont!
Missing character: There is no n ("6E) in font nullfont!
Missing character: There is no y ("79) in font nullfont!
Missing character: There is no w ("77) in font nullfont!
Missing character: There is no e ("65) in font nullfont!
Missing character: There is no n ("6E) in font nullfont!
Missing character: There is no 2 ("32) in font nullfont!
Missing character: There is no 0 ("30) in font nullfont!
Missing character: There is no 2 ("32) in font nullfont!
Missing character: There is no 3 ("33) in font nullfont!
Missing character: There is no a ("61) in font nullfont!
Missing character: There is no n ("6E) in font nullfont!
Missing character: There is no y ("79) in font nullfont!
Missing character: There is no ; ("3B) in font nullfont!

! Package tikz Error: A node must have a (possibly empty) label text.

See the tikz package documentation for explanation.
Type  H <return>  for immediate help.
 ...                                              
                                                  
l.1327 ...相关的动作语义。因此，我们将这种流行的基于潜在动作的桥接分为两类：来自视觉重建}
                                                  的\textit{潜在动作，它仅通过重建未来的视觉观...
(That was another \errmessage.)


! Package tikz Error: Giving up on this path. Did you forget a semicolon?.

See the tikz package documentation for explanation.
Type  H <return>  for immediate help.
 ...                                              
                                                  
l.1327 ...相关的动作语义。因此，我们将这种流行的基于潜在动作的桥接分为两类：来自视觉重建}
                                                  的\textit{潜在动作，它仅通过重建未来的视觉观...
(That was another \errmessage.)

Missing character: There is no ( ("28) in font nullfont!
Missing character: There is no 1 ("31) in font nullfont!
Missing character: There is no 6 ("36) in font nullfont!
Missing character: There is no . ("2E) in font nullfont!
Missing character: There is no 2 ("32) in font nullfont!
Missing character: There is no 0 ("30) in font nullfont!
Missing character: There is no , ("2C) in font nullfont!
Missing character: There is no - ("2D) in font nullfont!
Missing character: There is no 4 ("34) in font nullfont!
Missing character: There is no . ("2E) in font nullfont!
Missing character: There is no 3 ("33) in font nullfont!
Missing character: There is no 7 ("37) in font nullfont!
Missing character: There is no ) ("29) in font nullfont!
Missing character: There is no w ("77) in font nullfont!
Missing character: There is no a ("61) in font nullfont!
Missing character: There is no n ("6E) in font nullfont!
Missing character: There is no g ("67) in font nullfont!
Missing character: There is no 2 ("32) in font nullfont!
Missing character: There is no 0 ("30) in font nullfont!
Missing character: There is no 2 ("32) in font nullfont!
Missing character: There is no 3 ("33) in font nullfont!
Missing character: There is no r ("72) in font nullfont!
Missing character: There is no o ("6F) in font nullfont!
Missing character: There is no b ("62) in font nullfont!
Missing character: There is no o ("6F) in font nullfont!
Missing character: There is no t ("74) in font nullfont!
Missing character: There is no w ("77) in font nullfont!
Missing character: There is no a ("61) in font nullfont!
Missing character: There is no n ("6E) in font nullfont!
Missing character: There is no g ("67) in font nullfont!
Missing character: There is no 2 ("32) in font nullfont!
Missing character: There is no 0 ("30) in font nullfont!
Missing character: There is no 2 ("32) in font nullfont!
Missing character: There is no 3 ("33) in font nullfont!
Missing character: There is no r ("72) in font nullfont!
Missing character: There is no o ("6F) in font nullfont!
Missing character: There is no b ("62) in font nullfont!
Missing character: There is no o ("6F) in font nullfont!
Missing character: There is no t ("74) in font nullfont!
Missing character: There is no ; ("3B) in font nullfont!

! Package tikz Error: A node must have a (possibly empty) label text.

See the tikz package documentation for explanation.
Type  H <return>  for immediate help.
 ...                                              
                                                  
l.1327 ...相关的动作语义。因此，我们将这种流行的基于潜在动作的桥接分为两类：来自视觉重建}
                                                  的\textit{潜在动作，它仅通过重建未来的视觉观...
(That was another \errmessage.)


! Package tikz Error: Giving up on this path. Did you forget a semicolon?.

See the tikz package documentation for explanation.
Type  H <return>  for immediate help.
 ...                                              
                                                  
l.1327 ...相关的动作语义。因此，我们将这种流行的基于潜在动作的桥接分为两类：来自视觉重建}
                                                  的\textit{潜在动作，它仅通过重建未来的视觉观...
(That was another \errmessage.)

Missing character: There is no ( ("28) in font nullfont!
Missing character: There is no 1 ("31) in font nullfont!
Missing character: There is no 7 ("37) in font nullfont!
Missing character: There is no . ("2E) in font nullfont!
Missing character: There is no 1 ("31) in font nullfont!
Missing character: There is no 0 ("30) in font nullfont!
Missing character: There is no , ("2C) in font nullfont!
Missing character: There is no 1 ("31) in font nullfont!
Missing character: There is no . ("2E) in font nullfont!
Missing character: There is no 8 ("38) in font nullfont!
Missing character: There is no 7 ("37) in font nullfont!
Missing character: There is no ) ("29) in font nullfont!
Missing character: There is no g ("67) in font nullfont!
Missing character: There is no u ("75) in font nullfont!
Missing character: There is no 2 ("32) in font nullfont!
Missing character: There is no 0 ("30) in font nullfont!
Missing character: There is no 2 ("32) in font nullfont!
Missing character: There is no 3 ("33) in font nullfont!
Missing character: There is no r ("72) in font nullfont!
Missing character: There is no t ("74) in font nullfont!
Missing character: There is no g ("67) in font nullfont!
Missing character: There is no u ("75) in font nullfont!
Missing character: There is no 2 ("32) in font nullfont!
Missing character: There is no 0 ("30) in font nullfont!
Missing character: There is no 2 ("32) in font nullfont!
Missing character: There is no 3 ("33) in font nullfont!
Missing character: There is no r ("72) in font nullfont!
Missing character: There is no t ("74) in font nullfont!
Missing character: There is no ; ("3B) in font nullfont!

! Package tikz Error: A node must have a (possibly empty) label text.

See the tikz package documentation for explanation.
Type  H <return>  for immediate help.
 ...                                              
                                                  
l.1327 ...相关的动作语义。因此，我们将这种流行的基于潜在动作的桥接分为两类：来自视觉重建}
                                                  的\textit{潜在动作，它仅通过重建未来的视觉观...
(That was another \errmessage.)


! Package tikz Error: Giving up on this path. Did you forget a semicolon?.

See the tikz package documentation for explanation.
Type  H <return>  for immediate help.
 ...                                              
                                                  
l.1327 ...相关的动作语义。因此，我们将这种流行的基于潜在动作的桥接分为两类：来自视觉重建}
                                                  的\textit{潜在动作，它仅通过重建未来的视觉观...
(That was another \errmessage.)

Missing character: There is no ( ("28) in font nullfont!
Missing character: There is no 1 ("31) in font nullfont!
Missing character: There is no 8 ("38) in font nullfont!
Missing character: There is no . ("2E) in font nullfont!
Missing character: There is no 0 ("30) in font nullfont!
Missing character: There is no 0 ("30) in font nullfont!
Missing character: There is no , ("2C) in font nullfont!
Missing character: There is no - ("2D) in font nullfont!
Missing character: There is no 1 ("31) in font nullfont!
Missing character: There is no . ("2E) in font nullfont!
Missing character: There is no 7 ("37) in font nullfont!
Missing character: There is no 6 ("36) in font nullfont!
Missing character: There is no 9 ("39) in font nullfont!
Missing character: There is no 9 ("39) in font nullfont!
Missing character: There is no 9 ("39) in font nullfont!
Missing character: There is no ) ("29) in font nullfont!
Missing character: There is no b ("62) in font nullfont!
Missing character: There is no h ("68) in font nullfont!
Missing character: There is no a ("61) in font nullfont!
Missing character: There is no r ("72) in font nullfont!
Missing character: There is no a ("61) in font nullfont!
Missing character: There is no d ("64) in font nullfont!
Missing character: There is no h ("68) in font nullfont!
Missing character: There is no w ("77) in font nullfont!
Missing character: There is no a ("61) in font nullfont!
Missing character: There is no j ("6A) in font nullfont!
Missing character: There is no 2 ("32) in font nullfont!
Missing character: There is no 0 ("30) in font nullfont!
Missing character: There is no 2 ("32) in font nullfont!
Missing character: There is no 3 ("33) in font nullfont!
Missing character: There is no z ("7A) in font nullfont!
Missing character: There is no e ("65) in font nullfont!
Missing character: There is no r ("72) in font nullfont!
Missing character: There is no o ("6F) in font nullfont!
Missing character: There is no b ("62) in font nullfont!
Missing character: There is no h ("68) in font nullfont!
Missing character: There is no a ("61) in font nullfont!
Missing character: There is no r ("72) in font nullfont!
Missing character: There is no a ("61) in font nullfont!
Missing character: There is no d ("64) in font nullfont!
Missing character: There is no h ("68) in font nullfont!
Missing character: There is no w ("77) in font nullfont!
Missing character: There is no a ("61) in font nullfont!
Missing character: There is no j ("6A) in font nullfont!
Missing character: There is no 2 ("32) in font nullfont!
Missing character: There is no 0 ("30) in font nullfont!
Missing character: There is no 2 ("32) in font nullfont!
Missing character: There is no 3 ("33) in font nullfont!
Missing character: There is no z ("7A) in font nullfont!
Missing character: There is no e ("65) in font nullfont!
Missing character: There is no r ("72) in font nullfont!
Missing character: There is no o ("6F) in font nullfont!
Missing character: There is no ; ("3B) in font nullfont!

! Package tikz Error: A node must have a (possibly empty) label text.

See the tikz package documentation for explanation.
Type  H <return>  for immediate help.
 ...                                              
                                                  
l.1327 ...相关的动作语义。因此，我们将这种流行的基于潜在动作的桥接分为两类：来自视觉重建}
                                                  的\textit{潜在动作，它仅通过重建未来的视觉观...
(That was another \errmessage.)


! Package tikz Error: Giving up on this path. Did you forget a semicolon?.

See the tikz package documentation for explanation.
Type  H <return>  for immediate help.
 ...                                              
                                                  
l.1327 ...相关的动作语义。因此，我们将这种流行的基于潜在动作的桥接分为两类：来自视觉重建}
                                                  的\textit{潜在动作，它仅通过重建未来的视觉观...
(That was another \errmessage.)

Missing character: There is no ( ("28) in font nullfont!
Missing character: There is no 1 ("31) in font nullfont!
Missing character: There is no 8 ("38) in font nullfont!
Missing character: There is no . ("2E) in font nullfont!
Missing character: There is no 9 ("39) in font nullfont!
Missing character: There is no 0 ("30) in font nullfont!
Missing character: There is no , ("2C) in font nullfont!
Missing character: There is no 3 ("33) in font nullfont!
Missing character: There is no . ("2E) in font nullfont!
Missing character: There is no 1 ("31) in font nullfont!
Missing character: There is no 7 ("37) in font nullfont!
Missing character: There is no ) ("29) in font nullfont!
Missing character: There is no b ("62) in font nullfont!
Missing character: There is no a ("61) in font nullfont!
Missing character: There is no h ("68) in font nullfont!
Missing character: There is no l ("6C) in font nullfont!
Missing character: There is no 2 ("32) in font nullfont!
Missing character: There is no 0 ("30) in font nullfont!
Missing character: There is no 2 ("32) in font nullfont!
Missing character: There is no 3 ("33) in font nullfont!
Missing character: There is no a ("61) in font nullfont!
Missing character: There is no f ("66) in font nullfont!
Missing character: There is no f ("66) in font nullfont!
Missing character: There is no o ("6F) in font nullfont!
Missing character: There is no r ("72) in font nullfont!
Missing character: There is no d ("64) in font nullfont!
Missing character: There is no a ("61) in font nullfont!
Missing character: There is no n ("6E) in font nullfont!
Missing character: There is no c ("63) in font nullfont!
Missing character: There is no e ("65) in font nullfont!
Missing character: There is no s ("73) in font nullfont!
Missing character: There is no b ("62) in font nullfont!
Missing character: There is no a ("61) in font nullfont!
Missing character: There is no h ("68) in font nullfont!
Missing character: There is no l ("6C) in font nullfont!
Missing character: There is no 2 ("32) in font nullfont!
Missing character: There is no 0 ("30) in font nullfont!
Missing character: There is no 2 ("32) in font nullfont!
Missing character: There is no 3 ("33) in font nullfont!
Missing character: There is no a ("61) in font nullfont!
Missing character: There is no f ("66) in font nullfont!
Missing character: There is no f ("66) in font nullfont!
Missing character: There is no o ("6F) in font nullfont!
Missing character: There is no r ("72) in font nullfont!
Missing character: There is no d ("64) in font nullfont!
Missing character: There is no a ("61) in font nullfont!
Missing character: There is no n ("6E) in font nullfont!
Missing character: There is no c ("63) in font nullfont!
Missing character: There is no e ("65) in font nullfont!
Missing character: There is no s ("73) in font nullfont!
Missing character: There is no ; ("3B) in font nullfont!

! Package tikz Error: A node must have a (possibly empty) label text.

See the tikz package documentation for explanation.
Type  H <return>  for immediate help.
 ...                                              
                                                  
l.1327 ...相关的动作语义。因此，我们将这种流行的基于潜在动作的桥接分为两类：来自视觉重建}
                                                  的\textit{潜在动作，它仅通过重建未来的视觉观...
(That was another \errmessage.)


! Package tikz Error: Giving up on this path. Did you forget a semicolon?.

See the tikz package documentation for explanation.
Type  H <return>  for immediate help.
 ...                                              
                                                  
l.1327 ...相关的动作语义。因此，我们将这种流行的基于潜在动作的桥接分为两类：来自视觉重建}
                                                  的\textit{潜在动作，它仅通过重建未来的视觉观...
(That was another \errmessage.)

Missing character: There is no ( ("28) in font nullfont!
Missing character: There is no 1 ("31) in font nullfont!
Missing character: There is no 9 ("39) in font nullfont!
Missing character: There is no . ("2E) in font nullfont!
Missing character: There is no 8 ("38) in font nullfont!
Missing character: There is no 0 ("30) in font nullfont!
Missing character: There is no , ("2C) in font nullfont!
Missing character: There is no - ("2D) in font nullfont!
Missing character: There is no 3 ("33) in font nullfont!
Missing character: There is no . ("2E) in font nullfont!
Missing character: There is no 0 ("30) in font nullfont!
Missing character: There is no 6 ("36) in font nullfont!
Missing character: There is no 9 ("39) in font nullfont!
Missing character: There is no 9 ("39) in font nullfont!
Missing character: There is no 9 ("39) in font nullfont!
Missing character: There is no ) ("29) in font nullfont!
Missing character: There is no k ("6B) in font nullfont!
Missing character: There is no a ("61) in font nullfont!
Missing character: There is no n ("6E) in font nullfont!
Missing character: There is no n ("6E) in font nullfont!
Missing character: There is no a ("61) in font nullfont!
Missing character: There is no n ("6E) in font nullfont!
Missing character: There is no 2 ("32) in font nullfont!
Missing character: There is no 0 ("30) in font nullfont!
Missing character: There is no 2 ("32) in font nullfont!
Missing character: There is no 3 ("33) in font nullfont!
Missing character: There is no d ("64) in font nullfont!
Missing character: There is no e ("65) in font nullfont!
Missing character: There is no f ("66) in font nullfont!
Missing character: There is no t ("74) in font nullfont!
Missing character: There is no k ("6B) in font nullfont!
Missing character: There is no a ("61) in font nullfont!
Missing character: There is no n ("6E) in font nullfont!
Missing character: There is no n ("6E) in font nullfont!
Missing character: There is no a ("61) in font nullfont!
Missing character: There is no n ("6E) in font nullfont!
Missing character: There is no 2 ("32) in font nullfont!
Missing character: There is no 0 ("30) in font nullfont!
Missing character: There is no 2 ("32) in font nullfont!
Missing character: There is no 3 ("33) in font nullfont!
Missing character: There is no d ("64) in font nullfont!
Missing character: There is no e ("65) in font nullfont!
Missing character: There is no f ("66) in font nullfont!
Missing character: There is no t ("74) in font nullfont!
Missing character: There is no ; ("3B) in font nullfont!

! Package tikz Error: A node must have a (possibly empty) label text.

See the tikz package documentation for explanation.
Type  H <return>  for immediate help.
 ...                                              
                                                  
l.1327 ...相关的动作语义。因此，我们将这种流行的基于潜在动作的桥接分为两类：来自视觉重建}
                                                  的\textit{潜在动作，它仅通过重建未来的视觉观...
(That was another \errmessage.)


! Package tikz Error: Giving up on this path. Did you forget a semicolon?.

See the tikz package documentation for explanation.
Type  H <return>  for immediate help.
 ...                                              
                                                  
l.1327 ...相关的动作语义。因此，我们将这种流行的基于潜在动作的桥接分为两类：来自视觉重建}
                                                  的\textit{潜在动作，它仅通过重建未来的视觉观...
(That was another \errmessage.)

Missing character: There is no ( ("28) in font nullfont!
Missing character: There is no 2 ("32) in font nullfont!
Missing character: There is no 0 ("30) in font nullfont!
Missing character: There is no . ("2E) in font nullfont!
Missing character: There is no 7 ("37) in font nullfont!
Missing character: There is no 0 ("30) in font nullfont!
Missing character: There is no , ("2C) in font nullfont!
Missing character: There is no 4 ("34) in font nullfont!
Missing character: There is no . ("2E) in font nullfont!
Missing character: There is no 4 ("34) in font nullfont!
Missing character: There is no 7 ("37) in font nullfont!
Missing character: There is no ) ("29) in font nullfont!
Missing character: There is no k ("6B) in font nullfont!
Missing character: There is no o ("6F) in font nullfont!
Missing character: There is no 2 ("32) in font nullfont!
Missing character: There is no 0 ("30) in font nullfont!
Missing character: There is no 2 ("32) in font nullfont!
Missing character: There is no 3 ("33) in font nullfont!
Missing character: There is no l ("6C) in font nullfont!
Missing character: There is no e ("65) in font nullfont!
Missing character: There is no a ("61) in font nullfont!
Missing character: There is no r ("72) in font nullfont!
Missing character: There is no n ("6E) in font nullfont!
Missing character: There is no i ("69) in font nullfont!
Missing character: There is no n ("6E) in font nullfont!
Missing character: There is no g ("67) in font nullfont!
Missing character: There is no k ("6B) in font nullfont!
Missing character: There is no o ("6F) in font nullfont!
Missing character: There is no 2 ("32) in font nullfont!
Missing character: There is no 0 ("30) in font nullfont!
Missing character: There is no 2 ("32) in font nullfont!
Missing character: There is no 3 ("33) in font nullfont!
Missing character: There is no l ("6C) in font nullfont!
Missing character: There is no e ("65) in font nullfont!
Missing character: There is no a ("61) in font nullfont!
Missing character: There is no r ("72) in font nullfont!
Missing character: There is no n ("6E) in font nullfont!
Missing character: There is no i ("69) in font nullfont!
Missing character: There is no n ("6E) in font nullfont!
Missing character: There is no g ("67) in font nullfont!
Missing character: There is no ; ("3B) in font nullfont!

! Package tikz Error: A node must have a (possibly empty) label text.

See the tikz package documentation for explanation.
Type  H <return>  for immediate help.
 ...                                              
                                                  
l.1327 ...相关的动作语义。因此，我们将这种流行的基于潜在动作的桥接分为两类：来自视觉重建}
                                                  的\textit{潜在动作，它仅通过重建未来的视觉观...
(That was another \errmessage.)


! Package tikz Error: Giving up on this path. Did you forget a semicolon?.

See the tikz package documentation for explanation.
Type  H <return>  for immediate help.
 ...                                              
                                                  
l.1327 ...相关的动作语义。因此，我们将这种流行的基于潜在动作的桥接分为两类：来自视觉重建}
                                                  的\textit{潜在动作，它仅通过重建未来的视觉观...
(That was another \errmessage.)

Missing character: There is no ( ("28) in font nullfont!
Missing character: There is no 2 ("32) in font nullfont!
Missing character: There is no 1 ("31) in font nullfont!
Missing character: There is no . ("2E) in font nullfont!
Missing character: There is no 6 ("36) in font nullfont!
Missing character: There is no 0 ("30) in font nullfont!
Missing character: There is no , ("2C) in font nullfont!
Missing character: There is no - ("2D) in font nullfont!
Missing character: There is no 4 ("34) in font nullfont!
Missing character: There is no . ("2E) in font nullfont!
Missing character: There is no 3 ("33) in font nullfont!
Missing character: There is no 7 ("37) in font nullfont!
Missing character: There is no ) ("29) in font nullfont!
Missing character: There is no g ("67) in font nullfont!
Missing character: There is no a ("61) in font nullfont!
Missing character: There is no o ("6F) in font nullfont!
Missing character: There is no 2 ("32) in font nullfont!
Missing character: There is no 0 ("30) in font nullfont!
Missing character: There is no 2 ("32) in font nullfont!
Missing character: There is no 3 ("33) in font nullfont!
Missing character: There is no k ("6B) in font nullfont!
Missing character: There is no g ("67) in font nullfont!
Missing character: There is no a ("61) in font nullfont!
Missing character: There is no o ("6F) in font nullfont!
Missing character: There is no 2 ("32) in font nullfont!
Missing character: There is no 0 ("30) in font nullfont!
Missing character: There is no 2 ("32) in font nullfont!
Missing character: There is no 3 ("33) in font nullfont!
Missing character: There is no k ("6B) in font nullfont!
Missing character: There is no ; ("3B) in font nullfont!

! Package tikz Error: A node must have a (possibly empty) label text.

See the tikz package documentation for explanation.
Type  H <return>  for immediate help.
 ...                                              
                                                  
l.1327 ...相关的动作语义。因此，我们将这种流行的基于潜在动作的桥接分为两类：来自视觉重建}
                                                  的\textit{潜在动作，它仅通过重建未来的视觉观...
(That was another \errmessage.)


! Package tikz Error: Giving up on this path. Did you forget a semicolon?.

See the tikz package documentation for explanation.
Type  H <return>  for immediate help.
 ...                                              
                                                  
l.1327 ...相关的动作语义。因此，我们将这种流行的基于潜在动作的桥接分为两类：来自视觉重建}
                                                  的\textit{潜在动作，它仅通过重建未来的视觉观...
(That was another \errmessage.)

Missing character: There is no ( ("28) in font nullfont!
Missing character: There is no 2 ("32) in font nullfont!
Missing character: There is no 2 ("32) in font nullfont!
Missing character: There is no . ("2E) in font nullfont!
Missing character: There is no 5 ("35) in font nullfont!
Missing character: There is no 0 ("30) in font nullfont!
Missing character: There is no , ("2C) in font nullfont!
Missing character: There is no 1 ("31) in font nullfont!
Missing character: There is no . ("2E) in font nullfont!
Missing character: There is no 8 ("38) in font nullfont!
Missing character: There is no 7 ("37) in font nullfont!
Missing character: There is no ) ("29) in font nullfont!
Missing character: There is no y ("79) in font nullfont!
Missing character: There is no e ("65) in font nullfont!
Missing character: There is no 2 ("32) in font nullfont!
Missing character: There is no 0 ("30) in font nullfont!
Missing character: There is no 2 ("32) in font nullfont!
Missing character: There is no 3 ("33) in font nullfont!
Missing character: There is no l ("6C) in font nullfont!
Missing character: There is no e ("65) in font nullfont!
Missing character: There is no a ("61) in font nullfont!
Missing character: There is no r ("72) in font nullfont!
Missing character: There is no n ("6E) in font nullfont!
Missing character: There is no i ("69) in font nullfont!
Missing character: There is no n ("6E) in font nullfont!
Missing character: There is no g ("67) in font nullfont!
Missing character: There is no y ("79) in font nullfont!
Missing character: There is no e ("65) in font nullfont!
Missing character: There is no 2 ("32) in font nullfont!
Missing character: There is no 0 ("30) in font nullfont!
Missing character: There is no 2 ("32) in font nullfont!
Missing character: There is no 3 ("33) in font nullfont!
Missing character: There is no l ("6C) in font nullfont!
Missing character: There is no e ("65) in font nullfont!
Missing character: There is no a ("61) in font nullfont!
Missing character: There is no r ("72) in font nullfont!
Missing character: There is no n ("6E) in font nullfont!
Missing character: There is no i ("69) in font nullfont!
Missing character: There is no n ("6E) in font nullfont!
Missing character: There is no g ("67) in font nullfont!
Missing character: There is no ; ("3B) in font nullfont!

! Package tikz Error: A node must have a (possibly empty) label text.

See the tikz package documentation for explanation.
Type  H <return>  for immediate help.
 ...                                              
                                                  
l.1327 ...相关的动作语义。因此，我们将这种流行的基于潜在动作的桥接分为两类：来自视觉重建}
                                                  的\textit{潜在动作，它仅通过重建未来的视觉观...
(That was another \errmessage.)


! Package tikz Error: Giving up on this path. Did you forget a semicolon?.

See the tikz package documentation for explanation.
Type  H <return>  for immediate help.
 ...                                              
                                                  
l.1327 ...相关的动作语义。因此，我们将这种流行的基于潜在动作的桥接分为两类：来自视觉重建}
                                                  的\textit{潜在动作，它仅通过重建未来的视觉观...
(That was another \errmessage.)

Missing character: There is no ( ("28) in font nullfont!
Missing character: There is no 2 ("32) in font nullfont!
Missing character: There is no 3 ("33) in font nullfont!
Missing character: There is no . ("2E) in font nullfont!
Missing character: There is no 4 ("34) in font nullfont!
Missing character: There is no 0 ("30) in font nullfont!
Missing character: There is no , ("2C) in font nullfont!
Missing character: There is no - ("2D) in font nullfont!
Missing character: There is no 1 ("31) in font nullfont!
Missing character: There is no . ("2E) in font nullfont!
Missing character: There is no 7 ("37) in font nullfont!
Missing character: There is no 6 ("36) in font nullfont!
Missing character: There is no 9 ("39) in font nullfont!
Missing character: There is no 9 ("39) in font nullfont!
Missing character: There is no 9 ("39) in font nullfont!
Missing character: There is no ) ("29) in font nullfont!
Missing character: There is no s ("73) in font nullfont!
Missing character: There is no r ("72) in font nullfont!
Missing character: There is no i ("69) in font nullfont!
Missing character: There is no r ("72) in font nullfont!
Missing character: There is no a ("61) in font nullfont!
Missing character: There is no m ("6D) in font nullfont!
Missing character: There is no a ("61) in font nullfont!
Missing character: There is no 2 ("32) in font nullfont!
Missing character: There is no 0 ("30) in font nullfont!
Missing character: There is no 2 ("32) in font nullfont!
Missing character: There is no 4 ("34) in font nullfont!
Missing character: There is no h ("68) in font nullfont!
Missing character: There is no r ("72) in font nullfont!
Missing character: There is no p ("70) in font nullfont!
Missing character: There is no s ("73) in font nullfont!
Missing character: There is no r ("72) in font nullfont!
Missing character: There is no i ("69) in font nullfont!
Missing character: There is no r ("72) in font nullfont!
Missing character: There is no a ("61) in font nullfont!
Missing character: There is no m ("6D) in font nullfont!
Missing character: There is no a ("61) in font nullfont!
Missing character: There is no 2 ("32) in font nullfont!
Missing character: There is no 0 ("30) in font nullfont!
Missing character: There is no 2 ("32) in font nullfont!
Missing character: There is no 4 ("34) in font nullfont!
Missing character: There is no h ("68) in font nullfont!
Missing character: There is no r ("72) in font nullfont!
Missing character: There is no p ("70) in font nullfont!
Missing character: There is no ; ("3B) in font nullfont!

! Package tikz Error: A node must have a (possibly empty) label text.

See the tikz package documentation for explanation.
Type  H <return>  for immediate help.
 ...                                              
                                                  
l.1327 ...相关的动作语义。因此，我们将这种流行的基于潜在动作的桥接分为两类：来自视觉重建}
                                                  的\textit{潜在动作，它仅通过重建未来的视觉观...
(That was another \errmessage.)


! Package tikz Error: Giving up on this path. Did you forget a semicolon?.

See the tikz package documentation for explanation.
Type  H <return>  for immediate help.
 ...                                              
                                                  
l.1327 ...相关的动作语义。因此，我们将这种流行的基于潜在动作的桥接分为两类：来自视觉重建}
                                                  的\textit{潜在动作，它仅通过重建未来的视觉观...
(That was another \errmessage.)

Missing character: There is no ( ("28) in font nullfont!
Missing character: There is no 2 ("32) in font nullfont!
Missing character: There is no 4 ("34) in font nullfont!
Missing character: There is no . ("2E) in font nullfont!
Missing character: There is no 3 ("33) in font nullfont!
Missing character: There is no 0 ("30) in font nullfont!
Missing character: There is no , ("2C) in font nullfont!
Missing character: There is no 3 ("33) in font nullfont!
Missing character: There is no . ("2E) in font nullfont!
Missing character: There is no 1 ("31) in font nullfont!
Missing character: There is no 7 ("37) in font nullfont!
Missing character: There is no ) ("29) in font nullfont!
Missing character: There is no b ("62) in font nullfont!
Missing character: There is no h ("68) in font nullfont!
Missing character: There is no a ("61) in font nullfont!
Missing character: There is no r ("72) in font nullfont!
Missing character: There is no a ("61) in font nullfont!
Missing character: There is no d ("64) in font nullfont!
Missing character: There is no h ("68) in font nullfont!
Missing character: There is no w ("77) in font nullfont!
Missing character: There is no a ("61) in font nullfont!
Missing character: There is no j ("6A) in font nullfont!
Missing character: There is no 2 ("32) in font nullfont!
Missing character: There is no 0 ("30) in font nullfont!
Missing character: There is no 2 ("32) in font nullfont!
Missing character: There is no 4 ("34) in font nullfont!
Missing character: There is no t ("74) in font nullfont!
Missing character: There is no r ("72) in font nullfont!
Missing character: There is no a ("61) in font nullfont!
Missing character: There is no c ("63) in font nullfont!
Missing character: There is no k ("6B) in font nullfont!
Missing character: There is no 2 ("32) in font nullfont!
Missing character: There is no a ("61) in font nullfont!
Missing character: There is no c ("63) in font nullfont!
Missing character: There is no t ("74) in font nullfont!
Missing character: There is no b ("62) in font nullfont!
Missing character: There is no h ("68) in font nullfont!
Missing character: There is no a ("61) in font nullfont!
Missing character: There is no r ("72) in font nullfont!
Missing character: There is no a ("61) in font nullfont!
Missing character: There is no d ("64) in font nullfont!
Missing character: There is no h ("68) in font nullfont!
Missing character: There is no w ("77) in font nullfont!
Missing character: There is no a ("61) in font nullfont!
Missing character: There is no j ("6A) in font nullfont!
Missing character: There is no 2 ("32) in font nullfont!
Missing character: There is no 0 ("30) in font nullfont!
Missing character: There is no 2 ("32) in font nullfont!
Missing character: There is no 4 ("34) in font nullfont!
Missing character: There is no t ("74) in font nullfont!
Missing character: There is no r ("72) in font nullfont!
Missing character: There is no a ("61) in font nullfont!
Missing character: There is no c ("63) in font nullfont!
Missing character: There is no k ("6B) in font nullfont!
Missing character: There is no 2 ("32) in font nullfont!
Missing character: There is no a ("61) in font nullfont!
Missing character: There is no c ("63) in font nullfont!
Missing character: There is no t ("74) in font nullfont!
Missing character: There is no ; ("3B) in font nullfont!

! Package tikz Error: A node must have a (possibly empty) label text.

See the tikz package documentation for explanation.
Type  H <return>  for immediate help.
 ...                                              
                                                  
l.1327 ...相关的动作语义。因此，我们将这种流行的基于潜在动作的桥接分为两类：来自视觉重建}
                                                  的\textit{潜在动作，它仅通过重建未来的视觉观...
(That was another \errmessage.)


! Package tikz Error: Giving up on this path. Did you forget a semicolon?.

See the tikz package documentation for explanation.
Type  H <return>  for immediate help.
 ...                                              
                                                  
l.1327 ...相关的动作语义。因此，我们将这种流行的基于潜在动作的桥接分为两类：来自视觉重建}
                                                  的\textit{潜在动作，它仅通过重建未来的视觉观...
(That was another \errmessage.)

Missing character: There is no ( ("28) in font nullfont!
Missing character: There is no 2 ("32) in font nullfont!
Missing character: There is no 5 ("35) in font nullfont!
Missing character: There is no . ("2E) in font nullfont!
Missing character: There is no 2 ("32) in font nullfont!
Missing character: There is no 0 ("30) in font nullfont!
Missing character: There is no , ("2C) in font nullfont!
Missing character: There is no - ("2D) in font nullfont!
Missing character: There is no 3 ("33) in font nullfont!
Missing character: There is no . ("2E) in font nullfont!
Missing character: There is no 0 ("30) in font nullfont!
Missing character: There is no 6 ("36) in font nullfont!
Missing character: There is no 9 ("39) in font nullfont!
Missing character: There is no 9 ("39) in font nullfont!
Missing character: There is no 9 ("39) in font nullfont!
Missing character: There is no ) ("29) in font nullfont!
Missing character: There is no x ("78) in font nullfont!
Missing character: There is no u ("75) in font nullfont!
Missing character: There is no 2 ("32) in font nullfont!
Missing character: There is no 0 ("30) in font nullfont!
Missing character: There is no 2 ("32) in font nullfont!
Missing character: There is no 4 ("34) in font nullfont!
Missing character: There is no f ("66) in font nullfont!
Missing character: There is no l ("6C) in font nullfont!
Missing character: There is no o ("6F) in font nullfont!
Missing character: There is no w ("77) in font nullfont!
Missing character: There is no x ("78) in font nullfont!
Missing character: There is no u ("75) in font nullfont!
Missing character: There is no 2 ("32) in font nullfont!
Missing character: There is no 0 ("30) in font nullfont!
Missing character: There is no 2 ("32) in font nullfont!
Missing character: There is no 4 ("34) in font nullfont!
Missing character: There is no f ("66) in font nullfont!
Missing character: There is no l ("6C) in font nullfont!
Missing character: There is no o ("6F) in font nullfont!
Missing character: There is no w ("77) in font nullfont!
Missing character: There is no ; ("3B) in font nullfont!

! Package tikz Error: A node must have a (possibly empty) label text.

See the tikz package documentation for explanation.
Type  H <return>  for immediate help.
 ...                                              
                                                  
l.1327 ...相关的动作语义。因此，我们将这种流行的基于潜在动作的桥接分为两类：来自视觉重建}
                                                  的\textit{潜在动作，它仅通过重建未来的视觉观...
(That was another \errmessage.)


! Package tikz Error: Giving up on this path. Did you forget a semicolon?.

See the tikz package documentation for explanation.
Type  H <return>  for immediate help.
 ...                                              
                                                  
l.1327 ...相关的动作语义。因此，我们将这种流行的基于潜在动作的桥接分为两类：来自视觉重建}
                                                  的\textit{潜在动作，它仅通过重建未来的视觉观...
(That was another \errmessage.)

Missing character: There is no ( ("28) in font nullfont!
Missing character: There is no 2 ("32) in font nullfont!
Missing character: There is no 6 ("36) in font nullfont!
Missing character: There is no . ("2E) in font nullfont!
Missing character: There is no 1 ("31) in font nullfont!
Missing character: There is no 0 ("30) in font nullfont!
Missing character: There is no , ("2C) in font nullfont!
Missing character: There is no 4 ("34) in font nullfont!
Missing character: There is no . ("2E) in font nullfont!
Missing character: There is no 4 ("34) in font nullfont!
Missing character: There is no 7 ("37) in font nullfont!
Missing character: There is no ) ("29) in font nullfont!
Missing character: There is no k ("6B) in font nullfont!
Missing character: There is no u ("75) in font nullfont!
Missing character: There is no a ("61) in font nullfont!
Missing character: There is no n ("6E) in font nullfont!
Missing character: There is no g ("67) in font nullfont!
Missing character: There is no 2 ("32) in font nullfont!
Missing character: There is no 0 ("30) in font nullfont!
Missing character: There is no 2 ("32) in font nullfont!
Missing character: There is no 4 ("34) in font nullfont!
Missing character: There is no r ("72) in font nullfont!
Missing character: There is no a ("61) in font nullfont!
Missing character: There is no m ("6D) in font nullfont!
Missing character: There is no k ("6B) in font nullfont!
Missing character: There is no u ("75) in font nullfont!
Missing character: There is no a ("61) in font nullfont!
Missing character: There is no n ("6E) in font nullfont!
Missing character: There is no g ("67) in font nullfont!
Missing character: There is no 2 ("32) in font nullfont!
Missing character: There is no 0 ("30) in font nullfont!
Missing character: There is no 2 ("32) in font nullfont!
Missing character: There is no 4 ("34) in font nullfont!
Missing character: There is no r ("72) in font nullfont!
Missing character: There is no a ("61) in font nullfont!
Missing character: There is no m ("6D) in font nullfont!
Missing character: There is no ; ("3B) in font nullfont!

! Package tikz Error: A node must have a (possibly empty) label text.

See the tikz package documentation for explanation.
Type  H <return>  for immediate help.
 ...                                              
                                                  
l.1327 ...相关的动作语义。因此，我们将这种流行的基于潜在动作的桥接分为两类：来自视觉重建}
                                                  的\textit{潜在动作，它仅通过重建未来的视觉观...
(That was another \errmessage.)


! Package tikz Error: Giving up on this path. Did you forget a semicolon?.

See the tikz package documentation for explanation.
Type  H <return>  for immediate help.
 ...                                              
                                                  
l.1327 ...相关的动作语义。因此，我们将这种流行的基于潜在动作的桥接分为两类：来自视觉重建}
                                                  的\textit{潜在动作，它仅通过重建未来的视觉观...
(That was another \errmessage.)

Missing character: There is no ( ("28) in font nullfont!
Missing character: There is no 2 ("32) in font nullfont!
Missing character: There is no 7 ("37) in font nullfont!
Missing character: There is no . ("2E) in font nullfont!
Missing character: There is no 0 ("30) in font nullfont!
Missing character: There is no 0 ("30) in font nullfont!
Missing character: There is no , ("2C) in font nullfont!
Missing character: There is no - ("2D) in font nullfont!
Missing character: There is no 4 ("34) in font nullfont!
Missing character: There is no . ("2E) in font nullfont!
Missing character: There is no 3 ("33) in font nullfont!
Missing character: There is no 7 ("37) in font nullfont!
Missing character: There is no ) ("29) in font nullfont!
Missing character: There is no y ("79) in font nullfont!
Missing character: There is no u ("75) in font nullfont!
Missing character: There is no a ("61) in font nullfont!
Missing character: There is no n ("6E) in font nullfont!
Missing character: There is no 2 ("32) in font nullfont!
Missing character: There is no 0 ("30) in font nullfont!
Missing character: There is no 2 ("32) in font nullfont!
Missing character: There is no 4 ("34) in font nullfont!
Missing character: There is no g ("67) in font nullfont!
Missing character: There is no e ("65) in font nullfont!
Missing character: There is no n ("6E) in font nullfont!
Missing character: There is no e ("65) in font nullfont!
Missing character: There is no r ("72) in font nullfont!
Missing character: There is no a ("61) in font nullfont!
Missing character: There is no l ("6C) in font nullfont!
Missing character: There is no y ("79) in font nullfont!
Missing character: There is no u ("75) in font nullfont!
Missing character: There is no a ("61) in font nullfont!
Missing character: There is no n ("6E) in font nullfont!
Missing character: There is no 2 ("32) in font nullfont!
Missing character: There is no 0 ("30) in font nullfont!
Missing character: There is no 2 ("32) in font nullfont!
Missing character: There is no 4 ("34) in font nullfont!
Missing character: There is no g ("67) in font nullfont!
Missing character: There is no e ("65) in font nullfont!
Missing character: There is no n ("6E) in font nullfont!
Missing character: There is no e ("65) in font nullfont!
Missing character: There is no r ("72) in font nullfont!
Missing character: There is no a ("61) in font nullfont!
Missing character: There is no l ("6C) in font nullfont!
Missing character: There is no ; ("3B) in font nullfont!

! Package tikz Error: A node must have a (possibly empty) label text.

See the tikz package documentation for explanation.
Type  H <return>  for immediate help.
 ...                                              
                                                  
l.1327 ...相关的动作语义。因此，我们将这种流行的基于潜在动作的桥接分为两类：来自视觉重建}
                                                  的\textit{潜在动作，它仅通过重建未来的视觉观...
(That was another \errmessage.)


! Package tikz Error: Giving up on this path. Did you forget a semicolon?.

See the tikz package documentation for explanation.
Type  H <return>  for immediate help.
 ...                                              
                                                  
l.1327 ...相关的动作语义。因此，我们将这种流行的基于潜在动作的桥接分为两类：来自视觉重建}
                                                  的\textit{潜在动作，它仅通过重建未来的视觉观...
(That was another \errmessage.)

Missing character: There is no ( ("28) in font nullfont!
Missing character: There is no 2 ("32) in font nullfont!
Missing character: There is no 7 ("37) in font nullfont!
Missing character: There is no . ("2E) in font nullfont!
Missing character: There is no 9 ("39) in font nullfont!
Missing character: There is no 0 ("30) in font nullfont!
Missing character: There is no , ("2C) in font nullfont!
Missing character: There is no 1 ("31) in font nullfont!
Missing character: There is no . ("2E) in font nullfont!
Missing character: There is no 8 ("38) in font nullfont!
Missing character: There is no 7 ("37) in font nullfont!
Missing character: There is no ) ("29) in font nullfont!
Missing character: There is no h ("68) in font nullfont!
Missing character: There is no e ("65) in font nullfont!
Missing character: There is no p ("70) in font nullfont!
Missing character: There is no p ("70) in font nullfont!
Missing character: There is no e ("65) in font nullfont!
Missing character: There is no r ("72) in font nullfont!
Missing character: There is no t ("74) in font nullfont!
Missing character: There is no 2 ("32) in font nullfont!
Missing character: There is no 0 ("30) in font nullfont!
Missing character: There is no 2 ("32) in font nullfont!
Missing character: There is no 4 ("34) in font nullfont!
Missing character: There is no d ("64) in font nullfont!
Missing character: There is no i ("69) in font nullfont!
Missing character: There is no t ("74) in font nullfont!
Missing character: There is no t ("74) in font nullfont!
Missing character: There is no o ("6F) in font nullfont!
Missing character: There is no h ("68) in font nullfont!
Missing character: There is no e ("65) in font nullfont!
Missing character: There is no p ("70) in font nullfont!
Missing character: There is no p ("70) in font nullfont!
Missing character: There is no e ("65) in font nullfont!
Missing character: There is no r ("72) in font nullfont!
Missing character: There is no t ("74) in font nullfont!
Missing character: There is no 2 ("32) in font nullfont!
Missing character: There is no 0 ("30) in font nullfont!
Missing character: There is no 2 ("32) in font nullfont!
Missing character: There is no 4 ("34) in font nullfont!
Missing character: There is no d ("64) in font nullfont!
Missing character: There is no i ("69) in font nullfont!
Missing character: There is no t ("74) in font nullfont!
Missing character: There is no t ("74) in font nullfont!
Missing character: There is no o ("6F) in font nullfont!
Missing character: There is no ; ("3B) in font nullfont!

! Package tikz Error: A node must have a (possibly empty) label text.

See the tikz package documentation for explanation.
Type  H <return>  for immediate help.
 ...                                              
                                                  
l.1327 ...相关的动作语义。因此，我们将这种流行的基于潜在动作的桥接分为两类：来自视觉重建}
                                                  的\textit{潜在动作，它仅通过重建未来的视觉观...
(That was another \errmessage.)


! Package tikz Error: Giving up on this path. Did you forget a semicolon?.

See the tikz package documentation for explanation.
Type  H <return>  for immediate help.
 ...                                              
                                                  
l.1327 ...相关的动作语义。因此，我们将这种流行的基于潜在动作的桥接分为两类：来自视觉重建}
                                                  的\textit{潜在动作，它仅通过重建未来的视觉观...
(That was another \errmessage.)

Missing character: There is no ( ("28) in font nullfont!
Missing character: There is no 2 ("32) in font nullfont!
Missing character: There is no 7 ("37) in font nullfont!
Missing character: There is no . ("2E) in font nullfont!
Missing character: There is no 9 ("39) in font nullfont!
Missing character: There is no 0 ("30) in font nullfont!
Missing character: There is no , ("2C) in font nullfont!
Missing character: There is no - ("2D) in font nullfont!
Missing character: There is no 1 ("31) in font nullfont!
Missing character: There is no 0 ("30) in font nullfont!
Missing character: There is no . ("2E) in font nullfont!
Missing character: There is no 2 ("32) in font nullfont!
Missing character: There is no 6 ("36) in font nullfont!
Missing character: There is no 9 ("39) in font nullfont!
Missing character: There is no 9 ("39) in font nullfont!
Missing character: There is no 9 ("39) in font nullfont!
Missing character: There is no ) ("29) in font nullfont!
Missing character: There is no j ("6A) in font nullfont!
Missing character: There is no u ("75) in font nullfont!
Missing character: There is no 2 ("32) in font nullfont!
Missing character: There is no 0 ("30) in font nullfont!
Missing character: There is no 2 ("32) in font nullfont!
Missing character: There is no 4 ("34) in font nullfont!
Missing character: There is no r ("72) in font nullfont!
Missing character: There is no o ("6F) in font nullfont!
Missing character: There is no b ("62) in font nullfont!
Missing character: There is no o ("6F) in font nullfont!
Missing character: There is no j ("6A) in font nullfont!
Missing character: There is no u ("75) in font nullfont!
Missing character: There is no 2 ("32) in font nullfont!
Missing character: There is no 0 ("30) in font nullfont!
Missing character: There is no 2 ("32) in font nullfont!
Missing character: There is no 4 ("34) in font nullfont!
Missing character: There is no r ("72) in font nullfont!
Missing character: There is no o ("6F) in font nullfont!
Missing character: There is no b ("62) in font nullfont!
Missing character: There is no o ("6F) in font nullfont!
Missing character: There is no ; ("3B) in font nullfont!

! Package tikz Error: A node must have a (possibly empty) label text.

See the tikz package documentation for explanation.
Type  H <return>  for immediate help.
 ...                                              
                                                  
l.1327 ...相关的动作语义。因此，我们将这种流行的基于潜在动作的桥接分为两类：来自视觉重建}
                                                  的\textit{潜在动作，它仅通过重建未来的视觉观...
(That was another \errmessage.)


! Package tikz Error: Giving up on this path. Did you forget a semicolon?.

See the tikz package documentation for explanation.
Type  H <return>  for immediate help.
 ...                                              
                                                  
l.1327 ...相关的动作语义。因此，我们将这种流行的基于潜在动作的桥接分为两类：来自视觉重建}
                                                  的\textit{潜在动作，它仅通过重建未来的视觉观...
(That was another \errmessage.)

Missing character: There is no ( ("28) in font nullfont!
Missing character: There is no 2 ("32) in font nullfont!
Missing character: There is no 7 ("37) in font nullfont!
Missing character: There is no . ("2E) in font nullfont!
Missing character: There is no 0 ("30) in font nullfont!
Missing character: There is no 0 ("30) in font nullfont!
Missing character: There is no , ("2C) in font nullfont!
Missing character: There is no - ("2D) in font nullfont!
Missing character: There is no 5 ("35) in font nullfont!
Missing character: There is no . ("2E) in font nullfont!
Missing character: There is no 2 ("32) in font nullfont!
Missing character: There is no 3 ("33) in font nullfont!
Missing character: There is no 0 ("30) in font nullfont!
Missing character: There is no 0 ("30) in font nullfont!
Missing character: There is no 1 ("31) in font nullfont!
Missing character: There is no ) ("29) in font nullfont!
Missing character: There is no k ("6B) in font nullfont!
Missing character: There is no e ("65) in font nullfont!
Missing character: There is no r ("72) in font nullfont!
Missing character: There is no r ("72) in font nullfont!
Missing character: There is no 2 ("32) in font nullfont!
Missing character: There is no 0 ("30) in font nullfont!
Missing character: There is no 2 ("32) in font nullfont!
Missing character: There is no 4 ("34) in font nullfont!
Missing character: There is no r ("72) in font nullfont!
Missing character: There is no o ("6F) in font nullfont!
Missing character: There is no b ("62) in font nullfont!
Missing character: There is no o ("6F) in font nullfont!
Missing character: There is no t ("74) in font nullfont!
Missing character: There is no k ("6B) in font nullfont!
Missing character: There is no e ("65) in font nullfont!
Missing character: There is no r ("72) in font nullfont!
Missing character: There is no r ("72) in font nullfont!
Missing character: There is no 2 ("32) in font nullfont!
Missing character: There is no 0 ("30) in font nullfont!
Missing character: There is no 2 ("32) in font nullfont!
Missing character: There is no 4 ("34) in font nullfont!
Missing character: There is no r ("72) in font nullfont!
Missing character: There is no o ("6F) in font nullfont!
Missing character: There is no b ("62) in font nullfont!
Missing character: There is no o ("6F) in font nullfont!
Missing character: There is no t ("74) in font nullfont!
Missing character: There is no ; ("3B) in font nullfont!

! Package tikz Error: A node must have a (possibly empty) label text.

See the tikz package documentation for explanation.
Type  H <return>  for immediate help.
 ...                                              
                                                  
l.1327 ...相关的动作语义。因此，我们将这种流行的基于潜在动作的桥接分为两类：来自视觉重建}
                                                  的\textit{潜在动作，它仅通过重建未来的视觉观...
(That was another \errmessage.)


! Package tikz Error: Giving up on this path. Did you forget a semicolon?.

See the tikz package documentation for explanation.
Type  H <return>  for immediate help.
 ...                                              
                                                  
l.1327 ...相关的动作语义。因此，我们将这种流行的基于潜在动作的桥接分为两类：来自视觉重建}
                                                  的\textit{潜在动作，它仅通过重建未来的视觉观...
(That was another \errmessage.)

Missing character: There is no ( ("28) in font nullfont!
Missing character: There is no 2 ("32) in font nullfont!
Missing character: There is no 6 ("36) in font nullfont!
Missing character: There is no . ("2E) in font nullfont!
Missing character: There is no 1 ("31) in font nullfont!
Missing character: There is no 0 ("30) in font nullfont!
Missing character: There is no , ("2C) in font nullfont!
Missing character: There is no - ("2D) in font nullfont!
Missing character: There is no 1 ("31) in font nullfont!
Missing character: There is no 1 ("31) in font nullfont!
Missing character: There is no . ("2E) in font nullfont!
Missing character: There is no 5 ("35) in font nullfont!
Missing character: There is no 6 ("36) in font nullfont!
Missing character: There is no 9 ("39) in font nullfont!
Missing character: There is no 9 ("39) in font nullfont!
Missing character: There is no 9 ("39) in font nullfont!
Missing character: There is no ) ("29) in font nullfont!
Missing character: There is no b ("62) in font nullfont!
Missing character: There is no a ("61) in font nullfont!
Missing character: There is no h ("68) in font nullfont!
Missing character: There is no e ("65) in font nullfont!
Missing character: There is no t ("74) in font nullfont!
Missing character: There is no y ("79) in font nullfont!
Missing character: There is no 2 ("32) in font nullfont!
Missing character: There is no 0 ("30) in font nullfont!
Missing character: There is no 2 ("32) in font nullfont!
Missing character: There is no 4 ("34) in font nullfont!
Missing character: There is no s ("73) in font nullfont!
Missing character: There is no c ("63) in font nullfont!
Missing character: There is no r ("72) in font nullfont!
Missing character: There is no e ("65) in font nullfont!
Missing character: There is no w ("77) in font nullfont!
Missing character: There is no m ("6D) in font nullfont!
Missing character: There is no i ("69) in font nullfont!
Missing character: There is no m ("6D) in font nullfont!
Missing character: There is no i ("69) in font nullfont!
Missing character: There is no c ("63) in font nullfont!
Missing character: There is no b ("62) in font nullfont!
Missing character: There is no a ("61) in font nullfont!
Missing character: There is no h ("68) in font nullfont!
Missing character: There is no e ("65) in font nullfont!
Missing character: There is no t ("74) in font nullfont!
Missing character: There is no y ("79) in font nullfont!
Missing character: There is no 2 ("32) in font nullfont!
Missing character: There is no 0 ("30) in font nullfont!
Missing character: There is no 2 ("32) in font nullfont!
Missing character: There is no 4 ("34) in font nullfont!
Missing character: There is no s ("73) in font nullfont!
Missing character: There is no c ("63) in font nullfont!
Missing character: There is no r ("72) in font nullfont!
Missing character: There is no e ("65) in font nullfont!
Missing character: There is no w ("77) in font nullfont!
Missing character: There is no m ("6D) in font nullfont!
Missing character: There is no i ("69) in font nullfont!
Missing character: There is no m ("6D) in font nullfont!
Missing character: There is no i ("69) in font nullfont!
Missing character: There is no c ("63) in font nullfont!
Missing character: There is no ; ("3B) in font nullfont!

! Package tikz Error: A node must have a (possibly empty) label text.

See the tikz package documentation for explanation.
Type  H <return>  for immediate help.
 ...                                              
                                                  
l.1327 ...相关的动作语义。因此，我们将这种流行的基于潜在动作的桥接分为两类：来自视觉重建}
                                                  的\textit{潜在动作，它仅通过重建未来的视觉观...
(That was another \errmessage.)


! Package tikz Error: Giving up on this path. Did you forget a semicolon?.

See the tikz package documentation for explanation.
Type  H <return>  for immediate help.
 ...                                              
                                                  
l.1327 ...相关的动作语义。因此，我们将这种流行的基于潜在动作的桥接分为两类：来自视觉重建}
                                                  的\textit{潜在动作，它仅通过重建未来的视觉观...
(That was another \errmessage.)

Missing character: There is no ( ("28) in font nullfont!
Missing character: There is no 2 ("32) in font nullfont!
Missing character: There is no 5 ("35) in font nullfont!
Missing character: There is no . ("2E) in font nullfont!
Missing character: There is no 2 ("32) in font nullfont!
Missing character: There is no 0 ("30) in font nullfont!
Missing character: There is no , ("2C) in font nullfont!
Missing character: There is no - ("2D) in font nullfont!
Missing character: There is no 3 ("33) in font nullfont!
Missing character: There is no . ("2E) in font nullfont!
Missing character: There is no 9 ("39) in font nullfont!
Missing character: There is no 3 ("33) in font nullfont!
Missing character: There is no 0 ("30) in font nullfont!
Missing character: There is no 0 ("30) in font nullfont!
Missing character: There is no 1 ("31) in font nullfont!
Missing character: There is no ) ("29) in font nullfont!
Missing character: There is no z ("7A) in font nullfont!
Missing character: There is no h ("68) in font nullfont!
Missing character: There is no u ("75) in font nullfont!
Missing character: There is no 2 ("32) in font nullfont!
Missing character: There is no 0 ("30) in font nullfont!
Missing character: There is no 2 ("32) in font nullfont!
Missing character: There is no 4 ("34) in font nullfont!
Missing character: There is no v ("76) in font nullfont!
Missing character: There is no i ("69) in font nullfont!
Missing character: There is no s ("73) in font nullfont!
Missing character: There is no i ("69) in font nullfont!
Missing character: There is no o ("6F) in font nullfont!
Missing character: There is no n ("6E) in font nullfont!
Missing character: There is no z ("7A) in font nullfont!
Missing character: There is no h ("68) in font nullfont!
Missing character: There is no u ("75) in font nullfont!
Missing character: There is no 2 ("32) in font nullfont!
Missing character: There is no 0 ("30) in font nullfont!
Missing character: There is no 2 ("32) in font nullfont!
Missing character: There is no 4 ("34) in font nullfont!
Missing character: There is no v ("76) in font nullfont!
Missing character: There is no i ("69) in font nullfont!
Missing character: There is no s ("73) in font nullfont!
Missing character: There is no i ("69) in font nullfont!
Missing character: There is no o ("6F) in font nullfont!
Missing character: There is no n ("6E) in font nullfont!
Missing character: There is no ; ("3B) in font nullfont!

! Package tikz Error: A node must have a (possibly empty) label text.

See the tikz package documentation for explanation.
Type  H <return>  for immediate help.
 ...                                              
                                                  
l.1327 ...相关的动作语义。因此，我们将这种流行的基于潜在动作的桥接分为两类：来自视觉重建}
                                                  的\textit{潜在动作，它仅通过重建未来的视觉观...
(That was another \errmessage.)


! Package tikz Error: Giving up on this path. Did you forget a semicolon?.

See the tikz package documentation for explanation.
Type  H <return>  for immediate help.
 ...                                              
                                                  
l.1327 ...相关的动作语义。因此，我们将这种流行的基于潜在动作的桥接分为两类：来自视觉重建}
                                                  的\textit{潜在动作，它仅通过重建未来的视觉观...
(That was another \errmessage.)

Missing character: There is no ( ("28) in font nullfont!
Missing character: There is no 2 ("32) in font nullfont!
Missing character: There is no 4 ("34) in font nullfont!
Missing character: There is no . ("2E) in font nullfont!
Missing character: There is no 3 ("33) in font nullfont!
Missing character: There is no 0 ("30) in font nullfont!
Missing character: There is no , ("2C) in font nullfont!
Missing character: There is no - ("2D) in font nullfont!
Missing character: There is no 1 ("31) in font nullfont!
Missing character: There is no 1 ("31) in font nullfont!
Missing character: There is no . ("2E) in font nullfont!
Missing character: There is no 1 ("31) in font nullfont!
Missing character: There is no 2 ("32) in font nullfont!
Missing character: There is no ) ("29) in font nullfont!
Missing character: There is no l ("6C) in font nullfont!
Missing character: There is no i ("69) in font nullfont!
Missing character: There is no 2 ("32) in font nullfont!
Missing character: There is no 0 ("30) in font nullfont!
Missing character: There is no 2 ("32) in font nullfont!
Missing character: There is no 4 ("34) in font nullfont!
Missing character: There is no o ("6F) in font nullfont!
Missing character: There is no k ("6B) in font nullfont!
Missing character: There is no a ("61) in font nullfont!
Missing character: There is no m ("6D) in font nullfont!
Missing character: There is no i ("69) in font nullfont!
Missing character: There is no l ("6C) in font nullfont!
Missing character: There is no i ("69) in font nullfont!
Missing character: There is no 2 ("32) in font nullfont!
Missing character: There is no 0 ("30) in font nullfont!
Missing character: There is no 2 ("32) in font nullfont!
Missing character: There is no 4 ("34) in font nullfont!
Missing character: There is no o ("6F) in font nullfont!
Missing character: There is no k ("6B) in font nullfont!
Missing character: There is no a ("61) in font nullfont!
Missing character: There is no m ("6D) in font nullfont!
Missing character: There is no i ("69) in font nullfont!
Missing character: There is no ; ("3B) in font nullfont!

! Package tikz Error: A node must have a (possibly empty) label text.

See the tikz package documentation for explanation.
Type  H <return>  for immediate help.
 ...                                              
                                                  
l.1327 ...相关的动作语义。因此，我们将这种流行的基于潜在动作的桥接分为两类：来自视觉重建}
                                                  的\textit{潜在动作，它仅通过重建未来的视觉观...
(That was another \errmessage.)


! Package tikz Error: Giving up on this path. Did you forget a semicolon?.

See the tikz package documentation for explanation.
Type  H <return>  for immediate help.
 ...                                              
                                                  
l.1327 ...相关的动作语义。因此，我们将这种流行的基于潜在动作的桥接分为两类：来自视觉重建}
                                                  的\textit{潜在动作，它仅通过重建未来的视觉观...
(That was another \errmessage.)

Missing character: There is no ( ("28) in font nullfont!
Missing character: There is no 2 ("32) in font nullfont!
Missing character: There is no 3 ("33) in font nullfont!
Missing character: There is no . ("2E) in font nullfont!
Missing character: There is no 4 ("34) in font nullfont!
Missing character: There is no 0 ("30) in font nullfont!
Missing character: There is no , ("2C) in font nullfont!
Missing character: There is no - ("2D) in font nullfont!
Missing character: There is no 6 ("36) in font nullfont!
Missing character: There is no . ("2E) in font nullfont!
Missing character: There is no 5 ("35) in font nullfont!
Missing character: There is no 3 ("33) in font nullfont!
Missing character: There is no ) ("29) in font nullfont!
Missing character: There is no c ("63) in font nullfont!
Missing character: There is no h ("68) in font nullfont!
Missing character: There is no e ("65) in font nullfont!
Missing character: There is no n ("6E) in font nullfont!
Missing character: There is no 2 ("32) in font nullfont!
Missing character: There is no 0 ("30) in font nullfont!
Missing character: There is no 2 ("32) in font nullfont!
Missing character: There is no 5 ("35) in font nullfont!
Missing character: There is no v ("76) in font nullfont!
Missing character: There is no i ("69) in font nullfont!
Missing character: There is no s ("73) in font nullfont!
Missing character: There is no a ("61) in font nullfont!
Missing character: There is no c ("63) in font nullfont!
Missing character: There is no h ("68) in font nullfont!
Missing character: There is no e ("65) in font nullfont!
Missing character: There is no n ("6E) in font nullfont!
Missing character: There is no 2 ("32) in font nullfont!
Missing character: There is no 0 ("30) in font nullfont!
Missing character: There is no 2 ("32) in font nullfont!
Missing character: There is no 5 ("35) in font nullfont!
Missing character: There is no v ("76) in font nullfont!
Missing character: There is no i ("69) in font nullfont!
Missing character: There is no s ("73) in font nullfont!
Missing character: There is no a ("61) in font nullfont!
Missing character: There is no ; ("3B) in font nullfont!

! Package tikz Error: A node must have a (possibly empty) label text.

See the tikz package documentation for explanation.
Type  H <return>  for immediate help.
 ...                                              
                                                  
l.1327 ...相关的动作语义。因此，我们将这种流行的基于潜在动作的桥接分为两类：来自视觉重建}
                                                  的\textit{潜在动作，它仅通过重建未来的视觉观...
(That was another \errmessage.)


! Package tikz Error: Giving up on this path. Did you forget a semicolon?.

See the tikz package documentation for explanation.
Type  H <return>  for immediate help.
 ...                                              
                                                  
l.1327 ...相关的动作语义。因此，我们将这种流行的基于潜在动作的桥接分为两类：来自视觉重建}
                                                  的\textit{潜在动作，它仅通过重建未来的视觉观...
(That was another \errmessage.)

Missing character: There is no ( ("28) in font nullfont!
Missing character: There is no 2 ("32) in font nullfont!
Missing character: There is no 2 ("32) in font nullfont!
Missing character: There is no . ("2E) in font nullfont!
Missing character: There is no 5 ("35) in font nullfont!
Missing character: There is no 0 ("30) in font nullfont!
Missing character: There is no , ("2C) in font nullfont!
Missing character: There is no - ("2D) in font nullfont!
Missing character: There is no 1 ("31) in font nullfont!
Missing character: There is no 0 ("30) in font nullfont!
Missing character: There is no . ("2E) in font nullfont!
Missing character: There is no 2 ("32) in font nullfont!
Missing character: There is no 6 ("36) in font nullfont!
Missing character: There is no 9 ("39) in font nullfont!
Missing character: There is no 9 ("39) in font nullfont!
Missing character: There is no 9 ("39) in font nullfont!
Missing character: There is no ) ("29) in font nullfont!
Missing character: There is no s ("73) in font nullfont!
Missing character: There is no p ("70) in font nullfont!
Missing character: There is no i ("69) in font nullfont!
Missing character: There is no r ("72) in font nullfont!
Missing character: There is no i ("69) in font nullfont!
Missing character: There is no d ("64) in font nullfont!
Missing character: There is no o ("6F) in font nullfont!
Missing character: There is no n ("6E) in font nullfont!
Missing character: There is no o ("6F) in font nullfont!
Missing character: There is no v ("76) in font nullfont!
Missing character: There is no 2 ("32) in font nullfont!
Missing character: There is no 0 ("30) in font nullfont!
Missing character: There is no 2 ("32) in font nullfont!
Missing character: There is no 5 ("35) in font nullfont!
Missing character: There is no g ("67) in font nullfont!
Missing character: There is no e ("65) in font nullfont!
Missing character: There is no n ("6E) in font nullfont!
Missing character: There is no e ("65) in font nullfont!
Missing character: There is no r ("72) in font nullfont!
Missing character: There is no a ("61) in font nullfont!
Missing character: There is no l ("6C) in font nullfont!
Missing character: There is no i ("69) in font nullfont!
Missing character: There is no s ("73) in font nullfont!
Missing character: There is no t ("74) in font nullfont!
Missing character: There is no s ("73) in font nullfont!
Missing character: There is no p ("70) in font nullfont!
Missing character: There is no i ("69) in font nullfont!
Missing character: There is no r ("72) in font nullfont!
Missing character: There is no i ("69) in font nullfont!
Missing character: There is no d ("64) in font nullfont!
Missing character: There is no o ("6F) in font nullfont!
Missing character: There is no n ("6E) in font nullfont!
Missing character: There is no o ("6F) in font nullfont!
Missing character: There is no v ("76) in font nullfont!
Missing character: There is no 2 ("32) in font nullfont!
Missing character: There is no 0 ("30) in font nullfont!
Missing character: There is no 2 ("32) in font nullfont!
Missing character: There is no 5 ("35) in font nullfont!
Missing character: There is no g ("67) in font nullfont!
Missing character: There is no e ("65) in font nullfont!
Missing character: There is no n ("6E) in font nullfont!
Missing character: There is no e ("65) in font nullfont!
Missing character: There is no r ("72) in font nullfont!
Missing character: There is no a ("61) in font nullfont!
Missing character: There is no l ("6C) in font nullfont!
Missing character: There is no i ("69) in font nullfont!
Missing character: There is no s ("73) in font nullfont!
Missing character: There is no t ("74) in font nullfont!
Missing character: There is no ; ("3B) in font nullfont!

! Package tikz Error: A node must have a (possibly empty) label text.

See the tikz package documentation for explanation.
Type  H <return>  for immediate help.
 ...                                              
                                                  
l.1327 ...相关的动作语义。因此，我们将这种流行的基于潜在动作的桥接分为两类：来自视觉重建}
                                                  的\textit{潜在动作，它仅通过重建未来的视觉观...
(That was another \errmessage.)


! Package tikz Error: Giving up on this path. Did you forget a semicolon?.

See the tikz package documentation for explanation.
Type  H <return>  for immediate help.
 ...                                              
                                                  
l.1327 ...相关的动作语义。因此，我们将这种流行的基于潜在动作的桥接分为两类：来自视觉重建}
                                                  的\textit{潜在动作，它仅通过重建未来的视觉观...
(That was another \errmessage.)

Missing character: There is no ( ("28) in font nullfont!
Missing character: There is no 2 ("32) in font nullfont!
Missing character: There is no 1 ("31) in font nullfont!
Missing character: There is no . ("2E) in font nullfont!
Missing character: There is no 6 ("36) in font nullfont!
Missing character: There is no 0 ("30) in font nullfont!
Missing character: There is no , ("2C) in font nullfont!
Missing character: There is no - ("2D) in font nullfont!
Missing character: There is no 5 ("35) in font nullfont!
Missing character: There is no . ("2E) in font nullfont!
Missing character: There is no 2 ("32) in font nullfont!
Missing character: There is no 3 ("33) in font nullfont!
Missing character: There is no 0 ("30) in font nullfont!
Missing character: There is no 0 ("30) in font nullfont!
Missing character: There is no 1 ("31) in font nullfont!
Missing character: There is no ) ("29) in font nullfont!
Missing character: There is no y ("79) in font nullfont!
Missing character: There is no a ("61) in font nullfont!
Missing character: There is no n ("6E) in font nullfont!
Missing character: There is no g ("67) in font nullfont!
Missing character: There is no 2 ("32) in font nullfont!
Missing character: There is no 0 ("30) in font nullfont!
Missing character: There is no 2 ("32) in font nullfont!
Missing character: There is no 5 ("35) in font nullfont!
Missing character: There is no a ("61) in font nullfont!
Missing character: There is no r ("72) in font nullfont!
Missing character: There is no y ("79) in font nullfont!
Missing character: There is no a ("61) in font nullfont!
Missing character: There is no n ("6E) in font nullfont!
Missing character: There is no g ("67) in font nullfont!
Missing character: There is no 2 ("32) in font nullfont!
Missing character: There is no 0 ("30) in font nullfont!
Missing character: There is no 2 ("32) in font nullfont!
Missing character: There is no 5 ("35) in font nullfont!
Missing character: There is no a ("61) in font nullfont!
Missing character: There is no r ("72) in font nullfont!
Missing character: There is no ; ("3B) in font nullfont!

! Package tikz Error: A node must have a (possibly empty) label text.

See the tikz package documentation for explanation.
Type  H <return>  for immediate help.
 ...                                              
                                                  
l.1327 ...相关的动作语义。因此，我们将这种流行的基于潜在动作的桥接分为两类：来自视觉重建}
                                                  的\textit{潜在动作，它仅通过重建未来的视觉观...
(That was another \errmessage.)


! Package tikz Error: Giving up on this path. Did you forget a semicolon?.

See the tikz package documentation for explanation.
Type  H <return>  for immediate help.
 ...                                              
                                                  
l.1327 ...相关的动作语义。因此，我们将这种流行的基于潜在动作的桥接分为两类：来自视觉重建}
                                                  的\textit{潜在动作，它仅通过重建未来的视觉观...
(That was another \errmessage.)

Missing character: There is no ( ("28) in font nullfont!
Missing character: There is no 2 ("32) in font nullfont!
Missing character: There is no 0 ("30) in font nullfont!
Missing character: There is no . ("2E) in font nullfont!
Missing character: There is no 7 ("37) in font nullfont!
Missing character: There is no 0 ("30) in font nullfont!
Missing character: There is no , ("2C) in font nullfont!
Missing character: There is no - ("2D) in font nullfont!
Missing character: There is no 1 ("31) in font nullfont!
Missing character: There is no 1 ("31) in font nullfont!
Missing character: There is no . ("2E) in font nullfont!
Missing character: There is no 5 ("35) in font nullfont!
Missing character: There is no 6 ("36) in font nullfont!
Missing character: There is no 9 ("39) in font nullfont!
Missing character: There is no 9 ("39) in font nullfont!
Missing character: There is no 9 ("39) in font nullfont!
Missing character: There is no ) ("29) in font nullfont!
Missing character: There is no j ("6A) in font nullfont!
Missing character: There is no i ("69) in font nullfont!
Missing character: There is no a ("61) in font nullfont!
Missing character: There is no n ("6E) in font nullfont!
Missing character: There is no g ("67) in font nullfont!
Missing character: There is no 2 ("32) in font nullfont!
Missing character: There is no 0 ("30) in font nullfont!
Missing character: There is no 2 ("32) in font nullfont!
Missing character: There is no 5 ("35) in font nullfont!
Missing character: There is no r ("72) in font nullfont!
Missing character: There is no y ("79) in font nullfont!
Missing character: There is no n ("6E) in font nullfont!
Missing character: There is no n ("6E) in font nullfont!
Missing character: There is no v ("76) in font nullfont!
Missing character: There is no l ("6C) in font nullfont!
Missing character: There is no a ("61) in font nullfont!
Missing character: There is no j ("6A) in font nullfont!
Missing character: There is no i ("69) in font nullfont!
Missing character: There is no a ("61) in font nullfont!
Missing character: There is no n ("6E) in font nullfont!
Missing character: There is no g ("67) in font nullfont!
Missing character: There is no 2 ("32) in font nullfont!
Missing character: There is no 0 ("30) in font nullfont!
Missing character: There is no 2 ("32) in font nullfont!
Missing character: There is no 5 ("35) in font nullfont!
Missing character: There is no r ("72) in font nullfont!
Missing character: There is no y ("79) in font nullfont!
Missing character: There is no n ("6E) in font nullfont!
Missing character: There is no n ("6E) in font nullfont!
Missing character: There is no v ("76) in font nullfont!
Missing character: There is no l ("6C) in font nullfont!
Missing character: There is no a ("61) in font nullfont!
Missing character: There is no ; ("3B) in font nullfont!

! Package tikz Error: A node must have a (possibly empty) label text.

See the tikz package documentation for explanation.
Type  H <return>  for immediate help.
 ...                                              
                                                  
l.1327 ...相关的动作语义。因此，我们将这种流行的基于潜在动作的桥接分为两类：来自视觉重建}
                                                  的\textit{潜在动作，它仅通过重建未来的视觉观...
(That was another \errmessage.)


! Package tikz Error: Giving up on this path. Did you forget a semicolon?.

See the tikz package documentation for explanation.
Type  H <return>  for immediate help.
 ...                                              
                                                  
l.1327 ...相关的动作语义。因此，我们将这种流行的基于潜在动作的桥接分为两类：来自视觉重建}
                                                  的\textit{潜在动作，它仅通过重建未来的视觉观...
(That was another \errmessage.)

Missing character: There is no ( ("28) in font nullfont!
Missing character: There is no 1 ("31) in font nullfont!
Missing character: There is no 9 ("39) in font nullfont!
Missing character: There is no . ("2E) in font nullfont!
Missing character: There is no 8 ("38) in font nullfont!
Missing character: There is no 0 ("30) in font nullfont!
Missing character: There is no , ("2C) in font nullfont!
Missing character: There is no - ("2D) in font nullfont!
Missing character: There is no 3 ("33) in font nullfont!
Missing character: There is no . ("2E) in font nullfont!
Missing character: There is no 9 ("39) in font nullfont!
Missing character: There is no 3 ("33) in font nullfont!
Missing character: There is no 0 ("30) in font nullfont!
Missing character: There is no 0 ("30) in font nullfont!
Missing character: There is no 1 ("31) in font nullfont!
Missing character: There is no ) ("29) in font nullfont!
Missing character: There is no y ("79) in font nullfont!
Missing character: There is no o ("6F) in font nullfont!
Missing character: There is no s ("73) in font nullfont!
Missing character: There is no h ("68) in font nullfont!
Missing character: There is no i ("69) in font nullfont!
Missing character: There is no d ("64) in font nullfont!
Missing character: There is no a ("61) in font nullfont!
Missing character: There is no 2 ("32) in font nullfont!
Missing character: There is no 0 ("30) in font nullfont!
Missing character: There is no 2 ("32) in font nullfont!
Missing character: There is no 5 ("35) in font nullfont!
Missing character: There is no d ("64) in font nullfont!
Missing character: There is no e ("65) in font nullfont!
Missing character: There is no v ("76) in font nullfont!
Missing character: There is no e ("65) in font nullfont!
Missing character: There is no l ("6C) in font nullfont!
Missing character: There is no o ("6F) in font nullfont!
Missing character: There is no p ("70) in font nullfont!
Missing character: There is no i ("69) in font nullfont!
Missing character: There is no n ("6E) in font nullfont!
Missing character: There is no g ("67) in font nullfont!
Missing character: There is no y ("79) in font nullfont!
Missing character: There is no o ("6F) in font nullfont!
Missing character: There is no s ("73) in font nullfont!
Missing character: There is no h ("68) in font nullfont!
Missing character: There is no i ("69) in font nullfont!
Missing character: There is no d ("64) in font nullfont!
Missing character: There is no a ("61) in font nullfont!
Missing character: There is no 2 ("32) in font nullfont!
Missing character: There is no 0 ("30) in font nullfont!
Missing character: There is no 2 ("32) in font nullfont!
Missing character: There is no 5 ("35) in font nullfont!
Missing character: There is no d ("64) in font nullfont!
Missing character: There is no e ("65) in font nullfont!
Missing character: There is no v ("76) in font nullfont!
Missing character: There is no e ("65) in font nullfont!
Missing character: There is no l ("6C) in font nullfont!
Missing character: There is no o ("6F) in font nullfont!
Missing character: There is no p ("70) in font nullfont!
Missing character: There is no i ("69) in font nullfont!
Missing character: There is no n ("6E) in font nullfont!
Missing character: There is no g ("67) in font nullfont!
Missing character: There is no ; ("3B) in font nullfont!

! Package tikz Error: A node must have a (possibly empty) label text.

See the tikz package documentation for explanation.
Type  H <return>  for immediate help.
 ...                                              
                                                  
l.1327 ...相关的动作语义。因此，我们将这种流行的基于潜在动作的桥接分为两类：来自视觉重建}
                                                  的\textit{潜在动作，它仅通过重建未来的视觉观...
(That was another \errmessage.)


! Package tikz Error: Giving up on this path. Did you forget a semicolon?.

See the tikz package documentation for explanation.
Type  H <return>  for immediate help.
 ...                                              
                                                  
l.1327 ...相关的动作语义。因此，我们将这种流行的基于潜在动作的桥接分为两类：来自视觉重建}
                                                  的\textit{潜在动作，它仅通过重建未来的视觉观...
(That was another \errmessage.)

Missing character: There is no ( ("28) in font nullfont!
Missing character: There is no 1 ("31) in font nullfont!
Missing character: There is no 8 ("38) in font nullfont!
Missing character: There is no . ("2E) in font nullfont!
Missing character: There is no 9 ("39) in font nullfont!
Missing character: There is no 0 ("30) in font nullfont!
Missing character: There is no , ("2C) in font nullfont!
Missing character: There is no - ("2D) in font nullfont!
Missing character: There is no 1 ("31) in font nullfont!
Missing character: There is no 2 ("32) in font nullfont!
Missing character: There is no . ("2E) in font nullfont!
Missing character: There is no 8 ("38) in font nullfont!
Missing character: There is no 7 ("37) in font nullfont!
Missing character: There is no ) ("29) in font nullfont!
Missing character: There is no y ("79) in font nullfont!
Missing character: There is no a ("61) in font nullfont!
Missing character: There is no n ("6E) in font nullfont!
Missing character: There is no g ("67) in font nullfont!
Missing character: There is no 2 ("32) in font nullfont!
Missing character: There is no 0 ("30) in font nullfont!
Missing character: There is no 2 ("32) in font nullfont!
Missing character: There is no 5 ("35) in font nullfont!
Missing character: There is no e ("65) in font nullfont!
Missing character: There is no g ("67) in font nullfont!
Missing character: There is no o ("6F) in font nullfont!
Missing character: There is no v ("76) in font nullfont!
Missing character: There is no l ("6C) in font nullfont!
Missing character: There is no a ("61) in font nullfont!
Missing character: There is no y ("79) in font nullfont!
Missing character: There is no a ("61) in font nullfont!
Missing character: There is no n ("6E) in font nullfont!
Missing character: There is no g ("67) in font nullfont!
Missing character: There is no 2 ("32) in font nullfont!
Missing character: There is no 0 ("30) in font nullfont!
Missing character: There is no 2 ("32) in font nullfont!
Missing character: There is no 5 ("35) in font nullfont!
Missing character: There is no e ("65) in font nullfont!
Missing character: There is no g ("67) in font nullfont!
Missing character: There is no o ("6F) in font nullfont!
Missing character: There is no v ("76) in font nullfont!
Missing character: There is no l ("6C) in font nullfont!
Missing character: There is no a ("61) in font nullfont!
Missing character: There is no ; ("3B) in font nullfont!

! Package tikz Error: A node must have a (possibly empty) label text.

See the tikz package documentation for explanation.
Type  H <return>  for immediate help.
 ...                                              
                                                  
l.1327 ...相关的动作语义。因此，我们将这种流行的基于潜在动作的桥接分为两类：来自视觉重建}
                                                  的\textit{潜在动作，它仅通过重建未来的视觉观...
(That was another \errmessage.)


! Package tikz Error: Giving up on this path. Did you forget a semicolon?.

See the tikz package documentation for explanation.
Type  H <return>  for immediate help.
 ...                                              
                                                  
l.1327 ...相关的动作语义。因此，我们将这种流行的基于潜在动作的桥接分为两类：来自视觉重建}
                                                  的\textit{潜在动作，它仅通过重建未来的视觉观...
(That was another \errmessage.)

Missing character: There is no ( ("28) in font nullfont!
Missing character: There is no 1 ("31) in font nullfont!
Missing character: There is no 8 ("38) in font nullfont!
Missing character: There is no . ("2E) in font nullfont!
Missing character: There is no 0 ("30) in font nullfont!
Missing character: There is no 0 ("30) in font nullfont!
Missing character: There is no , ("2C) in font nullfont!
Missing character: There is no - ("2D) in font nullfont!
Missing character: There is no 6 ("36) in font nullfont!
Missing character: There is no . ("2E) in font nullfont!
Missing character: There is no 5 ("35) in font nullfont!
Missing character: There is no 3 ("33) in font nullfont!
Missing character: There is no ) ("29) in font nullfont!
Missing character: There is no l ("6C) in font nullfont!
Missing character: There is no u ("75) in font nullfont!
Missing character: There is no o ("6F) in font nullfont!
Missing character: There is no 2 ("32) in font nullfont!
Missing character: There is no 0 ("30) in font nullfont!
Missing character: There is no 2 ("32) in font nullfont!
Missing character: There is no 5 ("35) in font nullfont!
Missing character: There is no b ("62) in font nullfont!
Missing character: There is no e ("65) in font nullfont!
Missing character: There is no i ("69) in font nullfont!
Missing character: There is no n ("6E) in font nullfont!
Missing character: There is no g ("67) in font nullfont!
Missing character: There is no l ("6C) in font nullfont!
Missing character: There is no u ("75) in font nullfont!
Missing character: There is no o ("6F) in font nullfont!
Missing character: There is no 2 ("32) in font nullfont!
Missing character: There is no 0 ("30) in font nullfont!
Missing character: There is no 2 ("32) in font nullfont!
Missing character: There is no 5 ("35) in font nullfont!
Missing character: There is no b ("62) in font nullfont!
Missing character: There is no e ("65) in font nullfont!
Missing character: There is no i ("69) in font nullfont!
Missing character: There is no n ("6E) in font nullfont!
Missing character: There is no g ("67) in font nullfont!
Missing character: There is no ; ("3B) in font nullfont!

! Package tikz Error: A node must have a (possibly empty) label text.

See the tikz package documentation for explanation.
Type  H <return>  for immediate help.
 ...                                              
                                                  
l.1327 ...相关的动作语义。因此，我们将这种流行的基于潜在动作的桥接分为两类：来自视觉重建}
                                                  的\textit{潜在动作，它仅通过重建未来的视觉观...
(That was another \errmessage.)


! Package tikz Error: Giving up on this path. Did you forget a semicolon?.

See the tikz package documentation for explanation.
Type  H <return>  for immediate help.
 ...                                              
                                                  
l.1327 ...相关的动作语义。因此，我们将这种流行的基于潜在动作的桥接分为两类：来自视觉重建}
                                                  的\textit{潜在动作，它仅通过重建未来的视觉观...
(That was another \errmessage.)

Missing character: There is no ( ("28) in font nullfont!
Missing character: There is no 1 ("31) in font nullfont!
Missing character: There is no 7 ("37) in font nullfont!
Missing character: There is no . ("2E) in font nullfont!
Missing character: There is no 1 ("31) in font nullfont!
Missing character: There is no 0 ("30) in font nullfont!
Missing character: There is no , ("2C) in font nullfont!
Missing character: There is no - ("2D) in font nullfont!
Missing character: There is no 1 ("31) in font nullfont!
Missing character: There is no 0 ("30) in font nullfont!
Missing character: There is no . ("2E) in font nullfont!
Missing character: There is no 2 ("32) in font nullfont!
Missing character: There is no 6 ("36) in font nullfont!
Missing character: There is no 9 ("39) in font nullfont!
Missing character: There is no 9 ("39) in font nullfont!
Missing character: There is no 9 ("39) in font nullfont!
Missing character: There is no ) ("29) in font nullfont!
Missing character: There is no l ("6C) in font nullfont!
Missing character: There is no i ("69) in font nullfont!
Missing character: There is no 2 ("32) in font nullfont!
Missing character: There is no 0 ("30) in font nullfont!
Missing character: There is no 2 ("32) in font nullfont!
Missing character: There is no 5 ("35) in font nullfont!
Missing character: There is no s ("73) in font nullfont!
Missing character: There is no c ("63) in font nullfont!
Missing character: There is no a ("61) in font nullfont!
Missing character: There is no l ("6C) in font nullfont!
Missing character: There is no a ("61) in font nullfont!
Missing character: There is no b ("62) in font nullfont!
Missing character: There is no l ("6C) in font nullfont!
Missing character: There is no e ("65) in font nullfont!
Missing character: There is no l ("6C) in font nullfont!
Missing character: There is no i ("69) in font nullfont!
Missing character: There is no 2 ("32) in font nullfont!
Missing character: There is no 0 ("30) in font nullfont!
Missing character: There is no 2 ("32) in font nullfont!
Missing character: There is no 5 ("35) in font nullfont!
Missing character: There is no s ("73) in font nullfont!
Missing character: There is no c ("63) in font nullfont!
Missing character: There is no a ("61) in font nullfont!
Missing character: There is no l ("6C) in font nullfont!
Missing character: There is no a ("61) in font nullfont!
Missing character: There is no b ("62) in font nullfont!
Missing character: There is no l ("6C) in font nullfont!
Missing character: There is no e ("65) in font nullfont!
Missing character: There is no ; ("3B) in font nullfont!

! Package tikz Error: A node must have a (possibly empty) label text.

See the tikz package documentation for explanation.
Type  H <return>  for immediate help.
 ...                                              
                                                  
l.1327 ...相关的动作语义。因此，我们将这种流行的基于潜在动作的桥接分为两类：来自视觉重建}
                                                  的\textit{潜在动作，它仅通过重建未来的视觉观...
(That was another \errmessage.)


! Package tikz Error: Giving up on this path. Did you forget a semicolon?.

See the tikz package documentation for explanation.
Type  H <return>  for immediate help.
 ...                                              
                                                  
l.1327 ...相关的动作语义。因此，我们将这种流行的基于潜在动作的桥接分为两类：来自视觉重建}
                                                  的\textit{潜在动作，它仅通过重建未来的视觉观...
(That was another \errmessage.)

Missing character: There is no ( ("28) in font nullfont!
Missing character: There is no 1 ("31) in font nullfont!
Missing character: There is no 6 ("36) in font nullfont!
Missing character: There is no . ("2E) in font nullfont!
Missing character: There is no 2 ("32) in font nullfont!
Missing character: There is no 0 ("30) in font nullfont!
Missing character: There is no , ("2C) in font nullfont!
Missing character: There is no - ("2D) in font nullfont!
Missing character: There is no 5 ("35) in font nullfont!
Missing character: There is no . ("2E) in font nullfont!
Missing character: There is no 2 ("32) in font nullfont!
Missing character: There is no 3 ("33) in font nullfont!
Missing character: There is no 0 ("30) in font nullfont!
Missing character: There is no 0 ("30) in font nullfont!
Missing character: There is no 1 ("31) in font nullfont!
Missing character: There is no ) ("29) in font nullfont!
Missing character: There is no c ("63) in font nullfont!
Missing character: There is no a ("61) in font nullfont!
Missing character: There is no i ("69) in font nullfont!
Missing character: There is no 2 ("32) in font nullfont!
Missing character: There is no 0 ("30) in font nullfont!
Missing character: There is no 2 ("32) in font nullfont!
Missing character: There is no 5 ("35) in font nullfont!
Missing character: There is no n ("6E) in font nullfont!
Missing character: There is no c ("63) in font nullfont!
Missing character: There is no a ("61) in font nullfont!
Missing character: There is no i ("69) in font nullfont!
Missing character: There is no 2 ("32) in font nullfont!
Missing character: There is no 0 ("30) in font nullfont!
Missing character: There is no 2 ("32) in font nullfont!
Missing character: There is no 5 ("35) in font nullfont!
Missing character: There is no n ("6E) in font nullfont!
Missing character: There is no ; ("3B) in font nullfont!

! Package tikz Error: A node must have a (possibly empty) label text.

See the tikz package documentation for explanation.
Type  H <return>  for immediate help.
 ...                                              
                                                  
l.1327 ...相关的动作语义。因此，我们将这种流行的基于潜在动作的桥接分为两类：来自视觉重建}
                                                  的\textit{潜在动作，它仅通过重建未来的视觉观...
(That was another \errmessage.)


! Package tikz Error: Giving up on this path. Did you forget a semicolon?.

See the tikz package documentation for explanation.
Type  H <return>  for immediate help.
 ...                                              
                                                  
l.1327 ...相关的动作语义。因此，我们将这种流行的基于潜在动作的桥接分为两类：来自视觉重建}
                                                  的\textit{潜在动作，它仅通过重建未来的视觉观...
(That was another \errmessage.)

Missing character: There is no ( ("28) in font nullfont!
Missing character: There is no 1 ("31) in font nullfont!
Missing character: There is no 5 ("35) in font nullfont!
Missing character: There is no . ("2E) in font nullfont!
Missing character: There is no 3 ("33) in font nullfont!
Missing character: There is no 0 ("30) in font nullfont!
Missing character: There is no , ("2C) in font nullfont!
Missing character: There is no - ("2D) in font nullfont!
Missing character: There is no 1 ("31) in font nullfont!
Missing character: There is no 1 ("31) in font nullfont!
Missing character: There is no . ("2E) in font nullfont!
Missing character: There is no 5 ("35) in font nullfont!
Missing character: There is no 6 ("36) in font nullfont!
Missing character: There is no 9 ("39) in font nullfont!
Missing character: There is no 9 ("39) in font nullfont!
Missing character: There is no 9 ("39) in font nullfont!
Missing character: There is no ) ("29) in font nullfont!
Missing character: There is no f ("66) in font nullfont!
Missing character: There is no e ("65) in font nullfont!
Missing character: There is no n ("6E) in font nullfont!
Missing character: There is no g ("67) in font nullfont!
Missing character: There is no 2 ("32) in font nullfont!
Missing character: There is no 0 ("30) in font nullfont!
Missing character: There is no 2 ("32) in font nullfont!
Missing character: There is no 5 ("35) in font nullfont!
Missing character: There is no s ("73) in font nullfont!
Missing character: There is no p ("70) in font nullfont!
Missing character: There is no a ("61) in font nullfont!
Missing character: There is no t ("74) in font nullfont!
Missing character: There is no i ("69) in font nullfont!
Missing character: There is no a ("61) in font nullfont!
Missing character: There is no l ("6C) in font nullfont!
Missing character: There is no f ("66) in font nullfont!
Missing character: There is no e ("65) in font nullfont!
Missing character: There is no n ("6E) in font nullfont!
Missing character: There is no g ("67) in font nullfont!
Missing character: There is no 2 ("32) in font nullfont!
Missing character: There is no 0 ("30) in font nullfont!
Missing character: There is no 2 ("32) in font nullfont!
Missing character: There is no 5 ("35) in font nullfont!
Missing character: There is no s ("73) in font nullfont!
Missing character: There is no p ("70) in font nullfont!
Missing character: There is no a ("61) in font nullfont!
Missing character: There is no t ("74) in font nullfont!
Missing character: There is no i ("69) in font nullfont!
Missing character: There is no a ("61) in font nullfont!
Missing character: There is no l ("6C) in font nullfont!
Missing character: There is no ; ("3B) in font nullfont!

! Package tikz Error: A node must have a (possibly empty) label text.

See the tikz package documentation for explanation.
Type  H <return>  for immediate help.
 ...                                              
                                                  
l.1327 ...相关的动作语义。因此，我们将这种流行的基于潜在动作的桥接分为两类：来自视觉重建}
                                                  的\textit{潜在动作，它仅通过重建未来的视觉观...
(That was another \errmessage.)


! Package tikz Error: Giving up on this path. Did you forget a semicolon?.

See the tikz package documentation for explanation.
Type  H <return>  for immediate help.
 ...                                              
                                                  
l.1327 ...相关的动作语义。因此，我们将这种流行的基于潜在动作的桥接分为两类：来自视觉重建}
                                                  的\textit{潜在动作，它仅通过重建未来的视觉观...
(That was another \errmessage.)

Missing character: There is no ( ("28) in font nullfont!
Missing character: There is no 1 ("31) in font nullfont!
Missing character: There is no 4 ("34) in font nullfont!
Missing character: There is no . ("2E) in font nullfont!
Missing character: There is no 4 ("34) in font nullfont!
Missing character: There is no 0 ("30) in font nullfont!
Missing character: There is no , ("2C) in font nullfont!
Missing character: There is no - ("2D) in font nullfont!
Missing character: There is no 3 ("33) in font nullfont!
Missing character: There is no . ("2E) in font nullfont!
Missing character: There is no 9 ("39) in font nullfont!
Missing character: There is no 3 ("33) in font nullfont!
Missing character: There is no 0 ("30) in font nullfont!
Missing character: There is no 0 ("30) in font nullfont!
Missing character: There is no 1 ("31) in font nullfont!
Missing character: There is no ) ("29) in font nullfont!
Missing character: There is no k ("6B) in font nullfont!
Missing character: There is no a ("61) in font nullfont!
Missing character: There is no r ("72) in font nullfont!
Missing character: There is no e ("65) in font nullfont!
Missing character: There is no e ("65) in font nullfont!
Missing character: There is no r ("72) in font nullfont!
Missing character: There is no 2 ("32) in font nullfont!
Missing character: There is no 0 ("30) in font nullfont!
Missing character: There is no 2 ("32) in font nullfont!
Missing character: There is no 5 ("35) in font nullfont!
Missing character: There is no e ("65) in font nullfont!
Missing character: There is no g ("67) in font nullfont!
Missing character: There is no o ("6F) in font nullfont!
Missing character: There is no m ("6D) in font nullfont!
Missing character: There is no i ("69) in font nullfont!
Missing character: There is no m ("6D) in font nullfont!
Missing character: There is no i ("69) in font nullfont!
Missing character: There is no c ("63) in font nullfont!
Missing character: There is no k ("6B) in font nullfont!
Missing character: There is no a ("61) in font nullfont!
Missing character: There is no r ("72) in font nullfont!
Missing character: There is no e ("65) in font nullfont!
Missing character: There is no e ("65) in font nullfont!
Missing character: There is no r ("72) in font nullfont!
Missing character: There is no 2 ("32) in font nullfont!
Missing character: There is no 0 ("30) in font nullfont!
Missing character: There is no 2 ("32) in font nullfont!
Missing character: There is no 5 ("35) in font nullfont!
Missing character: There is no e ("65) in font nullfont!
Missing character: There is no g ("67) in font nullfont!
Missing character: There is no o ("6F) in font nullfont!
Missing character: There is no m ("6D) in font nullfont!
Missing character: There is no i ("69) in font nullfont!
Missing character: There is no m ("6D) in font nullfont!
Missing character: There is no i ("69) in font nullfont!
Missing character: There is no c ("63) in font nullfont!
Missing character: There is no ; ("3B) in font nullfont!

! Package tikz Error: A node must have a (possibly empty) label text.

See the tikz package documentation for explanation.
Type  H <return>  for immediate help.
 ...                                              
                                                  
l.1327 ...相关的动作语义。因此，我们将这种流行的基于潜在动作的桥接分为两类：来自视觉重建}
                                                  的\textit{潜在动作，它仅通过重建未来的视觉观...
(That was another \errmessage.)


! Package tikz Error: Giving up on this path. Did you forget a semicolon?.

See the tikz package documentation for explanation.
Type  H <return>  for immediate help.
 ...                                              
                                                  
l.1327 ...相关的动作语义。因此，我们将这种流行的基于潜在动作的桥接分为两类：来自视觉重建}
                                                  的\textit{潜在动作，它仅通过重建未来的视觉观...
(That was another \errmessage.)

Missing character: There is no ( ("28) in font nullfont!
Missing character: There is no 1 ("31) in font nullfont!
Missing character: There is no 3 ("33) in font nullfont!
Missing character: There is no . ("2E) in font nullfont!
Missing character: There is no 5 ("35) in font nullfont!
Missing character: There is no 0 ("30) in font nullfont!
Missing character: There is no , ("2C) in font nullfont!
Missing character: There is no - ("2D) in font nullfont!
Missing character: There is no 1 ("31) in font nullfont!
Missing character: There is no 2 ("32) in font nullfont!
Missing character: There is no . ("2E) in font nullfont!
Missing character: There is no 8 ("38) in font nullfont!
Missing character: There is no 7 ("37) in font nullfont!
Missing character: There is no ) ("29) in font nullfont!
Missing character: There is no q ("71) in font nullfont!
Missing character: There is no i ("69) in font nullfont!
Missing character: There is no u ("75) in font nullfont!
Missing character: There is no 2 ("32) in font nullfont!
Missing character: There is no 0 ("30) in font nullfont!
Missing character: There is no 2 ("32) in font nullfont!
Missing character: There is no 5 ("35) in font nullfont!
Missing character: There is no h ("68) in font nullfont!
Missing character: There is no u ("75) in font nullfont!
Missing character: There is no m ("6D) in font nullfont!
Missing character: There is no a ("61) in font nullfont!
Missing character: There is no n ("6E) in font nullfont!
Missing character: There is no o ("6F) in font nullfont!
Missing character: There is no i ("69) in font nullfont!
Missing character: There is no d ("64) in font nullfont!
Missing character: There is no q ("71) in font nullfont!
Missing character: There is no i ("69) in font nullfont!
Missing character: There is no u ("75) in font nullfont!
Missing character: There is no 2 ("32) in font nullfont!
Missing character: There is no 0 ("30) in font nullfont!
Missing character: There is no 2 ("32) in font nullfont!
Missing character: There is no 5 ("35) in font nullfont!
Missing character: There is no h ("68) in font nullfont!
Missing character: There is no u ("75) in font nullfont!
Missing character: There is no m ("6D) in font nullfont!
Missing character: There is no a ("61) in font nullfont!
Missing character: There is no n ("6E) in font nullfont!
Missing character: There is no o ("6F) in font nullfont!
Missing character: There is no i ("69) in font nullfont!
Missing character: There is no d ("64) in font nullfont!
Missing character: There is no ; ("3B) in font nullfont!

! Package tikz Error: A node must have a (possibly empty) label text.

See the tikz package documentation for explanation.
Type  H <return>  for immediate help.
 ...                                              
                                                  
l.1327 ...相关的动作语义。因此，我们将这种流行的基于潜在动作的桥接分为两类：来自视觉重建}
                                                  的\textit{潜在动作，它仅通过重建未来的视觉观...
(That was another \errmessage.)


! Package tikz Error: Giving up on this path. Did you forget a semicolon?.

See the tikz package documentation for explanation.
Type  H <return>  for immediate help.
 ...                                              
                                                  
l.1327 ...相关的动作语义。因此，我们将这种流行的基于潜在动作的桥接分为两类：来自视觉重建}
                                                  的\textit{潜在动作，它仅通过重建未来的视觉观...
(That was another \errmessage.)

Missing character: There is no ( ("28) in font nullfont!
Missing character: There is no 1 ("31) in font nullfont!
Missing character: There is no 2 ("32) in font nullfont!
Missing character: There is no . ("2E) in font nullfont!
Missing character: There is no 6 ("36) in font nullfont!
Missing character: There is no 0 ("30) in font nullfont!
Missing character: There is no , ("2C) in font nullfont!
Missing character: There is no - ("2D) in font nullfont!
Missing character: There is no 6 ("36) in font nullfont!
Missing character: There is no . ("2E) in font nullfont!
Missing character: There is no 5 ("35) in font nullfont!
Missing character: There is no 3 ("33) in font nullfont!
Missing character: There is no ) ("29) in font nullfont!
Missing character: There is no y ("79) in font nullfont!
Missing character: There is no u ("75) in font nullfont!
Missing character: There is no a ("61) in font nullfont!
Missing character: There is no n ("6E) in font nullfont!
Missing character: There is no 2 ("32) in font nullfont!
Missing character: There is no 0 ("30) in font nullfont!
Missing character: There is no 2 ("32) in font nullfont!
Missing character: There is no 5 ("35) in font nullfont!
Missing character: There is no m ("6D) in font nullfont!
Missing character: There is no o ("6F) in font nullfont!
Missing character: There is no t ("74) in font nullfont!
Missing character: There is no i ("69) in font nullfont!
Missing character: There is no o ("6F) in font nullfont!
Missing character: There is no n ("6E) in font nullfont!
Missing character: There is no t ("74) in font nullfont!
Missing character: There is no r ("72) in font nullfont!
Missing character: There is no a ("61) in font nullfont!
Missing character: There is no n ("6E) in font nullfont!
Missing character: There is no s ("73) in font nullfont!
Missing character: There is no y ("79) in font nullfont!
Missing character: There is no u ("75) in font nullfont!
Missing character: There is no a ("61) in font nullfont!
Missing character: There is no n ("6E) in font nullfont!
Missing character: There is no 2 ("32) in font nullfont!
Missing character: There is no 0 ("30) in font nullfont!
Missing character: There is no 2 ("32) in font nullfont!
Missing character: There is no 5 ("35) in font nullfont!
Missing character: There is no m ("6D) in font nullfont!
Missing character: There is no o ("6F) in font nullfont!
Missing character: There is no t ("74) in font nullfont!
Missing character: There is no i ("69) in font nullfont!
Missing character: There is no o ("6F) in font nullfont!
Missing character: There is no n ("6E) in font nullfont!
Missing character: There is no t ("74) in font nullfont!
Missing character: There is no r ("72) in font nullfont!
Missing character: There is no a ("61) in font nullfont!
Missing character: There is no n ("6E) in font nullfont!
Missing character: There is no s ("73) in font nullfont!
Missing character: There is no ; ("3B) in font nullfont!

! Package tikz Error: A node must have a (possibly empty) label text.

See the tikz package documentation for explanation.
Type  H <return>  for immediate help.
 ...                                              
                                                  
l.1327 ...相关的动作语义。因此，我们将这种流行的基于潜在动作的桥接分为两类：来自视觉重建}
                                                  的\textit{潜在动作，它仅通过重建未来的视觉观...
(That was another \errmessage.)


! Package tikz Error: Giving up on this path. Did you forget a semicolon?.

See the tikz package documentation for explanation.
Type  H <return>  for immediate help.
 ...                                              
                                                  
l.1327 ...相关的动作语义。因此，我们将这种流行的基于潜在动作的桥接分为两类：来自视觉重建}
                                                  的\textit{潜在动作，它仅通过重建未来的视觉观...
(That makes 100 errors; please try again.) 
Here is how much of TeX's memory you used:
 28331 strings out of 468173
 634255 string characters out of 5435521
 1189924 words of memory out of 5000000
 56588 multiletter control sequences out of 15000+600000
 634417 words of font info for 101 fonts, out of 8000000 for 9000
 1348 hyphenation exceptions out of 8191
 107i,12n,126p,6750b,1090s stack positions out of 10000i,1000n,20000p,200000b,200000s

Output written on Robot Learning from Human Videos_中文翻译.pdf (17 pages).
